row,label,narrative
9840,Bank account or service,My Apple Cash account was locked and they are refusing to give me access to the remaining {$170.00} this is absolutely criminal! I demand the immediate reinstatement of my account so I can transfer my money out.
9841,Consumer loan,"I have a parent loan I got for my Daughter to go to XXXX which is now closed and I feel XXXX should pay all the loans off for anyone that got a loan for that so called school. 
 But I can not afford the payments that I have for the loans no matter that they think I can I need to at least lower my payments"
9842,Bank account or service,"I submitted a request to update my primary address to XXXX XXXX XXXX XXXX, XXXX, XXXX XXXX and asked that all other addresses be removed. The company has not updated my file as requested and continues to show other addresses that are incorrect or unauthorized."
9843,Credit reporting,"The first and most critical issue is that TransUnions Payment History for the account XXXX XXXX XXXX XXXX XXXX XXXXXXXX XXXX XXXX is inconsistent with both Experian and Equifax. The months reported as 30 days late, 60 days late, 90 days late, and charged-off do not match between the bureaus. These inconsistencies prove that credit bureau is reporting inaccurate or incomplete payment history data. 
 In addition, the Date Opened is reported as XX/XX/XXXX, yet the Payment History does not begin until XX/XX/XXXX. TransUnion reports a Date of Last Payment as XX/XX/XXXX, but the Payment Received amount is listed as {$0.00}, and this date does not match what is shown in TransUnions own Payment History. The Date Closed is listed as XX/XX/XXXX, yet the Payment History does not show the account as closed that month. TransUnion reports a Charge Off in XX/XX/XXXX, but the Balance and Past Due amounts for that month are missing. From XX/XX/XXXX to XX/XX/XXXX, the account is reported as Current or Paid as agreed, yet the Balance, Amount Paid, and Scheduled Payment fields are blank. The Date of First Delinquency is missing entirely. The Payment History Remarks show PRL Paid profit and loss in XX/XX/XXXX, XX/XX/XXXX, and XX/XX/XXXX even though the account is reported as Current. 
 The attached dispute letter I sent directly to TransUnion contains full details and evidence and is attached to this CFPB complaint for your reference."
9844,Credit reporting,"I've sent a payment check to the company back at XXXX and they cleared it only this week, reporting late 120 on my credit report, closing my XXXX XXXX XXXXnd causing my damages to my credit and losing my mortgage!"
9845,Mortgage,"In XXXX my husband and I purchased a XXXX mortgage for the amount of {$50000.00}. At some point GMAC mortgage notified us that they has purchased our loan. They sent statements and we paid. When I became ill I spoke to them and they reduced our interest rate to XXXX. GMAC mortgage filed bankruptcy in XXXX of XXXX. 
 
 We had our first experience with Ocwen when we received a certified letter threating foreclosure. I called and gave them the account # and they could not find an account for us. I called back a few weeks later and was told again they were going to foreclose on our home. We were never told they had bought our mortgage. 
 
 We were very behind and I was sick. We made payments. The statement also shows our principal balance of XXXX was XXXX. With a XXXX interest rate. That was the last statement I got from them after to class action law suit. When we checked our credit report it showed written off to chapter XXXX bankruptcy which we assumed the lien would be lifted as per the law. 
 
 In XXXX on this year we tried to refinance our home with XXXX XXXX and everything was going great until a lien showed up on our home for {$46000.00}. {$4000.00} less than we took the loan out in XXXX. They also sent this letter stating we needed to contact them after XXXX got in touch with them. They do not understand why it is written off to bankruptcy and there is still a lien and neither do my husband and I. His credit score has dropped from XXXX when we started with XXXX down to XXXX."
9846,Money transfer or service,"I am filing a complaint against Cash App ( Block , Inc. ) due to inadequate customer service and unfair practices, which violate the Consumer Financial Protection Act ( CFPA ). Specifically, Cash App failed to take timely and effective measures to prevent and address fraud on their platform, leaving my account vulnerable and unprotected. Furthermore, their dispute resolution process was unfair and deceptive, as they did not comply with error resolution requirements under the Electronic Fund Transfer Act ( EFTA ) and Regulation E. These actions have caused significant inconvenience and financial loss, and I seek redress for these violations."
9847,Credit reporting,"I am writing to formally dispute inaccuracies I have identified on my credit report concerning the payment history for two of my creditors, XXXX and XXXX. 
 
 XXXX - XXXX XXXX XXXX : The credit report inaccurately states that my account was 30 days past due in XX/XX/XXXX and XX/XX/XXXX. Additionally, there is an inconsistency regarding the agreed monthly payment amount. My agreement specifies a monthly payment of {$63.00} ; however, the XXXX statements incorrectly reflect a monthly payment of {$84.00}. After a thorough review of my past statements and a phone confirmation with XXXX, I have verified that I have never been 30 days past due on any payment, and the correct monthly payment amount is indeed {$63.00}, contrary to what the billing statements indicate. 
 
 XXXX XXXX : My account is incorrectly reported as being 30 days past due in XX/XX/XXXX. I have confirmed through both a phone call and a review of my past statements that I have never been 30 days past due on a payment. 
 
 I request that these inaccuracies be investigated and corrected promptly."
9848,Credit reporting,I am refiling this complaint due to the resolution of the previous complaint filed. Again the account is appearing to have a late payment even if I was not late. XXXX XXXXXXXX I demand you to update this on my report cause it's clearly a violation of my rights.
9849,Debt collection,"I recently submitted a complaint and only work done was 'spoke to client ', Closed. 
 Do I get to see response? Did company respond to length of time they're taking to just increase the amounts I'll owe? Did company respond to # of requests that are not 'updating ' but confusion over who has received what? Did company respond to why this process is in its 9th month? COMPLAINT # XXXX"
9850,Consumer loan,"I entered into an arrangement with Fifth Third Bank to make split XXXX XXXX in order to pay down my loan faster and stay paid ahead. Before beginning this payment method, I confirmed with customer service that XXXX payments were acceptable and would be applied properly. For years, I received statements showing a XXXX balance due, confirming that my account was paid ahead. In XXXX, due to medical issues, I again contacted customer service to verify that my account was still ahead. I was told it was. I continued making payments including extra payments with the understanding that I remained ahead. In XX/XX/XXXX, during my husbands transplant, I noticed that all payments were suddenly being applied only to interest, even though I had been paid ahead. This was the first indication that something was wrong with how my payments were being applied. I repeatedly requested a full review of my payment history to ensure payments were applied correctly. Fifth Third Bank refused to review prior months and would not correct misapplied payments. Instead, they informed me that I was behind on interest, without providing any explanation of : how I could be behind when I had been paid ahead, how interest was calculated, how payments were being allocated, or why biweekly and additional payments were not applied to principal as previously confirmed. Additionally, I attempted to apply for medical hardship assistance, which is listed on Fifth Thirds own website. I was told that medical hardship was not available, despite the published information indicating otherwise. Despite multiple attempts to resolve the issue, Fifth Third Bank has not provided transparency, has refused to correct payment application errors, and has not supplied a clear accounting of principal versus interest. This has caused financial harm and significant stress during an already difficult medical period for my family."
9851,Bank account or service,Infiniti Financial Services took {$410.00} ( recurring payment ) out of of my account after my car had been paid off. This was on XX/XX/2021. They then said it would be returned 21 days later. It still hasn't been returned to me.
9852,Credit reporting,"On XX/XX/year>, I was involved in a motor vehicle accident that resulted in a total loss of my vehicle. On XX/XX/year>, I contacted Nissan Motor Acceptance Company ( NMAC ) to notify them that the vehicle had been declared a total loss. I also informed them that my insurance company had submitted all required documentation through the agreed-upon portal. 
 For the past XXXX days, NMAC has repeatedly claimed they have not received any of the paperwork, despite the insurance company confirming submission. Instead of investigating the issue or escalating the matter to the proper department, NMAC representatives have insisted that I must continue making payments. I was told the account is past due, that it is being reported to the credit bureaus, and that insurance would not be paying the claim.
 
 During multiple calls, Nissan representatives were rude, dismissive, and provided contradictory information. On XXXX call I attempted to speak with the insurance department, only to be told that the person I was speaking with was the insurance department yet they again refused to review or acknowledge the submitted documents. Each time I call, I receive a different explanation, and no one takes responsibility for reviewing or processing the total loss claim. 
 I have maintained this account for over XXXX years, which includes XXXX payments, and have consistently made my payments on time. I am now being penalized and threatened with negative credit reporting for a situation that has already been appropriately handled by my insurance company. NMACs refusal to locate, review, or acknowledge the submitted paperwork has caused unnecessary hardship, stress, and financial confusion."
9853,Consumer loan,"I have been deferring my payments with forbearance for a couple of years now. I haven't been able to afford the payments asked of me by Navient and STILL can't. 
 
 When I tried to extend the forbearance in XXXX they told me I wasn't able to anymore. 
 When I told them I can't afford the payment they're asking of me which is {$580.00} a month they told me they would give me a one-time "" courtesy '' deferment which they then dinged me on my credit report for. 
 
 I applied for income driven repayment plan through XXXX as advised by Navient and on XX/XX/XXXX I received a response saying my payments have been lowered {$440.00} a month beginning on XX/XX/XXXX. 
 
 I STILL CAN NOT AFFORD THIS. 
 
 Navient refuses to work with me to get me to a more affordable repayment plan. They're only considering my income and not my monthly expenses including rent, car payment, medical bills, credit card debt and living expenses. 
 
 I am at a loss at what to do here. I can't afford this and the company has no sympathy in working with me to come to a solution I can afford."
9854,Money transfer or service,On XX/XX/2020 at approximately XXXX I attempted to instantly transfer funds to my debit card account through Venmo. I was not allowed but forced to used an alternative slower service. When I called the information line I was informed that this happens when the bank does not participate or Venmo considers personal risk. I confirmed that my bank XXXX does participate and my credit score is the decision for denial of services. I received no disclosure of this under the fair credit reporting act. Since this seems to be an instremely frequent problem ( there is an automoated phone message stating that risk issue XXXX the government should be interested as this may affect thousands of consumers. No effort or remedy was made by Venmo was made to disclose this to me
9855,Money transfer or service,"I am filing a complaint against Cash App ( Block , Inc. ) due to inadequate customer service and unfair practices, which violate Customer Financial Protection Act ( CFPA ). Specifically, Cash App failed to take timely and effective measures to prevent and address fraud on their platform, leaving my account vulnerable and unprotected. Furthermore, their dispute and resolution process was unfair and deceptive, as they did not comply with error resolution requirements under the Electronic Fund Transfer Act ( EFTA ) and Regulations E. These actions have caused significant inconvenience and financial loss, and I seek appropriate redress for these violations."
9856,Credit card,"XXXX is the previous complaint. The claim closed, but the issues still remain. 
 
 The pay in 4 card still reflects negatively on my PayPal account, and automatic payment attempts were made from my checking account at XXXX XXXX XXXX XXXX XXXX. This resulted in additional overdraft fees. 
 
 My Paypal account shows past due for this master card. The past due status does not allow me to use any of the credit, payment plan or pay in 4 options."
9857,Money transfer or service,"The cashier at a pay o matic at XXXX XXXX XXXX XXXX XXXX said I was blocked from picking up a XXXX XXXX transaction. I asked why and said that someone put a block on my name and we couldn't serve me. I asked what kind of block, and she said the person who blocked you didn't put any information in on who's blocking you. This money is social security for housing and medicine. This was done intentionally because of a connection to a federal case in XXXX XXXX. I said when XXXX XXXX XXXX XXXX suspended my debit card usage, it was one card. The letter sent to you stated one card, but they suspended all my cards, and according to banking regulations, it should've been the one where the suspected fraud was. You're allowing my safety to be put at risk because I'm being smeared by an illegal flyer put out by an XXXX XXXX XXXX XXXXXXXX and she's being assisted in covering wrongdoings by XXXX XXXX. Because of my knowledge of the thefts of the pensions thousands of XXXX XXXX This main person behind is a former XXXX commissnor XXXX XXXX XXXX XXXX XXXX XXXX XXXXXXXX. But pay o matic is refusing to pay and I have several recent XXXX XXXX I've as recent as last month. But this is personal they know I live in a hotel and want to force me out so they can target me."
9858,Credit reporting,"I found XXXX XXXXXXXX XXXX on my XXXX XXXX report. I do not recognize this company or ever having done business with them. Under Fair Debt Collection Practices Act, 15 U.S.C. Section 805., you are hereby notified to CEASE AND DESIST all further communication with me in regard to the referenced debt. Failure to abide by this law will result in a complaint being filed against you with the Federal Trade Commission, the Attorney General of both your state and mine, and also your own company management. I also the right to file suit against you for any future violations of this law. I will record any and all phone calls if you fail to comply with this CEASE AND DESIST."
9859,Credit reporting,"XX/XX/XXXX Attention : XXXX Name : XXXX XXXX Address : XXXX XXXX XXXX XXXX XXXX XXXX, fl XXXX Social Security : XXXX D.O.B XX/XX/XXXX Email : XXXX XXXX XXXX : I would like all of my unauthorized derogatory remarks removed. Many of these accounts fall under the statute of limitations or are misreporting on my credit report. 
 Please apply these laws to my accounts : The Fair Debt Collection Practices Act Law 111-203, title X, 124 Stat. 2092 ( 2010 ) FairCredit Reporting Act ( FCRA ) 15 U.S.C 1681 ( "" FCRA '' ) Account name : XXXX XXXX XXXX Account Number : XXXXXX Date file : XXXX XXXX XXXX XXXX XXXX XXXX XXXX, WA XXXX Reason : THIS IS INACCURATE"
9860,Credit card,"I'm trying to pay my Apple Credit Card ( issued by Goldman Sachs ) with my Apple XXXX account ( held by Goldman Sachs ). 
 
 Payments from Apple XXXX to Apple Credit card consistently fail the following day. Neither Apple Card support nor Apple Credit support teams are able to help. I've opened 4 separate support calls/chats and each time I'm either told to "" try again '' or "" it's a known issue ''."
9861,Money transfer or service,"I used td bank to transfer a bank transfer to XXXX XXXX on XX/XX/2019. The amount was {$1000.00}. Due to an account problem during the transfer process that needed to be verified, the transfer was suspended by the bank. I immediately called to cancel it. The online service staff clearly told me that there would be no automatic transfer, but when I checked my bank records on XX/XX/XXXX, the transfer was transferred out of my bank account without my authorization and notification. I am very disappointed about this. Due to the irresponsible operation of the bank staff, I contacted the bank many times to solve the problem and got the money back. There was no response until now I found the cfpb department to complain about this matter. I hope td bank can be responsible. Solve this problem and return the money to me at the same time.After all, the irresponsible behavior of td bank has affected me and all customers who support and continue to use their banking experience. thank you"
9862,Money transfer or service,"On XX/XX/2022, I was on the Application offer up looking to buy a XXXX XXXX XXXX XXXX XXXX and I found one for a reasonable price. The man selling it went ro XXXX sent me the receipt of the delivery, so I sent him half of the money which was {$420.00}, after that he stopped answering after receiving the XXXX."
9863,Mortgage,"Bank of america has no legal standing to collect my mortgage payments. There was an assignment of mortgage done years after the merger with bank of america and countrywide and the assignment of mortgage appears to be fraud to me. The assignor portion was left blank and so was the address. And the XXXX employee who signed it were employees of bank of america. Furthermore, countrywide was never assigned to hold mortgage. Bank of America has been collecting my mortgage when they are not the holder or hold the mortgage. I attached the attachment of mortgage and written letter I am sending to Bank of America today."
9864,Credit reporting,"There is a medical debt from Collection bureau of the Hudson dated XX/XX/2017, that is showing on my XXXX credit report. I have disputed this deb multiple times to the Collection Agency as well as with XXXX. XXXX is telling me that the debt is valid but it isn't. It's not my debt and should not be on my credit report. I have sent valid proof and documentation to XXXX that this is not my debt. The collection agency refuses to respond to my letters."
9865,Mortgage,"This mechanism has been designed to inform you that I XXXX XXXX XXXX resides at XXXX XXXX XXXX XXXX, XXXX.Pa XXXX. I have been struggling since the XXXX XXXX which took place during the XX/XX/XXXX-XX/XX/XXXX. My mortgage was transferred through the XX/XX/XXXX. It went from XXXX XX/XX/XXXXto XXXX XXXX to XXXX XXXX XXXX. I also know that XX/XX/XXXX was a fraud, and I also know that XXXX XXXX was in a lot of trouble for this. My mortgage has been passed through a dangerous system. No one can tell me who owns my mortgage as of this day. If you could look into this matter it would be greatly appreciated."
9866,Money transfer or service,"I disputed the {$1500.00} transaction from Coin base, because I honestly dont remember making that transaction. Coin base took out the {$1500.00} on XX/XX/year>. Then they turned around and seized my XXXX of XXXX and XXXX of a XXXX and demanded I pay another {$360.00} or my account will stay frozen. I have lost a lot of money on Coin base and now they are trying to charge XXXX twice."
9867,Credit card,"I am filing a complaint against Comenity Bank regarding a XXXX XXXX credit card account. 
 
 On XXXX XXXX, during a purchase at a XXXX XXXX store, I accepted what I believed was a promotional discount. The associate did not clearly disclose that this would result in the opening of a credit card account and a hard inquiry on my credit report. I was not provided with any documents to read or review before signing ; I was simply told it was for a promotional discount on my purchase. I only learned about the hard inquiry after my credit score dropped by approximately [ number ] points. 
 
 I have since requested that Comenity Bank close the account, and I am providing a copy of my closure request letter. I am requesting that the hard inquiry be removed from my credit report and that the account be updated to reflect Closed at customers request. 
 
 I believe this situation involves a lack of clear disclosure and could be considered a deceptive sales practice. I am seeking your assistance to resolve this matter. 
 
 My contact information is as follows : Full Name : XXXX XXXX Date of Birth : XX/XX/year> Last 4 digits of SSN : XXXX Address : XXXX XXXX XXXX, XXXX XXXX, XXXX, FL XXXX Phone Number : XXXX Email Address : XXXX XXXX"
9868,Credit reporting,"Im submitting a complaint to you today to inform you I was the victim of identity theft. I researched on how to remove the fraudulent accounts in my report and found that I need to visit FEDERAL TRADE COMMISION or https : //www.ftc.gov to file a report and Per FCRA section 605b Credit Reporting Agencies are required to remove/block any accounts listed on an id theft report. Please find the ATTACHED documents to assist in the blocking of the erroneous information which is being posted to my report. 
 
 Here is the list of accounts which do not belong to me or were opened without my permission. 
 
 XXXX XXXX XXXX XXXX XXXX Balance : {$75000.00} ; XXXX XXXX XXXX XXXX Balance : {$24000.00} ; XXXX XXXX XXXX XXXX Balance : {$28000.00} ; XXXX XXXX XXXX Balance : {$48000.00} ; XXXX XXXX XXXX Balance : {$5100.00} ; XXXX XXXX XXXX ( Original creditor : XXXX XXXX ) XXXX Balance : {$0.00}. 
 
 According to FCRA Section 605B ( a ) the CREDIT REPORTING AGENCIES shall block any information in the file of a consumer that the consumer identifies as information that resulted from an alleged identity theft, not later than 4 business days after the date of receipt."
9869,Debt collection,"In early 2024, I signed an agreement with XXXX XXXX to pay off my total debt of approximately {$5000.00}, which included a business credit card debt of {$2000.00} and a personal credit card debt of around {$2600.00} originally held by Bank of America. 
 
 Later, I fully paid off the {$2000.00} business debt directly to Bank of America. Despite this, XXXX XXXX XXXX began contacting me and collecting payments from me, claiming to handle the charged-off personal debt. 
 
 However, I recently learned that XXXX XXXX XXXX never updated the credit bureaus about the status of the debt or removed the charge-off from my reports. I also asked for a full accounting of all payments I made, but I have not received any documentation showing how the payments were applied or where my money went. 
 
 Now that I have paid the debt, I am requesting XXXX XXXX XXXX to : Provide a full accounting of the funds I paid Clarify the legal basis for collecting this debt Update all credit bureaus to reflect the payment and remove the charge-off Their failure to do so is causing damage to my credit and may be a violation of the Fair Credit Reporting Act ( FCRA ) and Fair Debt Collection Practices Act ( FDCPA )."
9870,Debt collection,"In XX/XX/2014 I allowed my contract with XXXX to expire to seek phone service elsewhere. XXXX assessed early termination charges that I believed to be inappropriate. I repeatedly requested verification of the basis for charges. XXXX repeatedly failed ( refused ) to provide requested verification. Ultimately, XXXX sent the charges to collections. I have now responded to the following collection entities ; XXXX, XXXX and now Convergent. In each instances I have rejected settlement offers pending verification of the basis of the debt. Thus far XXXX and XXXX have apparently abandon their attempts. The most recent attempt was made by Convergent. I have responded as indicated above. I am hopeful that some final resolution can be enforced by the Consumer Financial Protection Bureau."
9871,Debt collection,"I had an accident and was transported to a hospital by XXXX XXXX XXXX XXXX on XXXX / XXXX / XXXX They are located at XXXX XXXX XXXX XXXX XXXX XXXX . XXXX XXXX XXXX CA. XXXX Phone XXXX . XXXX XXXX sent me a bill for {$2500.00} and I gave them my Health Insurance information ( XXXX XXXX ). XXXX XXXX paid them the contracted amount of {$2000.00}. Since they had a contract with XXXX XXXX they have agreed to accept that amount for their service. I do not owe them the difference. They sent me a bill saying I owed the difference. I called them with XXXX XXXX on the phone and XXXX XXXX confirmed that I did not owe them anything because they had been paid the contractual amount. They sent me another bill, I conference called XXXX XXXX again and we told them the same thing. Now they have sent the account to collections. I called them AGAIN and told them I do not owe them. XXXX XXXX faxed them an explanation of benefits to prove this. I am still receiving collection calls and letters."
9872,Money transfer or service,"I am writing formally to express my concerns regarding Zelles handling of disputes, particularly in light of cfpb lawsuit highlighting significant issues with the platform despite using Zelle numerous times and reporting discrepancies, my financial institution and zelle failed to investigate my claims adequately they informed me that recovering lost funds was impossible and tracking these transactions was unfeasible.The CFPBs findings indicate that Zelle not only has neglected to protect consumers but has also allowed repeat offenders to exploit the system"
9873,Money transfer or service,"On XXXX XXXX, 2026, Capital One Offers had a promotion for 50 % cashback on a XXXX purchase. I made a purchase that day, but clicking the link on the Capital One Offers portal, which took me to the XXXX website. I was using my phone to make this purchase, so no ad blocking/cash back software or extensions of any kind were used. The order I placed had a subtotal of {$180.00}. I made sure that none of the items I purchased were excluded in the offer. Since that day, my Capital One Offers account has not reflected the purchase as complete. I contacted Capital One in XXXX, as was told that I would need to wait XXXX days for the merchant to verify the purchase. Now that XXXX days has past and there has been no change to my Capital One Offers account, I called Capital One again, only to be told that I now need to wait XXXX days. This is unacceptable. The only reason I made the purchase was because of the promotion and now, I have passed the return window. Capital One needs to honor their promotions or not offer them at all."
9874,Money transfer or service,"On Wednesday, XX/XX/XXXX, I received a scam call from a few people who claimed they were calling from the electric company. They said I had missed the last two payments, and so they were going to shut off my electricity unless I paid a deposit, so they could investigate whether I had paid or not. I used Zelle to send they payments they required but I was able to identify this was a scam during the call. I received an email from my bank inquiring whether I was sure I knew this person and I clicked on the option saying no. I immediately called Zelle, as well as my bank, asking them to reverse the transactions while they were still pending but both parties refused. I have reported this incident to the NYPD, the FBI, and the FTC. I have the report numbers of all these complaints. I need help asking my bank and Zelle to reverse this transactions, since they rely on the fact that I paid using a third party, but I informed of the incident right away and both companies refused to take any action."
9875,Bank account or service,"I am not sure where the debt came from because I have never had a bank account with XXXX XXXX XXXX XXXX. I went to a branch that is about 45 minutes away from me and they could not help me. According to them they could not find an account in their system that bared my name or social security number. That said, The XXXX XXXX XXXX XXXX unknown/fraudulent collection accounts on my credit. I have reached out to them and I have not heard back but they verified the accounts belong to me- the don't!!"
9876,Credit reporting,"Consumer Financial Protection Bureau XXXX. XXXX XXXXXXXX XXXX XXXXXXXX, IA XXXX Re : Jefferson Capital Systems , LLC XXXX : XXXX XXXX Account No. : [ XXXX ] Dear Sir or Madam, I am disputing the above-referenced account reported by Jefferson Capital Systems , LLC on my credit reports. Jefferson Capital has failed to provide competent evidence that I owe this debt or that they have the legal right to collect or report it.
 
 Despite my dispute, this account continues to be reported as accurate, which violates the Fair Credit Reporting Act ( 15 U.S.C. 1681 ) and the Fair Debt Collection Practices Act ( 15 U.S.C. 1692 ). Reporting unverified or inaccurate information is harmful and unlawful.
 
 Because Jefferson Capital can not properly validate this account, I am requesting that this tradeline be deleted from all credit reporting agencies immediately. 
 
 I respectfully request that the CFPB investigate this matter and require Jefferson Capital to remove this account from my credit reports. 
 
 Thank you for your assistance. 
 
 Sincerely, XXXX XXXX [ XXXX XXXX Al, XXXX ]"
9877,Consumer loan,"I took out a title loan with Titlemax in XXXX, Ga. I was not properly explained how much this loan would cost me. This vehicle was also repossessed 2 days before payment was due as I had cleared it with XXXX, the supervisor at that time. I have been treated unfairly by TMX the finance company as they have harassed my references with alot of harassing phone calls and actually showing up in XXXX, Fl knocking on a friends door. During this time I have had contact with Titlemax. I do n't feel this is fair practice and something needs to be done. Each time I make a payment it seems like not much comes off, as I pay XXXX a month and have been all the time since XXXX.I did get my payment lowered once they repossessed my suv, but noticed extra charges on there as a repo charge and some other charges, The repossession was Titlemax 's fault so I should n't be charged extra fees for this. Please something needs to be done. They do n't explain anything as far as fees added on and interest rate. My son had to be hospitalized and have XXXX XXXX."
9878,Consumer loan,"Sallie Mae gives you a standard six months before you have to start making your loan pay backs. When that six months was up I applied for a forbearance for the loans because my husband is in XXXX program and we are not making it on what I make alone. The time has come to repay the loans once again and we are behind in the loan payments. I called after getting letters in the mail and tried to see if I could do another forbearance and they said that I could not. I can make the payment on one but not the other. They stated that I would have to make a payment in order to get information from customer service. I am trying to see the options and they were holding information for ransom. Stating that I was not be able to find out anything without making a payment. Then, I say OK and made a payment and asked if then I could get to the customer service for repayment options and they "" tried '' to transfer me over but it did n't work. So then the rep stated that I should call from a phone number that is not on my file so I can get some repayment info. If i use my husbands number or mine it would just route back to collections and they states that they do n't have the same info that customer service has. So I guess I am going to make what payments that I can until I can get more info or help. I really feel like we are being punished for trying to better ourselves through schooling. My husband has at least another year and a half before he is done with his program."
9879,Bank account or service,"I have XXXX accounts with TD Bank. Select savings and checking accounts. I requested to link both accounts with the savings with the highest amount. I also requested for overdraft protection so that when ever the checking went low, funds would be taking from the savings when I made purchases. The savings account always had over {$1000.00} in it. I have been unfairly charged overdrafts fees over {$1500.00}. My branch has refunded about {$600.00} and says I have to make a report to get the remainder of {$900.00}. From the corporate head office. Apparently TD BANK is known for that and have several people tell me they have similar issues. My concern is I always had funds in my savings account so I do n't understand why I will be charged overdraft fees whiles both savings and checking connected. Please help me get the refund of the remaining amount which is {$950.00}"
9880,Money transfer or service,I was having an issue activating my cash app card so I called the number on XXXX they asked for my info and then took my account as well as my money that was on my account so then I contacted them on the internet cash app and they did nothing and told me there was nothing they could do
9881,Money transfer or service,"XXXX, Your transaction has been canceled and will no longer be processed. 
 
 We will refund the account you used to pay for your transaction. 
 Refunds to a credit or debit card typically take 3-10 business days. 
 
 
 While the funds have been withdrawn, your bank may not show a charge immediately. 
 
 
 Receiver : XXXX XXXX XXXX Send Amount : XXXX USD Date : XXXX Reference # : XXXX The total cost of this transaction fee was {$21.00} which they refuse to refund. I sent money to XXXX XXXX because the recipient was in XXXX XXXX but they refused to give her the money because her I.D . was from XXXX. So I had to cancel and resend with the receiving State as XXXX but she received the Money in XXXX XXXX. I followed the instructions to the letter XXXX XXXX XXXX XXXX XXXX XXXX"
9882,Mortgage,"We did a 15 year refi on our current home, that closed on XX/XX/XXXX. As part of the refi, Chase was so pay down our current HELOC to 0 and roll that into the refinanced amount. Even though everything is through Chase, I received a paper check from the title company, made out to Chase, drawn from a Chase account. I called the title company and after requesting some information from me, they wired the proper amount to Chase. However, Chase now refuses to let us access our HELOC without documentation saying it was a pay down, not a payoff. I've been going back and forth between the title company and the Chase refi servicing department for almost a month and we still can not access our HELOC. We are not in need of the money now but it is our back up funding for our daughter 's wedding in XXXX. Yesterday, the title company shared an email received from Chase, saying I only need to call to have the HELOC reactivated but I'm currently on hold with Chase, who have no idea what I'm talking about and still will not reactivate the account."
9883,Money transfer or service,"Goodnight. 
 
 For more than 90 days, the cryptocurrency platform OKCOIN ( https : //www.okcoin.com ) had almost XXXX USD on its platform and says that my money is not available for withdrawal, claiming that they are validating my info. 
 
 They have requested my personal documents, they have requested payment receipts, they have requested bank movements, as well as a series of personal documents which continue to be validated to this day ... as you can see in the attached document, I have sent more than 100 emails asking for my money to be returned to the bank or to be able to withdraw the cryptocurrencies but I always get the same response that they are validating the information This has already caused me a lot of loss of money and time, I had my wife sick and I had to ask for a loan because I couldn't count on this money I request please intervene with the okcoin platform and my money is returned to me as soon as possible this are the email that the personal who I send the info : XXXX XXXX XXXX XXXX XXXX XXXX XXXX https : //www.okcoin.com thanks for your help"
9884,Bank account or service,"I did a direct deposit from my XXXX and XXXX, chase bank closed my checking account that they are holding my XXXX {$730.00} and my XXXX {$230.00} and they will not release my XXXX funds to me, I have went to chase office in person to talk to the manager and she would not assist me that chase bank have closed the chase checking account, both XXXX and XXXX XXXX and retirement is setting in this closed account, I have spoken with social security agents that XXXX and XXXX payment is setting in that closed chase checking account, chase bank have not returned money back to social security, they refuse to release my money from social security to me XXXX XXXX XXXX, chase bank illegal holding my XXXX and XXXX of XXXX and XX/XX/year> 2024"
9885,Credit reporting,"I asked Discover to validate the dept. they claim I own with proof baring my signature 'from a transaction or application '' they failed as well did n't follow rules and place a note the account was in dispute with credit agency 's even unto the court date, they still have n't verified or placed the notes in dispute as by law"
9886,Consumer loan,"I am writing to formally dispute the reporting practices of Credit Acceptance Corporation concerning an auto loan I obtained from them. I believe that Credit Acceptance Corporation has violated my rights under 15 U.S.C. 6802 and 15 U.S.C. 6801 by failing to properly inform me of my right to opt out of having this loan information reported to my consumer report. 
 
 Under 15 U.S.C. 6801, financial institutions have a continuing obligation to respect a consumer 's privacy, and 15 U.S.C. 6802 grants consumers the right to opt out of having their information reported to credit bureaus. Credit Acceptance Corporation did not conspicuously inform me of this right to opt out before reporting the loan information to my consumer report. The lack of such notification constitutes a breach of their obligation under these statutes. 
 
 I request that the CFPB investigate this matter and compel Credit Acceptance Corporation to provide evidence of their compliance with these privacy requirements. Specifically, I am seeking confirmation that they notified me of my right to opt out and that they provided this information in a clear and conspicuous manner. 
 
 Additionally, I am serving this letter as both a formal complaint against Credit Acceptance Corporation and as a pre-arbitration notice. Should my consumer rights not be respected and this account is not removed from my credit report after being notified of these violations, I will proceed with arbitration to address these issues and seek appropriate remedies for the infringement of my rights. 
 
 Please review this matter and provide guidance on the steps taken to resolve this dispute. I would appreciate a written response detailing the actions the CFPB will take to address my concerns. 
 
 Thank you for your prompt attention to this issue. 
 
 Sincerely, XXXX XXXX"
9887,Bank account or service,"Chase Bank closed my credit card account ending in XXXX without prior warning. I had not been able to significantly reduce the balance due to high interest rates, which made minimum payments ineffective. I had plans to begin paying down this account in the coming months as new work opportunities became available, and I intended to eventually use the card to finance the purchase of a vehicle. By closing the account without notice, Chase has prevented me from executing this plan and has further damaged my credit profile. I am requesting that this decision be reviewed to ensure proper procedures were followed and that I am given a fair chance to resolve the balance."
9888,Credit card,"On XX/XX/XXXX, I went to the TD Bank branch at XXXX XXXX for routing banking needs. They strongly suggested that I get a secured credit card with them, and despite saying no thank you, they pressured me into coming in the next day, XX/XX/XXXX. They had me fill in the application and apply *without showing me the fee schedule or the terms and conditions of the card*. Because I was not presented with the list of fees, I assumed that the secured card would have the same fees as the unsecured card with the same name, but it actually had a {$29.00} annual fee that I was never told about or shown. They then proceeded to enter my information wrong and I had to return on XX/XX/XXXX to correct my application, still not being aware of the fee schedule or any other details of the card. When I finally received my card in the mail, that is when I got the fee schedule and other details, and I was surprised to see the fee. On XX/XX/XXXX, I sent in an inquiry through the mobile app about this and received NO RESPONSE for many days, so on XX/XX/XXXX, I called in to explain this situation and to cancel this card. I was told by the phone rep that since I had not used the card yet, I could cancel the card and get the annual fee waived. However, on XX/XX/XXXX, the annual fee was charged and taken out of my collateral account, directly conflicting with what I was told. And despite my account having been "" closed '', I can still see it active in my mobile banking app with the original credit limit. 
 
 I am extremely frustrated because the fees and terms of conditions of the card were not disclosed to me when applying ( a violation of federal law ), I was lied to about the annual fee being waived, I did not receive a reply on my inquiry for over two weeks, and my credit card account appears still active despite me having closed it over a month ago."
9889,Money transfer or service,"I am writing to formally express my concerns regarding chime handling of disputes, particularly in light of the recent CFPB lawsuit highlighting significant issues with the platform. Despite using chime numerous times and reporting discrepancies, my financial institution and chime failed to investigate my claims adequately. They informed me that recovering lost funds was impossible and that tracking these transactions was unfeasible. The CFPB 's findings indicate that chime has not only neglected to protect consumers but has also allowed repeat offenders to exploit the system, leaving users vulnerable to scams.lawsuit highlighting significant issues with the platform. Despite using chime numerous times and reporting discrepancies, my financial institution and chime failed to investigate my claims adequately. They informed me that recovering lost funds was impossible and that tracking these transactions was unfeasible. The CFPB 's findings indicate that chime has not only neglected to protect consumers but has also allowed repeat offenders to exploit the system, leaving users vulnerable to scams. 
 This lack of accountability and transparency is unacceptable and raises serious concerns about consumer safety."
9890,Consumer loan,borrowed XXXX do not agree with payment agreement due to loan sharking activities for such small amount. trying to make pay XXXX dollars .will be willing to find affair resolution to this exorbitant amount of interest that they are asking for yours truly XXXX XXXX let be known it was done due lack resourses when I requested help
9891,Credit card,"On XX/XX/XXXX I had paid with my American Express the last amount for a trip with the invoice being a total of {$2100.00}, the invoice included the travel insurance. Each call to the travel agency ( XXXX ) resulted in a transfer to nowhere or not receiving the information that was promised. I have contacted the credit card company on XX/XX/XXXX to help resolve the issue but they are not able to provide the refund even the clear fraud that the web page is doing. I have contacted as well XXXX XXXX XXXX to no avail. 
 I have no received any information from any party what are the intentions or required documentation to resolve this issue."
9892,Credit reporting,"I recently reviewed my Experian credit report XX/XX/year> and identified multiple inaccuracies and incomplete information. As per the Fair Credit Reporting Act ( FCRA ), under 15 U.S.C. 1681e ( b ), consumer reporting agencies are required to follow reasonable procedures to ensure maximum possible accuracy in the information they provide. The following accounts listed in my credit report have violated my federally protected consumer rights to privacy and confidentiality under 15 U.S.C. 1681 : The accounts, names, address, Under FCRA 15 U.S.C. 1681e ( b ), credit bureaus are required to ensure maximum accuracy of reported information. However, the details of this account contain multiple discrepancies and errors, violating federal reporting guidelines."
9893,Bank account or service,"On XX/XX/XXXXI received two letters from Santander Bank signed by XXXX XXXX, XXXX XXXX XXXX. The one letter was addressed to me only and it stated that they were closing my checking account that I hold jointly with my husband and a savings account that is just in my name. A second letter that was addressed to my XXXX year old son advising him that his savings and checking account were being closed. This letter did not include my name which I am the custodian of both accounts. Both of these letters stated that the accounts were being closed and that I had 30 days to close the accounts or they will close them and send us a check.
 
 The letters did not look professional so I contacted the local Santander Branch in XXXX, PA. Upon their request my husband and I responded to the Bank. We spoke with Relationship Banker XXXX XXXX. XXXX related that he also thought the letter looked to be unprofessional and he was reluctant to call the number. After verifying the number was legitimate XXXX contacted the number listed. After hanging up XXXX related that the gentleman refused to give him a reason of why the accounts were closed. XXXX related he would have is branch manager check on it the next day. On XX/XX/XXXX my husband contacted the phone number listed on the letter. My husband was told that Santander was not going to give a reason nor are they required. Just as we have a right to switch banks they can cancel are accounts at any time without giving a reason.
 
 I have a business account in my name and a Home Equity Loan with Santander and neither of them are mentioned."
9894,Credit reporting,I have notified Jpmcb of the continued disruption of my financial health due to identity theft and fraud they have did nothing to get rid of the fraudulent XXXX debits coming for my account the fraudulent cash app transactions and as well as debit card usage I dont even know what to do moving forward at this point as it stands I owe chase just a little under XXXX XXXX which I find completely ridiculous since they failed to protect my account from fraud I Demand that the fraudulent transactions be removed from my account immediately and that they clarify on where the fraudulent credit card has been open I have only ever had XXXX not XXXX credit cards with chase and the credit card that I do have from chase is riddle with fraud and they refuse to take care of the issues please help me get all this fraud off of my chase account and get it reopened I can provide a police report if necessary.
9895,Bank account or service,"TD Bank charged me 3 {$35.00} fees for {$0.00} authorizations, which should not have created a charge. They have done this before and I am tired of it. If the authorization is for XXXX, it should not generate a fee. This is not right. They continue to do this month after month. I want this stopped."
9896,Money transfer or service,"On XX/XX/XXXX XXXX try to deposit some cash to my venmo account on XXXX XXXX ATM, and I didn't know that u can't deposit cash to venmo and I got a receipt that said that was deposit to checking but nothing went to my venmo account so now, XXXX XXXX or venmo doesn't want to refund my money so don't know we're my money is..."
9897,Credit reporting,"In accordance with the Fair Credit Reporting Act. The List of accounts below has violated my federally protected consumer rights to privacy and confidentiality under 15 USC 1681. 
 
 Account Name : XXXX XXXX XXXX Account XXXX has violated my rights. Or a list of inquiries : 15 U.S.C 1681 section 602 A. States I have the right to privacy.
 
 15 U.S.C 1681 Section 604 A Section 2 : It also states a consumer reporting agency can not furnish a account without my written instructions 15 U.S.C 1681c. ( a ) ( 5 ) Section States : no consumer reporting agency may make any consumer report containing any of the following items of information Any other adverse item of information, other than records of convictions of crimes which antedates the report by more than seven years.
 
 15 U.S.C. 1681s-2 ( A ) ( 1 ) A person shall not furnish any information relating to a consumer to any consumer reporting agency if the person knows or has reasonable cause to believe that the information is inaccurate."
9898,Money transfer or service,"I am writing to formally express my concerns regarding Zelle 's handling of disputes, especially in light of the recent CFPB lawsuit highlighting significant issues with this platform. Despite using Zelle on numerous occasions and reporting discrepancies, my financial institution and Zelle have failed to investigate my claims adequately. They informed me that recovering lost funds was impossible and that tracking these transactions was unfeasible. The CFPB 's findings indicate that Zelle not only neglected to protect consumers, but also allowed repeat offenders to exploit the system, leaving users 's vulnerable to scams. This lack of accountability and transparency is unacceptable and raises serious concerns regarding consumer safety."
9899,Money transfer or service,"XXXX/ ERC : I was lied to as to the total cost of their services from day one. As their bills continued at a rate above what i had agreed to. I tried to discontinue service. I believe it took between 3 and 4 months for service to be turned off. finally they turned it off after i called and threatened law suit. 
 I would like to see any and all agreements that i signed where i agreed to pay them this or or any amount of money. 
 
 XXXX XXXX"
9900,Debt collection,My dog was taken to XXXX they told me the dog needs this done an that I personally told them once they told me total I didnt have the money an that I would just leave with my dog. They then came out said my dog was under XXXX XXXX an I stated again I cant provide that type money came back out said the dog had died. An now Im receiving rude phone calls an bills in the mail of medical bills. I dont have!!
9901,Money transfer or service,"I am filing a complaint against CashApp ( Block , Inc ) due to inadequate customer service and unfair practices which violate the consumer protection act, ( CFPA ) specifically, cash app failed to take timely and effective measures to prevent and address fraud on their platform, leaving my account vulnerable and unprotected. Furthermore, their dispute resolution process was unfair and deceptive as they did not comply with error resolution requirements under the Electronic Fund Transfer Act ( EFTA ) and Regulation E. These actions have caused significant and convenience and financial loss and I seek appropriate redress for these violations"
9902,Money transfer or service,"I am filling a complaint against Cash App ( Block , Inc. ) due to inadequate customer service and unfair practices, which violate the Customer Financial Protection Act ( CFPA ). Specifically, Cash App failed to take timely and effective measures to prevent and address fraud on their platform, leaving my account vulnerable and unprotected.
 
 Furthermore, their dispute resolution process was unfair and deceptive, as they did not comply with error resolution requirements under the Electronic Fund Transfer Act ( EFTA ) and Regulation E. These Actions have caused significant inconvenience and financial loss, And I seek appropriate redress for these violations"
9903,Credit reporting,"To Whom It May Concern, I am writing to formally dispute and demand the immediate removal of the following fraudulent accounts and inquiries from my credit report due to identity theft. These accounts were opened without my consent, and I am invoking my rights under the Fair Credit Reporting Act ( FCRA ) to have these items promptly removed. 
 I am also writing to formally notify you that I am a victim of identity theft and request the immediate blocking and deletion of all fraudulent accounts or information related to the identity theft, as authorized by 15 U.S.C. 1681c-2 ( a ). I became aware of the breach of my personal information through the Equifax data breach, which has exposed my sensitive data to unauthorized individuals. 
 The following fraudulent accounts and inquiries have been identified as a result of this breach : XXXX XXXX XXXX XXXX XXXX XXXX XXXX XXXX XXXX XXXX XXXX XXXX XXXX XXXX XXXX XXXX XXXX XXXX XXXX XXXX XXXX XXXXXXXX"
9904,Debt collection,"I keep getting phone calls from a woman claiming to be from Diversified Adjustment XXXX. When I ask what this is in regard to she asks for personal information, Name, address etc. I ask again what this is about and she hangs up on me. They call me every day, several times a day. They never leave any messages. I am contacted every day from several similar, but different phone numbers. XXXX XXXX XXXX Also, currently collectors arent even supposed to be calling in nys due to the pandemic."
9905,Mortgage,I've been paying this mortgage since 2004 my principal balance is not went down I started out with option one and The Man Who Sold me the house and the underwriter went to federal prison for fraud by real estate. I have received a hemat loan and alone modification with balloon payments and my principal balance keeps going up like I've never made a payment they have transferred my mortgage to five different sister companies they have broken the Fair Debt credit Act by stating that I was in foreclosure and was only 15 days late they have accessed me NSF FEES and late fees which were from XXXX XXXX where I did have enough money in my account but due to the overdraft fees in regards to my online banking which made me short but was maybe {$2.00} sometimes {$12.00} short and XXXX XXXX accept me overdraft fees which made me over drafted and is currently in a class civil action suit which I am in today I want the predatory lending to stop on NSF fees and late fees taken off and my principal balance the show all the money that I paid over the years I have documentation
9906,Consumer loan,"My loans are currently serviced by Navient ( formerly XXXX XXXX ). I should qualify for a .500 % interest rate reduction due to auto debit, but was told that my eligibility was terminated due to XXXX rejected payments in XXXX 2014. I obtained a copy of my XXXX 2014 bank statement and it documents that there were not XXXX rejected payments in XXXX 2014. I provided a copy of the bank statement to Navient along with a request that they reinstate my interest rate reduction, however, they continue to insist that there were XXXX rejected payments and will not reinstate the reduction."
9907,Debt collection,i was notified the first time last week XXXX/XXXX/XXXX about a old credit card debit from XXXX I asked if he ( XXXX ) I believe he would send me an email or letter in mail regarding this and he said yes he would send email. I never received and email. today XXXX/XXXX/XXXX I get a messaged while at work to call him back so I do and he has an attitude stating I live where he can garnish my wages if I do not send him money and that he would send me another email at his expense and I told him it does not cost anything to send me an email and he starts yelling at me. I do not even have this debt on my credit report and I do not like him calling and threating me while I am working. very rude and unprofessional if this is a real debit why have n't I received anything in the mail since he stated my address?
9908,Bank account or service,"Last Week I received an email from capital one that both of my saving and checking account is restricted due to Unusual Activity, the reason they provide is that I send XXXX to a potential risk account, And They said they have ended my relationship with me due to that reason, I asked them if they close my account, how do I receive the fund in my account, that has been hold, they said they can't provide a time for the release of my fund hold in capital one and capital one said it will be released after review and they refuse to provide detail about my review process. They said they decide to end bank relationship with me, and they are holding my fund in capital one preventing me withdrawn from my account."
9909,Credit card,"Citibank 's mobile app does not allow one to view payments or pending payments. This makes it more likely to submit double payments. There is no warning against submitting a double payment. This makes it likely that the credit card bill is double billed creating overdraft issues for the payment ( checking ) account. 
 
 I had this problem and contacted both institutions ( Citi credit cards and the checking account ), but the double payment was never removed from Citi despite multiple calls. When I tried to make the next monthly payment, Citi said they reprocessed the double payment, and they could do nothing about it. I found XXXX in the Florida office at Citi customer service very unhelpful when this problem cropped up again the next month. First I had to get my payment ( checking ) account made "" active '' over several calls. Then, when it was active, the double payment from the previous month was charged. If I had just paid my balance in full right away, the double payment from the previous month would have overdrawn my checking account again! I am waiting to see if the double payment is processed before paying that part of my balance at Citi credit cards."
9910,Credit reporting,My personal information have been compromised in a breach on several occasions and I have not authorized this company to sell or transfer any of my information. Please delete any information from XXXXXXXX XXXX XXXX It is reporting on my credit report inaccurately.
9911,Money transfer or service,"I tried to buy concert tickets from someone on XXXX. I know you assume risk when you do this, so I tried to be as careful as I could. I asked a lot of questions and asked for ticket confirmation. Ultimately, I was scammed out of {$300.00} dollars using Chase quickpay ( XXXX ). I've tried to remediate the issue with both companies, who have been unwilling to do anything at all. 
 
 Chase was unwilling to conduct any sort of investigation, or contact XXXX or the other users bank account to try to remediate the issue. XXXX has been unwilling to do anything at all. After doing some research ( which I should have done before I made the transaction ) it seems that XXXX has become a safe haven for scammers who know the company and banks won't do anything to fix these issues. 
 
 These crimes are becoming common and they will only continue to become more common. It is disappointing and surprising to me that purely digital companies like XXXX are handling this better than our nations oldest banks. 
 
 I know that I screwed up, but I'd like my bank to at least take this seriously. I was defrauded. Chase told me they couldn't do anything because quickpay was "" self-service ''. Every product I use by Chase is self-service. But they wouldn't be able to say that if my debit card were fraudulently used. These companies shouldn't be able to offer products just because they're in high demand if they aren't going to make any attempts to secure them. I ( along with most people ) expect more from my bank and companies they partner with like XXXX."
9912,Credit reporting,"My credit report is still showing late payments on XXXX XXXX XXXX XXXX. Those payments were made on time. I am requesting that the late payment markings be updated to reflect my accurate payment history. If there is any confusion, I suggest you contact me or a customer service representative."
9913,Debt collection,"I have no record of acquiring a debt with Midland Credit Management. However, at some point, they sent a letter via XXXX and it was placed behind my garden bed. It had been there for weeks by the looks of the rain and decay. And, the rain and elements damaged the letter and made it unreadable. The only thing I can read is they are threatening me with a Mississippi attorney and threatening to report me for a debt I did not even acquire with Midland. They state I was previously notified, but I have not been notified by Midland at all. It seems as if the letter was purposely defaced by the elements and it was throw in my flower bed without coming through a more proper means to let me know they were trying to contact me. I have not been called or informed of owing any accounts with Midland. The top of the letter and back is completely unreadable. So, while they threaten me with legal action and credit reporting they are making sure I do not receive notice in a way that is unreasonable, unreadable, and down right unfair for a said debt that I never acquired with them at all."
9914,Bank account or service,", the account is open but I'm am unable to login to my online banking and all of my online banking information my name is XXXX XXXX XXXX my social security number is XXXX birthday is XX/XX/year> mother maiden name is XXXX XXXX XXXX XXXX"
9915,Credit card,Wells Fargo and VIsa have this automatic update system that will automatically update your card with merchants if you get a new card. My card was compromised. I ordered a new card. The new card was compromised the next day because the bank updated my card information and gave it right back to the people who robbed me. Now wells Fargo is telling me the only way to stop it is to do stop payments ( which cost {$30.00} ) instead of removing me from the system that I never asked to be apart of.
9916,Bank account or service,"On XXXX, I attempted to cash a settlement check drawn on Chase Bank XXXX XXXX of the banks branches. Despite the check being legitimate, the teller at that branch claimed the issuing company had insufficient funds and instructed me to return on XXXX, citing that the original teller would not be present. Feeling this response seemed invalid, I went to a different branch that same day. 
 
 At the second branch, another teller loudly declaredwithin earshot of multiple customersthat the check was fake, asserting that I am a scammer, and insisted that she sees these checks all the time. She repeated these claims more than once and questioned why the issuing company would pay me and whether I had any business relationship with them. I then requested a supervisor ; the branch manager also refused to cash the valid check. 
 
 This first check was about {$5400.00}. I have made a complaint to corporate about this incident and also am looking into legal action for the defamation, emotional distress, discrimination, and refusal."
9917,Money transfer or service,"I was scammed under false pretense that I was buying a service and product. I tried to get my money back and filed with XXXX and with all the evidence I gave, it was in favor of the merchant that scammed me. I spent a total amount of {$440.00} One at : {$200.00} and the other at : {$240.00}. I was swindled out of my money when I was supposed to receive items. They used fake tracking and required I pay more. Chime or XXXX have not tried to help. I want my money back. 
 
 On XX/XX/year> at XXXX I called Chime customer service and spoke to XXXX XXXX a fraudulent XXXX XXXX card transaction. I was told I could not file a dispute because the transaction was completed. I asked for a written denial or case number, and the representative refused. This violates my rights under Regulation E. I want Chime to allow me to file a fraud dispute and investigate this transaction. This was the number I called : XXXX."
9918,Mortgage,"I am submitting this complaint against PHH mortgage because, based on their history of refusing to communicate with me and sending correspondence to the wrong address I feel this may be the only way I can get information. I have also submitted notices of error to PHH with these concerns and a printout from my bank of all cashiers checks issued to PHH and the dates they cleared my bank. I recently discovered that PHH has applied only two of the payments I have made since XX/XX/2019 to my account. All of these payments have been made with cashiers checks so money has already been taken from my account, however only two of those checks have cleared my bank. None of the checks have been returned to me so as of today almost {$15000.00} of my money is missing. According to the information I have obtained from PHH my account balance has increased by almost XXXX since I signed a modification agreement in XXXX oXXXX XXXX. I believe this is because my payments have not been credited to my account and fees were improperly added to my account because of this. PHH recently began foreclosure proceedings because of a series of their own errors and because of that I was forced to apply for a new modification to stop the foreclosure. This new modification is based on the inaccurate account balance that has been determined based on their failure to properly apply my payments. 
 I would like all of those payments immediately credited to my account or returned to me. Once the payments have been properly applied and fees added to my account because of PHHs errors removed, I believe I should be offered a new, affordable modification based on accurate information."
9919,Consumer loan,Loan was paid off after a small balance of {$1.00} that was left on loan XXXX after paying final payment on XX/XX/22. I then had called about my title on XXXX XXXX XXXX in collections said I had a balance of fees along with {$1.00} left on the principal. I paid {$1.00} on my account XX/XX/22 XXXX XXXX said that I still have a balance on some fees and that she would send out a payment history for what I owed. On XX/XX/22 I received a letter dated XX/XX/22 her stating that I owed the money for fees and wont get my title until I paid the {$170.00} and if not paid by XX/XX/22 it would be charged off. I had left her a message a day before receive letter about the loan being paid & inquiring about my title. She never called me back
9920,Bank account or service,"On XX/XX/2023 I paid XXXX to XXXX XXXX using XXXX, and charging to the American Express CC ending in XXXX On XX/XX/2023 XXXX XXXX cancels the order, and refunds the order. XXXX delays the refund, and the Consumer files a chargeback with American Express. American Express refunds the amount, and the following day XXXX refunds pending amount too. American Express then reverses the refund they issued, on XX/XX/2023. On XX/XX/XXXX XXXX receives the chargeback request from American Express, and refunds again, while accepting the chargeback request. American Express receives the second refund, and kept the money, by never crediting the Consumer Credit Card, nor returning the second refund to XXXX. XXXX then charges the Consumer 's XXXX Account leaving a negative balance for the same amount, and starts collection efforts with XXXX, and by themselves. The consumer has notified American Express several times about the fact, but American Express has not been solving the problems with XXXX, and has been retaining the second refund causing legal expenses by Consumer, while fighting XXXX XXXX XXXX is declaring in writing about these XXXX deposits to American Express, and Amex has retained the second one, after XXXX accepted the chargeback, and charged the XXXX cash account from the consumer. American Express has caused me to incur in legal expenses for more than XXXX to prepare lawsuits and answer the XXXX and XXXX. XXXX XXXX has neglected by phone to talk to XXXX, and has neither credited the credit card nor refunded to XXXX the second refund transferred. I demand the retained payment and the payment for the legal expenses which are growing and will be more if I have to take them to court. The files show how they never credited the card the second time. And reversed previously the deposit. Now the consumer has to pay XXXX, and American Express is keeping funds from the consumer."
9921,Credit reporting,"Hello, and thank you for taking the opportunity to help out with my concern. 
 
 I wanted to please reach out regarding an incident where Discover potentially may have mistakenly reported me late by accident. 
 
 When I logged in to make a payment on my Discover card, I was offered a payment plan that I would lower my interest rate and decided to naturally take advantage of it to lower my payments. 
 
 A promise to lower my payments, as well as give me a lower interest rate plus allowing me to still have the card open an active allowing me to spend if needed. 
 
 When I set up the installment plan, it would not allow me to modify anything beyond that. I was unable to add the payments that I am familiar with to update it to the correct checking account. 
 
 I attempted to rectify the situation by modifying the bank account however because it was a schedule payment under that special financial plan it did not allow me to modify the banking details. 
 
 Instead, when the payment was rejected, I had already processed the payment the same day to bring the account current as I have never been late before. 
 
 When Discover proposed the payment plan, I was trying to make a payment earlier on to bring the account current. However, when the payment plan was set up, Discover did not allow me to make modifications, and instead bundled both the past due, and the bundled payment for the plan together, and when that payment was rejected, I was reported late, which is completely unfair."
9922,Consumer loan,"Pulte Mortgage company cancelled my loan application for "" violation of their policy ''. The policy I supposedly violated was never stated, just vaguely described, and roughly meant I had to verbally answer questions like my social security number and date of birth on a recorded phone line. I explained I was not always in a setting where I could do that, and requested we would communicate in writing if it was important. That alone was enough for the company to cancel my loan application. 
 
 When I asked questions about why my loan was cancelled, they adjusted their story. They said it was also because "" I had made accusations against them ''. I had indeed frequently pointed out that they kept changing their story when communicating with me, but am only speculating that those are the "" accusations '' I am ( in part ) being denied credit for. 
 
 The original source of our misunderstanding was where the loan officer told me to click on some links, but that nothing was final yet, as the anticipated closing date was very far out ( more than 180 days ). He mentioned on the phone that nothing was final and that I was not entering in a contract with them, and marked a similar statement in his emails in yellow highlight. Despite these assurances, they went ahead and deducted {$570.00} from my bank account in pre-paid fees. When I explained that was not in line with the promise that nothing was final and that we would not be entering into any contract at this point in time, they initially refused to refund my money. 
 
 They have since promised to refund the fees they already took from me ( {$570.00} ) but they have not yet done so. They did run hard credit pulls with at least two credit reporting agencies, even though they then also denied doing that. 
 
 The builder of my house ( Pulte ) had promised me XXXX off closing costs for using their affiliated lender. Although the lender per se is not causing me to lose that incentive, it's adding injury to insult."
9923,Debt collection,"On XX/XX/2019 Lending USA agreed to a settlement for a debt in the amount of {$6700.00}. They agree to debit my account XXXX on record from the XXXX XXXX XXXX XXXX. According the document supplied from XXXX XXXX XXXX XXXX they never attempted to withdraw funds on any of the dates according the agreement they prepared and agreed too. I recently found out the account was sold to XXXX XXXX XXXX , XXXX for {$19000.00} and it's being collected on their behalf from XXXX XXXX XXXX of Colorado. Now both Lending USA and XXXX XXXX XXXX , XXXX are reporting me to all three credit bureaus in the amount of {$19000.00}. As a consumer both companies are trying to take advantage of me on behalf of the lender XXXX XXXX XXXX. I want this remove from all three credit reporting agencies and to consider this debt satisfied because I kept my agreement but the collection debt holders broke the agreement."
9924,Credit card,"On XX/XX/XXXX, I bought a XXXX laptop online for {$2100.00}. Unfortunately, the product did not perform well to my expectations, but I had to keep the product because I can not return after 30 days plus they would also charge for restocking fees and shipping. I am also dissatisfied with the purchase because XXXX XXXX promotional offer was misleading me to buy the product, thinking I would make full payment same as cash by 18 months and pay evenly for every month. On XX/XX/XXXX, I called and filed a dispute, a rep told me that I will not have to pay for interest while in the process of investigation. But when I received the statement, it was frustrating to see that interest is continuing to accrue. No one called me right away to notify me by phone or at least by EMAIL that my dispute has been cancelled, but just send a letter that I received more than 1 week later. 
 
 XXXX XXXX XXXX is no longer contracted with XXXX. I have sent in a request to have the right not to pay the remaining balance if I am not happy with my purchase as instructed on the statement on XX/XX/XXXX, but I did not received a respond until today. 
 
 I have also contacted a lawyer, but I can not pay the fees. It is distressing to go through this process as I can not pay the fees, unhappy with my purchase, the company is ignoring my hardship. Furthermore, it is an unfair business practice to mislead ads and not have a AUTOMATIC PAYMENT WITHDRAWAL option, the customer would have to remember to make payments every month. They need to change this as it can be frustrating for customers. My interest in now {$780.00} when I missed making a full payment in XXXX."
9925,Bank account or service,"At dawn on Saturday I began to receive notifications of charges in my cash app account by XXXX reaching a total of approximately 800 usd when I realize it, I quickly cancel my card the next day I contact XXXX and they assure me that the payments They didn't make it because they don't have a record in their system, contact the cash app and they only return approximately 150 usd of the 800 collected and they still haven't given me the rest because they need to continue investigating, however I don't authorize those conros cash app says it was XXXX and XXXX tells me it was cash app"
9926,Mortgage,"This Complaint is about Select Portfolio Servicing who is a mortgage servicing company and not the mortgage holder. I became completely unemployed due to COVID. I filed and collect Social Security as my only income as I am XXXX years old. I first defaulted in XX/XX/XXXX. I have tried and resolve this issue since by trying a short sale and currently am under review for a surrender deed in lieu when I received notice that my account was referred to an attorney for foreclosure. I have not received any further information about the foreclosure since. The final attempt for a short sale was denied due to a business decision even though offer matched the sale amount that was previously approved by mortgage holder via SPS Servicing. I am not aloud to speak to any representatives from mortgage holder so my case is in limbo as no one is managing my particular account. I have filled out countless applications and reapplications for short sale, deed in lieu and other financial assistance programs with no final solution offer. 
 In addition, there was an insurance claim due to flood damage in XX/XX/XXXX. That claim is closed and SPS Servicing is holding on to the over {$27000.00} in settlement funds while the escrow charges including interest, real estate taxes, property insurance and utility costs continue to mount."
9927,Mortgage,"TO WHOM IT XXXX CONCERN, I HAVE NOT BEEN ABLE TO GET A STRAIGHT ANSWER FROM PHH/NEW REZ I KEEP GETTING THE RUN AROUND AND WRONG INFORMATION. ON XX/XX/2023 I EMAILED PHH/NEW REZ ABOUT THE ISSUE THEY RESPONDED WITH THE FOLLOWING : Important Account Information Inbox Relationship Manager Fri, XX/XX/XXXX, XXXX ( 5 days ago ) to XXXX Dear XXXX, Our record shows that the foreclosure process has been suspended as of XX/XX/2023. We have forwarded this request to the Office of the Consumer Ombudsman for additional review. The Office of the Consumer Ombudsman is researching the request and a response will be provided shortly. Please allow time. 
 
 
 
 
 HOWEVER I SPOKE WITH XXXX XXXX TODAY AND THEY HAVE THE FORECLOSURE AUCTION SET FOR XX/XX/2023. I AM VERY CONCERN ABOUT THE SITUATION AS I CAN LOOSE MY HOUSE. PLEASE HELPD ME"
9928,Debt collection,"On XXXX XXXX, 2016 at approximately XXXX, I went inside XXXX in XXXX Alabama with my XXXX year old daughter. I walked passed Western Finance who I have a loan with. While I was in the store, I saw a familiar face walking around the XXXX on her cell phone. I forgot something so I got out of check out line at XXXX. I saw that same woman looking at me but again, I thought nothing of it. I got back in line. As I was leaving the store, that lady left said something to another lady outside XXXX. Then she went into Western Finance. Next thing I knew, the lady she spoke to & STOPPED MY XXXX YEAR OLD DAUGHTER by HUGGING HER VERY HARD, SHE COULD N'T GET AWAY FROM HER GRIP as if she knew my daughter. I immediately recognized her as the MANAGER OF WESTERN FINANCE. She says to me ... .WHAT HAPPENED TO ME? I 'm like excuse me? Did you just follow me into XXXX XXXX? We 're you waiting on me? She says yes, I saw you walking by. She mentioned, she had been looking for me and she has called my mother, and she 's even been by my mama 's house. I said what, you 've BEEN BY MY MAMA 'S HOUSE? You went by mama 's house for XXXX not XXXX? She said yes ma'am to all the questions. She asked me if I still lived in XXXX. I told her she was harrassing me. In fact, she was stalking me by sending her employee in XXXX and then waiting on me outside the XXXX door, blocking my way on the sidewalk. She informed me that they are allowed to do that. If they see you. I said you all are allowed to harrass your clients outside another store? She said yes. I asked her for her card. I told her I 'd be filing a complaint. She told me to go ahead. Her name is XXXX XXXX, the manager at Western Finance. I do not and have not ever been physically stalked or harassed by any reputable company."
9929,Consumer loan,"I am requesting Full Discharge of Student Loans Due to Mohela Misleading and Unlawful Practices I am writing to formally request the discharge of all student loans held by Mohela due to the companys deceptive practices, misrepresentation, and failure to provide proper guidance regarding my loan repayment options. 
 Mohela misled me by steering me away from income-driven repayment plans, which would have made my payments more affordable and eligible for eventual forgiveness. Instead, I was repeatedly encouraged to enter forbearance or deferment, causing my loan balance to balloon due to capitalized interest. This manipulation has led to years of financial strain and has profoundly affected my ability to meet my financial obligations. In addition, Mohela has a history of misreporting my payment status to credit agencies, severely damaging my credit score. The misinformation provided by their representatives has delayed my pursuit of more favorable repayment options and contributed to an overwhelming amount of accrued debt, well beyond what I originally borrowed. These tactics are consistent with the widespread fraudulent behavior for which Mohela has been sued by numerous states and the Consumer Financial Protection Bureau ( CFPB ). Mohela conduct has caused me significant financial harm, mental distress, and a long-term burden that could have been avoided with honest and fair guidance. As a borrower who relied on Mohela advice and entrusted them to manage my student loans be fully forgiven."
9930,Money transfer or service,"On XX/XX/year>, I discovered XXXX unauthorized charges totaling {$320.00} on my Chime account on the same day the transactions posted. I did not make or authorize these charges and do not recognize the merchant. 
 
 I reported the unauthorized charges to Chime immediately on XX/XX/year>. At that time, I also reported that my XXXX Chime credit card had been lost. I did not have possession of the card when the transactions occurred. 
 
 Chime opened a dispute and later denied my claim, stating that no billing error occurred after reviewing their systems and information from merchants and networks. Chime did not explain what evidence was used to determine that the charges were authorized, despite my same-day notification and report of a lost card. 
 
 Chime has advised that the disputed amount of {$320.00} will be included in my payment due on XX/XX/year>. I am requesting a formal re-investigation and reversal of these unauthorized charges."
9931,Credit reporting,"I am a XXXX XXXX XXXX who assisted in XXXX during the Covid-19 crisis. I had called Nordstroms prior to my leaving to explain I could not afford the payments and needing a payment plan. The XXXX dollar payment plan they offered I could not pay. I returned from XXXX and called to pay my entire XXXX bill in full. I had saved up to pay this debt off from my paycheck. I received pushback from a store employee in the credit department stating the late fees of XXXX dollars would not be forgiven despite the Cares Act President Trump signed. 
 I was then transferred to a supervisor stating, you had to call us to get that credit! I told him I was kind of busy saving lives with people who were dying ... he stated, Im sorry you still owe the money I cant help you. 
 I need assistance, they need to accept my full payment of my XXXX bill and take this off my credit bureau report. 
 I am very upset that after all we as Americans have been through this is how XXXX XXXX are treated! 
 Much Respect, XXXX XXXX"
9932,Consumer loan,I paid off the loan ending in XXXX application I'd XXXX over two weeks ago and still have not received m refund which should be over XXXX dollars.They have a policy where they demand prompt timely payments but thier policy for refunds is not mutual
9933,Debt collection,"On XX/XX/year>, I received a notice from XXXX XXXX XXXX XXXX claiming I owed {$630.00} on an account ending in XXXX that was allegedly sold to them by XXXX XXXX XXXX XXXX I dispute the validity of this debt and on XX/XX/year>, I sent a written cease-and-desist letter pursuant to the Fair Debt Collection Practices Act ( FDCPA ), 15 U.S.C. 1692c ( c ). In that letter, I requested all collection efforts stop unless proper verification of the alleged debt was provided. Despite this, I have continued to receive communications attempting to collect without verification. This is causing me unnecessary stress and constitutes a potential violation of federal law."
9934,Mortgage,"I am a potential successor in interest to a deceased borrower and have provided the loan servicer with documentation supporting my interest in the property, including a certified death certificate and a filed petition for determination of succession to real property. Despite providing this documentation, the servicer has failed to properly evaluate my status and has instead classified me as an unauthorized third party, refusing to provide even basic loan information such as a reinstatement quote. The property is currently in foreclosure, and I am actively attempting to cure the default. However, the servicers refusal to provide reinstatement information is preventing me from doing so. Under federal mortgage servicing rules, a servicer is required to respond to Requests for Information and to evaluate and communicate with a potential successor in interest upon receipt of reasonable documentation. The servicer must identify any additional documents needed and can not simply deny access without review. I have submitted multiple requests for a reinstatement quote and account information and have also submitted a formal Request for Information and Notice of Error. The servicer has failed to provide the requested information or meaningfully respond. This conduct is causing imminent harm due to the pending foreclosure sale and is preventing me from exercising my rights to protect the property. I am requesting that the servicer : Properly evaluate my status as a successor in interest Clearly identify any additional documentation required Provide a reinstatement quote and loan information immediately Pause foreclosure activity to allow a reasonable opportunity to cure the default"
9935,Credit reporting,"XX/XX/2017 National Credit Systems placed an item on my credit report as a collection account for {$460.00}. I have no record or account of this debt owed to this company, nor do I know who this company is. I never received any kind of verification of debt by phone, email or mail. This account is not mine and I would like for the false, erroneous and unverifiable information to be removed from my credit report immediately."
9936,Bank account or service,"On the XXXX of XXXX, someone in far away California, who had probably found a way to clone my card, and deduce my pin number ( as informed by Police ) went ahead and deducted {$160.00} from my account. At XXXX on the same day, I in XXXX Maryland tried to check for my payment from my job, and found the said amount had been deducted, since then I have requested investigation, reported to the Police, yet Citibank keeps reimbursing and then going ahead to later deduct this said amount, after they claim that "" this activity is consistent with my normal banking activities '' ... Please how would I have used my ATM in California at XXXX and then come to my bank in Maryland at XXXX and XXXX to complain?? How could I have gone to work the night before in Maryland then be in California by XXXX on XXXX??"
9937,Mortgage,"We have an escrow account with our mortgage company, Mr Cooper, to pay insurance and taxes. We received a letter from the city on XX/XX/2022 that the property taxes are overdue. We went to the city in person and they confirmed that they never received the property tax payment of {$4400.00} by looking at their electronic payment records and checks. To avoid further penalties we paid the property tax in person. 
 When we checked our account with the mortgage company 's website it said that the property taxes were paid XX/XX/2022. 
 On XX/XX/2022 we contacted the mortgage company via phone to file the complaint of the missing payment. They promised to get back to us within a week with an explanation. We never received a call with an explanation. 
 On XX/XX/2022, we filed a notice of error through the mortgage company 's error center. 
 On XX/XX/2022, we received a message that issue was forwarded to mortgage company 's Tax Department for completion of investigation on disbursed amount on XX/XX/2022. 
 We have never received an explanation or notice, neither has the escrow account been corrected."
9938,Debt collection,"I was never notified of my balance owed to the apartment complex ( XXXX XXXX XXXX Apartments ) I moved away from. In the statement they provided the debt collector, false information was included. 
 XXXX alleged that I did not provide proper notice nor a forwarding address, which is false. Pictures attached of my conversation with the XXXX at XXXX providing notice of my move in XXXX, 2022 as well as my forwarding address are attached. 
 
 At no time did XXXX send me a statement showing I owed them a debt. My account was sent to collections without even knowing I owed a debt to begin with. 
 
 Additionally, the holdover fee mentioned in the paperwork was unable to be paid as the XXXX XXXX did not update XXXX to reflect this amount was due. I attempted to pay this, the system would not let me as it was more than the amount I owed in the system. I asked for help on how to pay and never received a response. Those pictures are attached. 
 
 I disputed the debt with the debt collector ; however, they did not followed up with the status in a timely manner and it has negatively impacted my credit report. I should not even owe this debt to begin with, given I never received a statement that I owed anything prior to being sent to collections and XXXX had my address."
9939,Bank account or service,"On XX/XX/year>, I used my XXXX Debit Card ( issued by PayPal , Inc. ) to make a payment of {$1200.00} to XXXX XXXX. The transaction was later canceled by XXXX XXXX, and I received written confirmation from XXXX XXXX stating that the funds would be refunded within five business days. However, the refund was never credited back to my account. I submitted a formal dispute to XXXX per Regulation E, providing the required documentation, including : - A copy of the cancellation notice from XXXX XXXX - A copy of the refund confirmation In response, XXXX simply replied : After careful investigation, we've determined that an error has not occurred and the dispute claim has not been resolved in your favor. This decision was made because our records show that this transaction was processed correctly. XXXX did not provide any evidence supporting their denial. Furthermore, when I asked for clarification and submitted additional evidence, they told me the case could be reopened only as a rebuttal, which would not entitle me to a provisional credit and would require another 90-day wait. This is in direct violation of Regulation E ( 12 CFR 1005 ), which requires : - A good faith investigation - A written explanation of the findings - Supporting evidence upon request - Issuance of provisional credit if the investigation extends beyond 10 business days ( or 20 for new accounts ) To date, I have not received a refund from XXXX nor a proper investigation, nor was a provisional credit provided. I am seeking : - Immediate refund of {$1200.00} - Full explanation of how their investigation was conducted - A copy of the documentation they used to deny the claim - Compliance with Regulation E, including provisional credit if they will take more time to investigate"
9940,Bank account or service,"Wells Fargo Bank at the corner of XXXX XXXX XXXX and city wide in XXXX XXXX Texas outsources their ATM Services to a third party vendor. These machines are constantly broken down at least once a month. These ATM machines often do not function at all and when they do they function poorly. 
 
 On XX/XX/2024 I deposited {$700.00}. I counted the cash before deposit and verified that the amount was {$700.00}. I did so because about three weeks prior a Wells Fargo Bank location in XXXX XXXX XXXX had shorted me {$100.00} and I was able to obtain a credit for that amount. I followed the recommended procedures and called the XXXX number on my deposit slip to file for an investigation from the ATM Claims Department . On XX/XX/2024 a letter was sent out from the ATM Claims Department that the amount I deposited the was {$600.00} not {$700.00}. I spoke to XXXX and his supervisor and informed them that I had in fact deposited {$700.00} that day not {$600.00}. They failed to honor my claim to my money.
 
 Wells Fargo steals money from its customers through ATM machines that do not function to serve customers needs but rather steals money from unsuspecting customers who use their ATM 's. A review of their bank records will confirm that their ATM break down monthly and I am probably on of many in a class of consumers that are being defrauded by Wells Fargo bank."
9941,Credit reporting,"XXXX XXXX XXXX XXXX XXXX XXXX XXXX XXXX XXXX, XXXX XXXX XXXX XXXX Transunion XXXX XXXX XXXX XXXX, XXXX XXXX DOJ STATE OF OREGON DIVISION OF CHILD SUPP. XXXX XXXX XXXX. XXXX, XXXX XXXX Re : Account : # XXXX Account # XXXX Account # XXXX Pre-Arbitration Notice To whom it may concern, I have been hired to represent XXXX XXXX XXXX in this matter. We have authorization from the client to communicate with you and settle claims on his behalf. 
 This notice shall serve as a notice and cure as well as a pre-arbitration notice. Attached is a copy of the true and accurate complaint which is intended to be filed with the arbitrating venue. 
 Please note the allegations stated herein are pending the re-investigation results from Transunion. 
 Claims and relief can be found in the attached complaint. We are looking to handle this matter quickly and amicably ; however, we are prepared to file with the arbitrating venue in the event that we are not able to resolve this matter. 
 Respectfully, XXXX XXXX XXXX"
9942,Money transfer or service,"I am submitting this complaint against Chase Bank regarding XXXX transfers from my account ending in XXXX. In XX/XX/year>, I initiated authorized XXXX transfers from my Chase account to an XXXX XXXX savings account. These transfers were legitimate and represented repayment of a personal obligation. XXXX XXXX accepted the funds but later restricted the receiving account and has not made the funds available or returned them. XXXX XXXX has confirmed that it is currently holding the funds and has indicated that action from the originating bank ( Chase ) is required for the funds to be returned. I filed a claim with Chase requesting assistance. However, Chase closed the claim multiple times on the basis that the transactions were authorized, without addressing the actual issue : the funds were accepted by the receiving bank but were not properly credited or returned. This is not a fraud claim. The issue is that the funds are being held by another financial institution, and I depend on Chase as the originating bank to initiate a recall or recovery process. I am XXXX XXXX XXXX, and these funds represent a significant portion of my life savings. This situation has placed me in a very difficult position. This was not a fraudulent transaction. It was an authorized transfer made in good faith. However, due to what appears to be a technical or procedural issue between the banks, my funds are now in limbo. XXXX XXXX has indicated that the funds can only be returned through action from Chase, yet Chase has not taken the necessary steps to assist in recovering the funds. As a result, I am left in the middle of XXXX financial institutions, unable to access my money. This situation reflects a lack of coordination and lack of reasonable assistance in resolving a non-fraud issue. Despite providing supporting documentation, Chase has not taken adequate steps to recover the funds or assist in resolving the matter."
9943,Bank account or service,"Iam Filing a complaint regarding capital one 's failure to deposit my direct deposit from my employer, or any other deposits. They noted technical difficulties in their website and received an email stating that they were going to solve the issue by Friday morning of the date XX/XX/year>. This situation raises concern about consumers protection laws."
9944,Debt collection,"I have numerous debts from this collection agency on my credit reports but I am not aware of them only that I went to hospital but I'm not sure of the totals that this company is saying I owe I never got a chance to validate the debt. And I'm experiencing a hardship right now due to losing my job related to the coronavirus. The company name : WAKEFIELD AND ASSOCIATES Last reported XX/XX/2022 {$1000.00} Open balance XXXX XXXX XXXX Original creditor WAKEFIELD AND ASSOCIATES Last reported XX/XX/2022 {$1100.00} Open balance XXXX XXXX XXXX Original creditor & also these Last reported XX/XX/2022 {$1000.00}, Last reported XX/XX/2022 {$710.00} Last reported XX/XX/2022 {$950.00} Last reported XX/XX/2022 {$650.00} Open balance XXXX XXXX XXXX Original creditor A total of 6 different collections please help. 
 Thank you in advance"
9945,Consumer loan,"I have reached out twice to Bridgecrest Bank, who currently holds my vehicle 's Lien, which I bought in early XX/XX/year>. Shortly after, I received military orders to PCS ( permanent change of station ) OCONUS, and in order to ship my car on the military 's dime, one of the documents required is a Lienholders authorization letter. So I called the Bridgecrest, and made the request, submitted my orders per the instructions, and my timeline. A month passed and didn't hear back. Now it's been XXXX months, so I called back to check the status, and this time I was told that in order for me to receive this letter I have to pay an additional {$1800.00} ( XXXX more payments ) before they could release this letter. This is unreasonable and not to mention never initially part of the original contract or conversation I had in XXXX. I am to ship this car on XXXX XXXX and this issue is against the Service Member Civil Relief Act and adding additional unwarranted stress to an already stressful situation."
9946,Credit reporting,"My account with XXXX XXXX XXXX, XXXX XXXX XXXX XXXX XXXX XXXX XXXX XXXX was never late! I have had exceptional payment history witH XXXX XXXXXXXX and all payments were placed on Autopay. This late payment that is reporting is a result on a systematic error on their end processing my payment. 
 
 This was clearly a billing error made my the company and is not a reflection of my payment experience which violates USC Code 1681eb. This error has caused severe hard to my reputation, my character, my mode of living and to my family!
 
 I demand the late payment reported in to be removed.
 
 They are not in compliance with the following law. 15 USC 1666b and its requirements set the standards and the guidance for a creditor to treat a payment as late, yet they are reporting a payment as late and they did not comply with the law!
 
 15 USC 1666b ( a ) Time to make payments A creditor may not treat a payment on a credit card account under an open end consumer credit plan as late for any purpose, unless the creditor has adopted reasonable procedures designed to ensure that each periodic statement including the information required by section 1637 ( b ) of this title is mailed or delivered to the consumer not later than 21 days before the payment due date. 
 
 XXXX XXXX XXXX, XXXX XXXX XXXX XXXX XXXX, AND XXXX XXXX never sent the periodic statement along with the disclosures from section 1637 ( b ).
 
 I have requested proof that this information was mailed or delivered 21 days before the payment due date and this information was requested in good faith pursuant rule 1002 and It was never provided. 
 
 This is unfair, illegal, fraudulent, and not equitable to me as a consumer! 
 
 Delete the late payments from my consumer reports"
9947,Bank account or service,"XXXX XXXX reversed a charge on my CitiBank account XXXX The reversal never showed up on my CitiBank account. When I contacted CitiBank they told me they are unable to see the transactions or the reversal. They told me I needed to provide proof of transaction/reversal in order to receive my credit back. Dates of XXXX XXXX Transactions : XX/XX/XXXX {$620.00} XX/XX/XXXX {$320.00} XX/XX/XXXX {$0.00} XX/XX/XXXX {$0.00} Date of Enterprise Rent-A-Car XXXX Reversal : XX/XX/XXXX {$940.00} I have had to make several phone calls and emails only to find out I need to dispute this with CitiBank Corporate and mail them proof of XXXXunds/reversal. XX/XX/XXXX I mailed a letter of proof of funds/reversal to CitiBank Corporate from XXXX XXXX and highlighted the date and amount of reversal. XXXX/26 I received a message in my CitiBank account denying my dispute saying "" We are unable to help due to not being contacted in a timely manner. '' The information they provided me was irrelevant and from a previous rental car use on XXXX/24 {$1400.00}, which is the incorrect date and amount. According to CitiBank 's website it can take a few days to several weeks to receive the refund in your account. I have been waiting since XXXX/26 for my {$940.00}, I have provided both proof of transactions and reversal and still they are denying my dispute because they are unable to find it on the statement."
9948,Bank account or service,"I am reporting an unauthorized transaction that was processed through my XXXX account and withdrawn from my personal bank account. 
 
 On XX/XX/year>, I was charged {$1100.00} for a transaction I did not authorize or make. The purchase appears to have been a XXXX product shipped to XXXX XXXX XXXX, XXXX, XXXX. I have no connection to that address, do not know anyone in Kentucky, and I live in California. I did not place this order. 
 
 This transaction is fraudulent. It indicates that my XXXX account or associated payment credentials were compromised without my knowledge or consent. I immediately disputed the charge with both XXXX and my bank, but neither party has conducted a meaningful investigation. XXXX initially denied my claim, and my bank stated that their investigation consists of asking XXXX whether I made the purchase. I have uploaded evidence, including my XXXX report, but XXXX claims not to have received it. 
 
 Because my bank account was debited without authorization, and because both XXXX and the bank are shifting responsibility to each other without performing a proper fraud investigation, I am filing this report with the FTC. 
 
 I am seeking assistance in establishing a formal record of identity theft/unauthorized access so that I can file a police report and require both XXXX and my bank to comply with their legal obligations regarding unauthorized electronic fund transfers."
9949,Bank account or service,"Wells Fargo has been my bank for 29 years. I was attacked by a pit bull and have a go fund me account that deposits directly into my account. They have {$800.00} they are holding, with no reason. The fraud department does n't know, the banking XXXX does n't know. They are holding money that will help me pay for my bills since I ca n't work. How do I get my {$800.00} back. Since I have to lay at home I have had hours of conversations with numerous "" specialists '' and they still do n't have an answer. What do I do?"
9950,Credit reporting,"I am writing to formally dispute the following inquiries appearing on my credit report, as I did not authorize these entities to access my credit information. Pursuant to the Fair Credit Reporting Act ( FCRA ), specifically 15 USC 1681b, access to my credit report is permissible only under specific conditions, including my written consent, a legitimate business need, or a court order. I contend that the inquiries listed below do not satisfy these requirements and respectfully request a thorough investigation and subsequent removal of these entries from my credit file."
9951,Credit reporting,"Good Morning, I previously held an account with Dell Financial Services, during which time I had set up automatic payments and text notifications to ensure my account remained current. However, Dell Financial Services transferred my account to Comenity without informing me, resulting in the discontinuation of my automatic payments. I did not receive any text or mail notifications regarding my overdue account, and only became aware of the issue when it was reported as past due for the month of XX/XX/2023 on my credit report, which I monitor using the XXXX app. Upon contacting them, they explained that the account had been sold to them and acknowledged that while they had my registered phone number, the address on file was incorrect. They refunded the late fees, but my credit score remains affected due to their mishandling of the account. It's worth noting that they could have easily contacted me via text if my account was past due, mitigating this issue. Please find enclosed the statement confirming the refund of late fees, as they have acknowledged their mistake."
9952,Bank account or service,"After not using the business checking account for years, I decided to move some funds to a personal account within the same bank with better interest. After checking the minimum balance online, everywhere saying {$500.00} was the minimum balance needed, I moved all but {$1100.00} to the personal account. Now over 13 months later, I have received a payment to this business and went online to deposit only seeing {$900.00} and XXXX times a {$16.00} fee was applied to my account. This was when I first learned of a {$5000.00} minimum balance. No email or text was sent notifying me of any fee over the 13 months they continued to charge an unused account. Not even a statement was sent! In that time I received multiple emails and texts about my personal account, even about fees. Banks are required under Federal law to disclose any fees they charge in connection with a deposit account."
9953,Bank account or service,"Complaint XXXX XXXXXXXX XXXX XXXX, is a corporate entity doing business legally in XXXX XXXX with the corporate registry number XXXX. See attachment A On XX/XX/2021 one of the authorized officers of the Corporation, XXXX XXXX, requested a stop payment from First Bank to stop any payments regarding the check number XXXX. Check XXXX, at that time, was losXXXX XXXX XXXX XXXX payed First Bank for that service to stop any payments of check XXXX. See attachment B ( authorized officer ) and attachment C ( request for stop payment ) Nonetheless, on XX/XX/2021 we received the bank transactions and notice that check XXXX was in fact payed to a third party for the amount of {$7000.00}. See attachment D After noticing the transaction, we immediately submit a claim to First Bank in order to know the reasons as why they payed check XXXX even when we did in fact requested a stop payment. 
 
 
 
 On XX/XX/2021 we received a letter from First Bank stating that after reviewing the complaint and making a thorough investigation that did no find any stop payment for check XXXX. See attachment E On XX/XX/2021 we submit a letter again inquiring why they payed a check which we did not authorized payment even when we did requested on a timely fashion a stop payment for check XXXX. It did not make sense that they did not found a stop payment on their systems even when we do have the evidence of such request. See attachment F On XX/XX/2021, we received another letter from First Bank of Puerto Rico stating that after investigating their records, now they did not have any record of such transaction paying the check XXXX for the amount of {$7000.00}."
9954,Debt collection,"Rash Curtis reported a bill from XXXX in XXXX as "" in Collection '' as of XXXX. There was no detail about the bill except that the services were from XXXX which turned out to be incorrect. I called XXXX in XXXX on XXXX/XXXX/XXXX. XXXX reviewed my account and advised that the bill was paid in full by the insurance company on XXXX/XXXX/XXXX. There is no patient portion due. Here are more details : Date of Service : XXXX/XXXX/XXXX, amount XXXX. This went to collection on XXXX/XXXX/XXXX and was paid in full by XXXX XXXX on XXXX/XXXX/XXXX. XXXX advised that XXXX year ago they changed collection agencies and hired Rash Curtis. Rash Curtis reported everything to the credit bureaus regardless of account status. In other words, even though my account was at XXXX balance as on XXXX/XXXX/XXXX, Rash Curtis reported this as in collection because it had been in collection at XXXX time. I ca n't imagine how many people will look at their credit report XXXX day and see this incorrect report even though Rash Curtis knows that they need to review all of XXXX in XXXX accounts to ensure the amount is truly overdue."
9955,Bank account or service,"On XX/XX/XXXX I transferred {$50000.00} to Ally Bank to take advantage of a account Bonus promotion. The promotion was deposit NEW money into your Ally account and receive a 1 % Bonus up to {$500.00}. My bank transferred the {$50000.00} on XX/XX/XXXX and Ally received it on XX/XX/XXXX. I know this because I called Ally on XX/XX/XXXX to verify they had received the money on XXXX since it was the last day of the promotion. The Ally employee told me they had the {$50000.00} and it was pending. I asked if the fact that it said pending meant they actually had the money and that it did qualify for the promotion and the 1 % Bonus. The Ally employee assured me that it qualified for the Bonus. The money had to remain untouched until XX/XX/XXXX when it qualified for the Bonus, which would then be deposited into my Ally account on XX/XX/XXXX. I noted this in my calendar and called on XX/XX/XXXX to verify the deposit of {$500.00}. I was told that I would not receive the Bonus because the money was not deposited until XX/XX/XXXX. Ally said they had an internal note placed in my account in XX/XX/XXXX advising I was not eligible for the Bonus, but that info was not sent to me. I spoke with a supervisor on XX/XX/XXXX and filed a case regarding this matter. I was told a few days I would get a response. I have called a total of XXXX times and have been told 3-7 days, 7 business days, 14 business days, give it another week and now have been told that there are SO many complaints regarding NOT receiving the Bonus that the department can't get to answering all the outstanding cases. Online there are groups of people writing about the problems they are having with Ally Bank regarding NOT RECEIVING their 1 % bonus. This situation is unacceptable and during these 2 months of waiting for a resolution to my case and the payment of my {$500.00} they are also holding my LARGE sum of money. PLEASE intervene and help. Thank You"
9956,Credit reporting,"I am submitting this complaint as response to the most recent investigation conducted by the Credit Bureaus. I have to pursue my efforts to resolve these matters which require intentness to my personal credit report. I am frustrated and feel there are errors that are still reported on my personal credit report which are not clearly stated as to the accuracy and completeness of the information. At this time, I solely seek the correct remedy to my personal credit report and dispute the remaining information to fix. Under th FCRA Sections 609 ( a ) ( 1 ) ( A ) and 611 ( a ) ( 1 ) require the 3 credit bureaus to validate these accounts ( A ). It is not permissible to fail to validate these reporting accounts as unverified information without providing any proof within the time frame specified by law. If the Credit Bureuas do not comply with the request to correct the disputed accounts, I would highly appreciate it if the disputed items will be removed immediately : XXXX XXXX XXXX XXXX XXXX, MO XXXX XXXX XXXX Balance Owed : {$0.00} XXXX XXXX Balance Owed : {$0.00}"
9957,Bank account or service,"The merchant - XXXX XXXX charged me {$1000.00} twice. I contacted them and they wont return my calls so I contacted BofA to dispute the extra {$1000.00}. They have yet to provide at least a provisional until the matter is resolved. 
 
 The rep told me it could be 90 days before I would receive those funds back."
9958,Credit reporting,"Debt was removed from my credit report after not being able to validate the debt as per my right to FCRA. Then re added back on there which is a direct violation of my FCRA. 
 
 A consumer reporting agency shall provide to a consumer in writing, no later than 5 business days after the date of the reinsertion : ( I ) a statement that the disputed information has been reinserted ; ( II ) the business name and address of any furnisher of information contacted and the telephone number of such furnisher, if reasonably available, or of any furnisher of information that contacted the consumer reporting agency, in connection with the reinsertion of such information, and ; ( III ) a notice that the consumer has the right to add a statement to the consumer 's file disputing the accuracy or completeness of the disputed information.
 
 I received no such notification and this is a serious violation of the FCRA. I am requesting that you furnish this information within 15 days. If you do not provide the information requested, you must delete ( this/these ) account ( s ) as required by the FCRA. Please send me a copy of my updated credit report after you have completed this request. 
 I request that these debts are removed immediately as they do not belong to me. 
 
 I contacted the credit bureau and there was no validation provided XXXX from Equifax, XXXX XXXX, 2017 at XXXX provide any validation about the debt that is allegedly owed. I am extremely upset that my rights were violated and will attempt to take legal action of necessary. 
 =="
9959,Bank account or service,"I am writing to express my deep concern and disappointment regarding the sudden closure of my Navy Federal Credit Union account. I have been a loyal member for five years and have never experienced any issues until recently, when I became a victim of identity theft.
 
 While I was at work, unaware of any suspicious activity, someone used my personal informationincluding my Social Security number and nameto fraudulently attempt to open an account. Navy Federal contacted me, and I confirmed that I had not authorized the activity. Unfortunately, rather than launching a thorough investigation into the incidentsuch as reviewing the IP address or location of the unauthorized attemptmy account was abruptly closed without explanation or further follow-up.
 
 Since then, I have taken steps to protect my identity, including placing a credit lock on my credit reports. I have also attempted to reach out to the investigation team multiple times via email, but I have yet to receive any response. The lack of communication and support has been both frustrating and disheartening.
 
 I truly valued my relationship with Navy Federal and hoped to resolve this matter professionally. However, the handling of this situation has left me feeling neglected and unsupported during a vulnerable time. I respectfully request a full review of my case and a proper investigation into the unauthorized activity that led to the closure of my account."
9960,Mortgage,"I have reached out to the company for over a year now in reference to this issue and have been told on numerous occasions and by different individuals that either the error would be corrected or someone would give me a call back .. neither of which has happened. 
 
 There is an Amount of {$510.00} that has shown on my Monthly Mortgage Statement under Total Fees and Charges for over a year now. It reduces my Monthly Amount Owed by that said amount, but I have been told that it is not a Credit. If it is in fact a Fee, what is the explanation of the fee and why does it "" decrease '' my Monthly Payment vs. "" Increasing '' my Monthly Payment. 
 
 Please have this item corrected, so that my Monthly Statement can reflect a correct Amount Due."
9961,Mortgage,"Wheres my money deb and XXXX XXXX U stole money. I demanded its return. You ignored me and passed off the problem to XXXX XXXX a servicer. 
 
 Wheres my money!!! My XXXX wrote several XXXX dollars was taken from payment you got and u applied it to an escrow. He failed. You failed. The XXXX team failed. Everyone failed. To EXPLAIN WHERE THAT MONEY IS. 
 
 WHERES MY MONEY ALAMEDA MORTGAGE. 
 
 Wheres the hundreds of dollars you applied to an escrow account???"
9962,Credit card,"In XX/XX/XXXX I opened a Macy 's XXXX card at the recommendation of a sales person even though I had a Macy 's Credit Card. When my bill of approximately {$410.00} was paid in full as I do monthly with all charge card through my online bank payment service, the funds were inadvertently sent to the Macy Credit Card address rather than the new XXXX address. Since that time I have spoken monthly to representatives from both Macy 's Credit Card and XXXX to try to get the money to be credited to the XXXX. Each time I have been assured that it would take a month but it would be resolved. At some point in this XXXX process. The money was moved to the XXXX but then Macy 's Credit Card began calling saying I had a bill of the same amount. I have had service charges of over {$600.00} and those were removed with the promise of having the funds I paid applied to the XXXX Now it appears that Macy has XXXX the {$400.00} charge back to the XXXX card. I DO NOT intend to repay a bill that was paid because of your inability to apply it to the correct account. I have talked to both companies for 9 months and they admit the error and assure me it will be fixed but then it reappears. I do n't want my credit ruined because of their errors. By the way, when trying to submit a complaint on Macy 's website, my submission gets rejected because of "" special characters. '' There are no special characters since I only submitted what I 'm submitting here so you should tell them or penalize them for this anti-consumer behavior. There is only XXXX choice of the company but my problem involves both Macy 's old credit card and their new Macy 's AMEX card."
9963,Money transfer or service,"Please help me get my {$6500.00} back. Coinbase lost my total {$6500.00} transfer. 
 
 I made wire transfer {$3000.00} on XXXX and {$3500.00} on XX/XX/XXXX from XXXX XXXX Bank to XXXX XXXX XXXX. The amount was never credited to my Coinbase account so I opened a support ticket two weeks later. 
 
 On XX/XX/XXXX, I reported to XXXX XXXX Bank and filed this case as fraud. I also contacted Coinbase to refund {$6500.00} again. 
 
 On XX/XX/XXXX, I finally received email from Coinbase that {$6400.00} ( {$20.00} fee ) was funded on my Coinbase account, however, it says "" Buys disabled. '' I requested to refund {$6500.00}. 
 
 On XX/XX/XXXX, Coinbase closed my account without notice. 
 
 I contacted Coinbase multiple times to request the refund of my {$6500.00}, but no response. 
 
 On XXXX, XXXX XXXX closed the original claim and reopened to escalate with online wire transfer claim. 
 
 Now here I am, 6 weeks later, still waiting for Coinbase to return it. 
 
 Deposit reference : XXXX {$3500.00} Deposit reference : XXXX {$3000.00}"
9964,Money transfer or service,"I am writing to formally express my concer regarding Zelle 's handling of disputes, particularly in light of the recent CFPB lawsuit highlighting significant issues with the platform. Despite using Zelle numerous times and reporting discrepancies, my financial institution and Zelle failed to investigate my claims adequately. They informed me that recovering lost funds was impossible and that tracking these transactions was unfeasible. The CFPB 's findings indicate that Zelle has not only neglected to protect consumers but has als allowed repeat offenders to exploit the system, leaving users vulnerable to scams. This lack of accountability and transparency is unacceptable and raises serious concerns about consumers safety"
9965,Debt collection,"XX/XX/XXXX :XX/XX/XXXX directly reported on my Credit a collection of {$970.00}. 
 This collection was on behalf of XXXXXX/XX/XXXXXXXX XXXX apartment. 
 I had an email confirmation from the Property Manager at XXXXXX/XX/XXXXXXXX XXXX that "" Issue was resolved and they had actually sent me a refund check. '' I did not owe any debt to XXXXXX/XX/XXXXXXXX XXXX. 
 
 XX/XX/XXXX : I spoke with an agent from XX/XX/XXXXand they asked me to email the dispute. I sent them the dispute email with all the supporting documents. 
 
 XX/XX/XXXX : I have received the email from the Property Manager that all the issues were resolved and they sent me a refund check. Around this time, the apartment complex had a change of management and I fear that this error was a result of transition in the management. 
 
 With repeated follow up with XX/XX/XXXX, they have still not resolved this matter. This collection on my Credit Report impacted my credit score significantly and my ability to use my credit cards or even look to rent an apartment. 
 
 I'd like CFPB to help with this and take it up with XXXX and/or XXXXXX/XX/XXXX XXXX XXXX to resolve this matter asap. This has impacted my credit score significantly and it needs to go away ASAP. 
 
 Thank you."
9966,Credit card,"I received a bill from Montgomery Wards on XX/XX/year>. I called them and they took all the information from me. Told me they put a fraud alert up. Some of the packages went to, XXXX, and XXXX, and XXXX. I received 5 packages since. I have tried to have them give me return labels. but can not get ant were I also file a fraud alert with the Police. I keep getting packages I did not order. I want it to STOP!!!!!!!! Thank you. The Police said that this is a Scam."
9967,Debt collection,"Validation of Debt Request- JEFFERSON CAPITAL SYSTXXXX XXXX XXXX XXXX Validation of Debt Request- JEFFERSON CAPITAL SYST/XXXXXXXX XXXX XXXX XXXX XXXX XXXX XXXX XXXX XXXX XXXX XXXX XXXX XXXX XXXX XXXX XXXX XXXX XXXX XXXX XXXX I am disputing this account as inaccurate and request full validation, including the original signed agreement and complete payment history. If you can not verify this debt, you must delete it from all credit reporting agencies. Pursuant to the Fair Debt Collection Practices Act ( FDCPA ) 1006.34, I am entitled to receive verification of the debt you claim I owe. I dispute the validity of this debt and, as such, I am exercising my rights under the FDCPA to seek verification. Please provide the following information within the next 30 days : 1. The amount of the debt claimed. 2. The name of the original creditor. 3. A copy of the agreement, contract, or other instrument that created the debt. 4. Verification that you are licensed to collect debts in."
9968,Debt collection,"Back in XXXX, I signed up to receive solar panels for my home residence through XXXX XXXX XXXX. It became quickly apparent that they were not going to complete this install in a timely manner as they had initially promised and I inquired about cancellation. I was told at the time by employee, XXXX XXXX, that I would not be charged the cancellation fee of up to XXXX XXXX of the total project cost. After further inquiry, he and some of the other employees of XXXX XXXX showed me in writing that my cancellation fee was waived. After this point in XXXX, I did not hear about any supposed debts I owed to XXXX XXXX. It was not until this last Friday ( XX/XX/XXXX ) that I received an email from a 3rd party called Advantage Billing XXXX XXXX ( not a physical mail or phone call ) that my account was overdue and demanded immediate payment within XXXX days else I would receive unspecified legal actions against me. There was no indication of my rights in the email nor how I could dispute the charges. I emailed them back the same day ( XX/XX/XXXX ) and said that I had proof that the cancellation fee was waived. I received no response. I tried calling today at their listed number ( XX/XX/XXXX ) and nobody picked up. I was leaving for XXXX on the same day I received their initial email and knew that I would not be home in the 10 days they gave to resolve the issue."
9969,Mortgage,"refer to a letter sent on XX/XX/XXXX. By this means to date only one letter was received that the analysis they made corresponded. Please send all the documents you used to send payments to the crim with the receipts that the property had debt. As you view the payment on the internet increases in XXXX. I tell you that they can not continue sending payments to the crim because according to their analysis and my payments I have a credit in the crim of a full contributory year. 
 I need to send everything done to my crim account. Evidence of payment made to crim in XX/XX/XXXX and XX/XX/XXXX and all the complete evidences of the reason for which they sent payments to crim. Please verify my "" escrow '' account carefully again and I will wait for answers no later than the 45 days by law that you have. That high payment would greatly affect my family 's financial situation. 
 Claim for my "" escrow '' account since according to your system there is an unpaid payment for the Crim. Attached evidence of payment for the semester of XX/XX/XXXX-XX/XX/XXXX"
9970,Credit reporting,"I am submitting this dispute to request a full investigation into the inaccurate, outdated, or incomplete information on my credit report. I request that each credit bureau review, verify, and remove any items that can not be fully validated under the Fair Credit Reporting Act ( FCRA ). Below are the accounts in dispute for each bureau : Charged Off Accounts XXXX XXXX XXXX Account Number : XXXX Date Opened : XX/XX/year> Balance : {$97.00} Inquiries XXXX XXXX Date : XX/XX/year> XXXX XXXX Date : XX/XX/year> XXXX XXXX Date : XX/XX/year> XXXX XXXX Date : XX/XX/year>"
9971,Money transfer or service,"On XX/XX/year>, I purchased a certified refurbished XXXX XXXX from XXXX XXXX ( seller : XXXX ) for {$160.00}, paid via PayPal Pay in 4. The device arrived Activation Locked to a previous owner completely unusable, a brick. I immediately filed a dispute with PayPal under "" Significantly Not as Described. '' Despite providing overwhelming evidence ( IMEI photo, Activation Lock screenshot, XXXX XXXX receipt, tracking numbers, XXXX 's silence, voicemail proof, and screenshots of every communication ), PayPal denied my claim, closed my case arbitrarily, and then withdrew all four payments from my bank account. On XX/XX/year>, PayPal representative XXXX acknowledged my evidence and promised support. On XX/XX/year>, another representative, XXXX, closed my case in the seller 's favor without reviewing my evidence. On XX/XX/year>, XXXX from PayPal 's "" Office of Global Customer Complaints & Advocacy '' sent a form letter falsely claiming the seller "" accurately described the item '' a statement that is demonstrably false, as the phone was locked and unusable. I have been passed between multiple agents, ignored, and left with a defective product and stolen funds. PayPal has refused to honor its Purchase Protection policy despite clear and repeated evidence."
9972,Bank account or service,They charged overdraft fees on dates after the fact when I had already deposited funds into the account. Causing compounding fees. I would not be negative RIGHT NOW if not for their fees and shady date changing in the system. I deposited funds but they hold them until convenient to say I didn't have enough then hit me with fees they can not refund. Predatory and causing material harm.
9973,Credit reporting,"Wells Fargo NA reported past due delinquency on my credit report. 
 These were reported on XXXX XXXX and XXXX XXXX, These are both inaccurate and have impacted my credit and my ability to secure a loan for housing for the past two years. I have tried XXXX separate times to have Wells Fargo remove these past due delinquencies removed from my credit report. I fell as though the latest response from Wells Fargo NA is bullying me and punishing me with compliance condition codes applied to my Credit report. 
 
 I am unable to secure a loan and his is impacting my family 's ability to purchase a home. 
 This has been impacting our ability to secure a loan for over two years now. 
 
 I have attached two documents : # 1. My credit report with the XXXX separate Past Due claims from Wells Fargo NA on my credit report. ( XXXX Wells Fargo ) # 2 Response from Wells Fargo ( XXXX )"
9974,Money transfer or service,"Frustrating experience with Remitly especially for business users. Heres what happened : XX/XX/year> "" XXXX USD They advertise a new-user promotional rate, but after signing up, I was told Im not eligible because they couldnt text my phone even though XXXX texts worked just fine. the just bait customers like this. I proceeded anyway and initiated a XXXX XXXX business transfer ( to a well-known sporting goods company ). After days of delays and document verification, it was approved only to be put on hold AGAIN days later. This time, they claimed their partner bank rejected the transfer and suggested I send to a personal account or switch to cash pickup. Seriously? For a legitimate XXXX transaction? Support ( including a supervisor ) repeated the same unacceptable options with no real resolution. My funds were held for XXXX days- with XXXX accountability. When I asked the supervisor for basic identification, they refused citing security, yet expected full personal details from me. The most concerning part : when I informed the supervisor I would record the conversation and asked her to repeat her statement, she suddenly went silent for a few moments and then pretended she couldnt hear me ( Hello sir, I cant hear you ). Completely unprofessional and felt like deliberate avoidance. The experience felt inconsistent, unprofessional, and concerning especially for financial transactions. Reference # : XXXX # Remitly # CustomerExperience # Fintech # BusinessPayments # InternationalTransfers # XXXX # Payments # Finance # CustomerService # TrustMatters # GlobalBusiness # Entrepreneurship # ServiceFailure"
9975,Mortgage,I put my home on forbearance over 9 months ago and tried to take it off and they renewed it without my permission. I have tried to resolve it and have called them over 45 times in the past 9 months with no resolve yet. I have been told so many things and so many different answers its unbelievable. I just spoke with them today and was asked all the info again and then was put on hold to escalate the call but before she places me on hold she said it is my fault that things are getting goofed up because I am pushing buttons?? and once again no one came back on the line.I called them on XX/XX/XXXX and was told again that a letter would come saying that the loan amount balance would be placed at the end when I sell the home yet I never received the letter. I was told back in XXXX of 2021 that it would take 4-6 weeks to resolve the issue and I have been trying this whole time calling over and over. It is Flagstaff bank and I am so frustrated I have cried many times. What can I do? I would like other purchasers of homes to be aware of who they are using because this has been a nightmare. I have perfect credit and never had a problem like this.
9976,Credit reporting,"n accordance with the Fair Credit Reporting act. The List of accounts below has violated my federally protected consumer rights to privacy and confidentiality under 15 USC 1681. 
 
 
 Account Name : XXXX XXXX Account Number : XXXX has violated my rights. Or list of inquiries 15 U.S.C 1681 section 602 A. States I have the right to privacy.
 
 15 U.S.C 1681 Section 604 A Section 2 : It also states a consumer reporting agency can not furnish a account without my written instructions 15 U.S.C 1681c. ( a ) ( 5 ) Section States : no consumer reporting agency may make any consumer report containing any of the following items of information Any other adverse item of information, other than records of convictions of crimes which antedates the report by more than seven years.
 
 15 U.S.C. 1681s-2 ( A ) ( 1 ) A person shall not furnish any information relating to a consumer to any consumer reporting agency if the person knows or has reasonable cause to believe that the information is inaccurate."
9977,Credit reporting,"I sent a written request for verification of an account being reported by Citi on XX/XX/year>, asking for documentation including a signed agreement and itemized breakdown. 
 
 The company failed to provide this documentation. Despite the lack of proper verification, they are continuing to report the account to the credit bureaus, damaging my credit. This is a violation of the Fair Credit Reporting Act ( FCRA ), which requires furnishers to ensure the accuracy and verifiability of information reported."
9978,Mortgage,"I received a supplemental tax bill from the XXXX of XXXX, MA. Right after I received the bill, I contacted my then servicer Guaranteed Rate to ask if they would pay the bill or if I needed to. They got back to me saying that they will ( I have the the emails ). Subsequently, Guaranteed Rate sold the loan to XXXX. I recently noticed that the supplemental bill hadn't been paid, and I had now accrued a {$55.00} and some cents interest for late payment. I reached out to XXXX, explained the situation, and said that they should pay out of my escrow since I was promised that by Guaranteed Rate. XXXX then paid it off. But I had already accrued {$55.00} in interest and penalty which XXXX also paid from my escrow. I want Guaranteed Rate to refund to me the money they paid for the late fees, {$55.00}. This is negligence on the part of Guaranteed Rate. They told me they will pay off the bill ( Case XXXX Resolved - XXXX Loan # XXXX ) but they did not, and this led to the late and penalty fees. Had they told me they will not pay it, I would have paid it by the deadline. It is not my fault, and I should not be penalized for this."
9979,Credit card,"XXXX I went to XXXX, they asked me if I wanted a discount and I would sign up for a credit card. I never received my credit card or a statement of my charges. For 3 months I called them and asked for the card statement so I can make the payment, updating my address every time to the exact same address as they claimed that the reason I never got it.
 
 It frustrating paying a bill when you can not see what you have been charged for.
 
 3 months later they tell me they will take me to the collection agency if I dont pay I explain I would like to know what I am paying they say they cant tell me. They will send me a statement of course again I never get the statement.
 
 They then call intimidating me that I have to pay right away over the phone even if I havent gotten a statement. They couldnt send it by email or mail.
 
 I ask them to pay the full what I owe. I close the account that day. 
 
 Now they have put a charge of XXXX dollars on my account that they say I owe as the bill when I paid was processed XXXX after and therefore they will charge me XXXX dollars and a fee of XXXX dollars. They are complete scammers. Theyve taken advantage of me."
9980,Mortgage,"I started a loan modification with XXXX XXXX in 2011 which was supposed to combine a XXXX & XXXX. I was making payment under a trial period until they qualified me for the modification. XXXX months into the process they sold the loan to XXXX after 9 month of making payments which never reduced my principle balance and also they reported me late during the time I was making the agreed payments. SLS service called me and said they were starting foreclosure because I had n't made a payment in 9 months. I hired an attorney and all they agreed to do was start another modification. I agreed because I was afraid of losing my home.I was told I 'd only have XXXX mortgage so I assumed when XXXX sold the serving it included both the XXXX and XXXX because they were differing XXXX of the {$26000.00} I owed on the XXXX. Now the loan has been transferred once again to SPS and they are stating the deferred amount is {$24000.00} which is {$10000.00} more than I agreed to in the signed loan modification agreement with XXXX. My rate is 7 % so I 'm trying to refinance my loan with a lender I know. I 've been told I have XXXX liens against my property and XXXX of them was a XXXX from XXXX. I requested my note from SPS over 45 days ago and they still have n't provided it. XXXX reported to the credit bureaus ' that the original XXXX was paid and closed that is why I thought it was transfer to SLS and was the deferred portion of my current payoff. How can they do this? Say it 's paid and closed and refuse to provide me with a lien release. They are holding me hostage so I 'm not able to refinance to a lower rate. My complaint involves XXXX companies XXXX ( original lender ), XXXX ( XXXX servicer of my loan and loan modification provider ), SPS ( current servicer of my note which they have refused to provide in a timely manner and have added XXXX to the deferred portion of my payoff, which was not supposed to collect interest."
9981,Consumer loan,"I filed a complaint with your organization. XXXX XXXX responded by stating they were putting my loan in forbearance for 48 months, that was 2 months ago. I recieved a notice stating my payment was due ( the full amount plus interest ) starting again XX/XX/XXXX. They did not follow through on the statement they sent you and I. I Also sent in XXXX paperwork and they have yet to respond. That was over a month ago. I have XXXX XXXX XXXXXXXX XXXX. Im unable to work and my savings is depleted. Social security has denied me twice, Im on third appeal with no end in sight. Im out of options."
9982,Credit reporting,"c/o Lead Bank XXXX XXXX XXXX XXXX XXXX XXXX XXXX XXXX Attention XXXX XXXX XXXX XXXXXXXX XXXX Enclosed & Attached- Lead Bank/Self Annotated Member Agreement- Please Address Each Section Highlighted Exhibits Of Late Payments From XXXX XXXX & XXXX XXXX XXXX XXXX Power of Attorney Document Self Support Case XXXX, XXXX, XXXX, XXXX, & XXXX Page XXXX Under Lead Card Member Agreement Under Subsection Governing Law : This Agreement is governed by the laws of the State of Missouri, except that the Waiver of Jury Trial and Arbitration Agreement is governed by the Federal Arbitration Act ( "" FAA '' ), 9 U.S.C. 1-9. If any provision of this Agreement is held unenforceable, including any provision of the Waiver of Jury Trial and Arbitration Agreement, the remainder of this Agreement will remain in full force and effect. 
 
 The specific late payment in question, which is reflected in my account records, does not comply with the prescribed timelines for processing payments under the law. I request that you promptly review the relevant records and adjust the principal, XXXX XXXX payment history accordingly to reflect accurate and lawful reporting PER Federal Law 15 U.S.SC. 1666b. Opt Out : Per Federal Law, A financial institution may not, directly or through any affiliate, disclose to a nonaffiliated third party any nonpublic personal information unless such financial institution provides or has provided to the consumer a notice that complies with section 6803 of this title. 
 
 I, XXXX XXXX XXXXAuthorized Representative here on behalf of /principal. I Herbey XXXX : XXXX accepts all Titles, All Rights, All Interest, and Guaranteed Equity owed to Principal XXXX XXXX. I hereby instruct you to apply the Principals Balance to Principals Account Number : XXXX + Account Number : XXXX Account # : XXXX - Loan # : XXXX."
9983,Mortgage,"SNSC MORTGAGE failed to send auction notice to correct adresses to all parties Failed to process the loan modification application submitted well before the auction Provided them proof of funds to reinstate the loan .Denied to accept reinstatement went off to auction, even though provided them proof of funds for the reinstatement.
 
 1 : Auction notices were not served or sent to us. Auction was defective 2 : Loan modification application is still pending 3 : reinstatement denied, provided them proof of funding to cover reinstatement amount.
 
 SNSN deceit us. we believe auction processes was defective."
9984,Consumer loan,"I purchased a car via Exeter Finance in XX/XX/XXXX. The vehicle was purchased for around {$18000.00}. My payments were {$490.00} monthly. I discovered that Exeter was for many months was charging me {$490.00} in interest monthly. So after nearly two years of payments, I still owed almost {$17000.00}! The vehicle was totaled in XX/XX/XXXX. The insurance company paid off a little over {$14000.00} leaving a balance a little over {$2800.00}. I had purchased an extended warranty for the vehicle for {$3000.00} from which I expected a refund. I continued to make payments while waiting for the refund and Exeter was still charging me {$490.00}. 
 XXXX in interest. By the time vehicle was completely paid for, Exeter had charged me almost {$1000.00} in interest on a {$2800.00} balance."
9985,Debt collection,"I was never served properly as required by NJ Laws. This is my right as a tenant. 
 Instead, when I requested validation of the debt, it went to collectors without any effort to address the inaccuracies and fraudulent charges. Also, I should have received a certified validation of debt. They had my forwarding address. 
 
 The emailed letter they sent was filled with errors/typos but also shows they had my forwarding address in California. 
 
 I have submitted the "" bill '' I received from XXXX which shows how unprofessional and "" made-up '' these charges are. I provided evidence to immediately dispute these charges. 
 
 It is hurting my credit as it was sent to collections. 
 There is a lot more problematic handlings between this debt collector and XXXX XXXX which have a history of this type of unethical behaviors."
9986,Bank account or service,"I have a checking account that I opened with TD Bank several years back ( can not recall the exact date ). I did this because I was often away from home on the XXXX XXXX and needed some banking options. They stated I need to keep a balance on the account to keep it open and not incur fees which I have. I live in the XXXX and have my mail forwarded to me. The last statement I received on the checking account was last year around XXXX which stated I had almost {$1900.00} in the account. There has been no activity since the last statement that would diminish the amount in my account. Today when trying to login to the account online to do some updates, the system could not find my account. I called TD Bank and was transferred around to 5 different people back and forth between departments - none of whom can find my account."
9987,Debt collection,"Dispute of Debt - JEFFERSON CAPITAL SYSTEMS LLC. {$1900.00}, Dear CFPB Team, I am writing to formally dispute a charge-off listed under my name. I believe this debt is inaccurate and have specific concerns regarding the validity of the charge-off. Firstly, I have not received a Form 1099 nor any other documentation validating this debt, which should have been disclosed to me as part of the debt collection process. I understand that under the Fair Debt Collection Practices Act, I am entitled to receive proper notice regarding any debts that may be claimed against me. To the best of my knowledge, I did not incur the debt associated with this charge-off, nor have I ever been contacted by the original creditor regarding this matter. Additionally, my attempts to obtain documentation validating the debt have been unsuccessful. In light of the above, I am requesting a thorough investigation into this charge-off and any supporting documentation that validates the existence of this debt. I am also requesting that you provide me with a complete account history, including any communications sent to me regarding this matter. Please do not hesitate to contact me at XXXX or XXXX should you require any further information or clarification regarding my case. Thank you for your attention to this matter. I look forward to your prompt response. 
 Sincerely, XXXX XXXX ---"
9988,Money transfer or service,"I have an account with Coinbase, I sold my Bitcoin and hit a button to withdrawl my {$160.00} I got confirmation letter the money would be in my back account by XXXX XXXX. I have not recieved it and have no way to contact the company they do not answer the phone they just say send an email to support but I could not figure that out either"
9989,Bank account or service,"I am writing to formally file a complaint regarding multiple overdraft fees applied to my account. These fees were assessed despite having sufficient funds available at the time the transactions were authorized. However, due to delayed posting of charges and credits, I was unfairly charged overdraft fees.
 
 This issue appears consistent with recent findings by the CFPB, which identified similar practices by Navy Federal Credit Union, where transactions settled with insufficient balances despite initially having adequate funds. I believe these practices are deceptive and unfair."
9990,Credit reporting,"Please consider this a formal request to investigate and correct the following inaccurate items on my credit report issued by your agency. These items must be removed in order to show my true credit history. I make this request pursuant to15 USC Section 1681i of the Fair Credit Reporting Act of 1997. As required by the Act, I demand that you re-verify each of these items, and that the inaccurate items be deleted from my record. 
 
 Item Number Company Name Account Number Comments 1.seqium ref XXXX XXXX Under the Fair Credit Reporting Act, you have thirty ( 30 ) days from your receipt of this letter to re-verify these entries. According to this law, failure to re-verify these items within thirty ( 30 ) days constitutes reason to drop the information from my file.
 
 Also, 15 USC Section 1681i ( d ) requires that you notify me when the items have been deleted. Under 15 USC Section 1681j, there should be no charge for this notification or for the corrected copy of my report. Finally, please send me the names and addresses of all individuals you contacted so that I may follow up with them directly. Thank you for your assistance in this matter."
9991,Debt collection,I have a collection account for my company called IC system for {$290.00} I disputed it on XXXX XXXX at least XXXX times they keep saying it's my account I have no idea who they are or where this came from
9992,Bank account or service,"FEMA credited my account {$6800.00}. It was deposited to Sofi, then it was moved to a brokerage within SOFI. Upon informing SOFI, they froze my account. By the time I was able to get back into my account, the money was Gone. Sofi refuses to return the deposit back to FEMA."
9993,Mortgage,"On XX/XX/2019 I sent Harmon Law, PC ( separate party ) a 93 A letter whereas whom they represent for foreclosure actions, XXXX XXXX XXXX XXXX XXXX. Today I received their response which is NOt a legal response to it! ( see attached pay off quote ) its client sent me a payoff quote from instead of answering it directly. This is not a legal response. Please see also on page 13 pgh 2 last sentence of the court decision it states ( please see also attached court ruling on XX/XX/2019 pg 13, pgh 2 ) that there is no value whereas there is no note to put a value on my home in question. Not only did Harmon Not respond with a legal 93A required response but it also did not acknowledge the fact that having no original promissory note and mortgage there is no real value to foreclose on my home with. Please see 93A letter sent to Harmon it specifies which rules and or regulations are being violated here. This letter is directed at Harmon Law, PC. 
 
 This court ruling file ( too large ) can not fit on this site so I am attaching page 13, pgh2 from it. 
 Again this action is for Harmon Law, PC ( foreclosure mill )."
9994,Debt collection,"A Writ of Continuing Garnishment was placed on my wages by Wakefield & Associates , LLC. I became aware of the garnishment after {$1600.00} was taken from my paycheck. I was not notified by the collection agency of the alleged debt, or my employer. Not my debt! Since I was not notified I was not given the opportunity to Reply and Request for Hearing to appeal this garnishment. This violated my rights. I was discriminated against due to my race! I do not owe this alleged debt of {$1800.00}. Any attempt to collect debt is unfair, deceptive, abusive, and in violation of the statute of limitations in the state of Utah."
9995,Credit reporting,"Truist bank is NOT reporting the information accurately to the different bureaus. Truist has NOT followed reasonable procedures to assure maximum possible accuracy of the information concerning my credit report. How can they report inaccurate information and different information to each bureau? 
 
 Truist bank did not process the payments as set up on their bank platform. The problems with their banking platform were on the banks end. It was bank error. Truist did not process payments in a timely manner after XXXX. I had to resolve the issue over and over again. I have never had a problem like this before with a bank! 
 
 Please remove the information from my credit report. 
 
 I am very upset.This was bank error. The information is not being reported accurately. 
 
 I have tried talking with Truist to resolve the problem and the bank has been rude and unhelpful. 
 
 Please remove the information being reported to the bureaus."
9996,Debt collection,"I had a test ordered for XXXX. The doctor did not sign the order until the insurance company OK 'd the order. I told XXXX that I would not allow the test until I was assured the insurance would pay. XXXX assured my doctor and myself the insurance would pay. 2 months after the test, I got a reject from my insurance company and XXXX wanted to bill me {$780.00} for the test! I told them I was not going to pay for it because they stated that the insurance OK 'd the bill Also the collection company does not have a valid VA SCC number so they can not do business in VA! They are breaking Virginia Law!"
9997,Debt collection,"Thunderbird collections ( TCS ) XXXX XXXX XXXX XXXX XXXX. XXXX XXXX, XXXX AZ. XXXX, a medical debt in the amount of {$1800.00} has called my place of employment leaving various voicemails with personal information in spite of being requested not to do so. These calls put my employment at risk and they continue to do so, leaving messages with patient access and records at my employer. This is in addition to multiple calls daily to myself with threatening messages."
9998,Debt collection,"I have disputed accounts # XXXX, XXXX, XXXX, XXXX, XXXX with Medical Data Systems, Inc on XXXX/XXXX/2016 and I sent my dispute certified mail requesting validation of this debt. Medical Data Systems failed to provide me with a copy of any viable evidence, bearing my signature instead they send me a copy of itemized billing statements that is a HIPAA violation. A second certified letter was sent XXXX/XXXX/2016 and only XXXX removed all accounts, XXXX still reporting XXXX ( XXXX ) account and XXXX still reporting all accounts as accurate. A third certified letter was send XXXX/XXXX/16 and today I received a letter that is attached above. 
 They are now out of compliance with the FRCA. I 'm sure we would both like to handle this outside of court, so all I ask is that you remove these listings from all the credit bureaus. If you refuse, I will take legal action immediately!"
9999,Consumer loan,"I recently had my school loan transferred to Nelnet. Now, because I had a previous account, which the system recognizes, I have not been able to log on. I took the time to retrieve my username in an effort to reset my password. However, the system did not send the username thus I was at an anpass. I called Nelnet and typically you are on hold long enough that I had to hand up because I needed to attend a meeting. I think both times I called I was on hold for about an hour. I emailed the company with very detailed information because I am a XXXX XXXX and know the terminology. I received a XXXX email instructing me to attempt to retrieve my username. This means either they did not read my email or they outsourced their support department to someone who does not understand XXXX. Either way, I have been waiting for a response from them for XXXX XXXX weeks."
