2026-10-08 10:15:09,195 INFO o.a.j.u.JMeterUtils: Setting Locale to en_EN
2026-10-08 10:15:09,212 INFO o.a.j.JMeter: Loading user properties from: C:\tools\apache-jmeter-5.6.3\bin\user.properties
2026-10-08 10:15:09,213 INFO o.a.j.JMeter: Loading system properties from: C:\tools\apache-jmeter-5.6.3\bin\system.properties
2026-10-08 10:15:09,213 INFO o.a.j.JMeter: Loading additional properties from: C:\Users\Administrator\Documents\GitHub\ICT3113_Assignment_1\step5\results\qwen3-4b\stress_60-1200ph_40min\run1\run.properties
2026-10-08 10:15:09,219 INFO o.a.j.JMeter: Copyright (c) 1998-2024 The Apache Software Foundation
2026-10-08 10:15:09,220 INFO o.a.j.JMeter: Version 5.6.3
2026-10-08 10:15:09,220 INFO o.a.j.JMeter: java.version=17.0.20.1
2026-10-08 10:15:09,220 INFO o.a.j.JMeter: java.vm.name=OpenJDK 64-Bit Server VM
2026-10-08 10:15:09,220 INFO o.a.j.JMeter: os.name=Windows 10
2026-10-08 10:15:09,220 INFO o.a.j.JMeter: os.arch=amd64
2026-10-08 10:15:09,220 INFO o.a.j.JMeter: os.version=10.0
2026-10-08 10:15:09,220 INFO o.a.j.JMeter: file.encoding=Cp1252
2026-10-08 10:15:09,220 INFO o.a.j.JMeter: java.awt.headless=true
2026-10-08 10:15:09,220 INFO o.a.j.JMeter: Max memory     =1073741824
2026-10-08 10:15:09,220 INFO o.a.j.JMeter: Available Processors =12
2026-10-08 10:15:09,229 INFO o.a.j.JMeter: Default Locale=English (EN)
2026-10-08 10:15:09,229 INFO o.a.j.JMeter: JMeter  Locale=English (EN)
2026-10-08 10:15:09,230 INFO o.a.j.JMeter: JMeterHome=C:\tools\apache-jmeter-5.6.3
2026-10-08 10:15:09,230 INFO o.a.j.JMeter: user.dir  =C:\Users\Administrator\Documents\GitHub\ICT3113_Assignment_1
2026-10-08 10:15:09,230 INFO o.a.j.JMeter: PWD       =C:\Users\Administrator\Documents\GitHub\ICT3113_Assignment_1
2026-10-08 10:15:09,231 INFO o.a.j.JMeter: IP: 100.111.72.66 Name: ITEMERROR-MSI-WISP FullName: itemerror-msi-wisp.taile944e3.ts.net.
2026-10-08 10:15:09,242 INFO o.a.j.s.FileServer: Default base='C:\Users\Administrator\Documents\GitHub\ICT3113_Assignment_1'
2026-10-08 10:15:09,243 INFO o.a.j.s.FileServer: Set new base='C:\Users\Administrator\Documents\GitHub\ICT3113_Assignment_1\step5\jmeter'
2026-10-08 10:15:09,430 INFO o.a.j.s.SaveService: Testplan (JMX) version: 2.2. Testlog (JTL) version: 2.2
2026-10-08 10:15:09,457 INFO o.a.j.s.SaveService: Using SaveService properties version 5.0
2026-10-08 10:15:09,460 INFO o.a.j.s.SaveService: Using SaveService properties file encoding UTF-8
2026-10-08 10:15:09,464 INFO o.a.j.s.SaveService: Loading file: C:\Users\Administrator\Documents\GitHub\ICT3113_Assignment_1\step5\jmeter\ticket_triage.jmx
2026-10-08 10:15:09,527 INFO o.a.j.p.h.s.HTTPSamplerBase: Parser for text/html is org.apache.jmeter.protocol.http.parser.LagartoBasedHtmlParser
2026-10-08 10:15:09,527 INFO o.a.j.p.h.s.HTTPSamplerBase: Parser for application/xhtml+xml is org.apache.jmeter.protocol.http.parser.LagartoBasedHtmlParser
2026-10-08 10:15:09,527 INFO o.a.j.p.h.s.HTTPSamplerBase: Parser for application/xml is org.apache.jmeter.protocol.http.parser.LagartoBasedHtmlParser
2026-10-08 10:15:09,527 INFO o.a.j.p.h.s.HTTPSamplerBase: Parser for text/xml is org.apache.jmeter.protocol.http.parser.LagartoBasedHtmlParser
2026-10-08 10:15:09,527 INFO o.a.j.p.h.s.HTTPSamplerBase: Parser for text/vnd.wap.wml is org.apache.jmeter.protocol.http.parser.RegexpHTMLParser
2026-10-08 10:15:09,527 INFO o.a.j.p.h.s.HTTPSamplerBase: Parser for text/css is org.apache.jmeter.protocol.http.parser.CssParser
2026-10-08 10:15:09,549 INFO o.a.j.JMeter: Creating summariser <summary>
2026-10-08 10:15:09,567 INFO o.a.j.e.StandardJMeterEngine: Running the test!
2026-10-08 10:15:09,567 INFO o.a.j.s.SampleEvent: List of sample_variables: [reqid, row]
2026-10-08 10:15:09,567 INFO o.a.j.s.SampleEvent: List of sample_variables: [reqid, row]
2026-10-08 10:15:09,571 INFO o.a.j.e.u.CompoundVariable: Note: Function class names must contain the string: '.functions.'
2026-10-08 10:15:09,571 INFO o.a.j.e.u.CompoundVariable: Note: Function class names must not contain the string: '.gui.'
2026-10-08 10:15:09,649 INFO o.a.j.JMeter: Running test (1791425709649)
2026-10-08 10:15:09,668 INFO o.a.j.e.StandardJMeterEngine: Starting ThreadGroup: 1 : POST tickets (intake)
2026-10-08 10:15:09,668 INFO o.a.j.e.StandardJMeterEngine: Starting 0 threads for group POST tickets (intake).
2026-10-08 10:15:09,668 INFO o.a.j.e.StandardJMeterEngine: Thread will continue on error
2026-10-08 10:15:09,669 INFO o.a.j.t.o.OpenModelThreadGroup: Starting OpenModelThreadGroup#1 with schedule rate(60/hour) random_arrivals(2 min) rate(60/hour) random_arrivals(40 min) rate(1200/hour) pause(1 min)
2026-10-08 10:15:09,706 INFO o.a.j.e.StandardJMeterEngine: Starting ThreadGroup: 2 : GET search (agents)
2026-10-08 10:15:09,706 INFO o.a.j.e.StandardJMeterEngine: Starting 0 threads for group GET search (agents).
2026-10-08 10:15:09,706 INFO o.a.j.e.StandardJMeterEngine: Thread will continue on error
2026-10-08 10:15:09,706 INFO o.a.j.t.o.OpenModelThreadGroup: Starting OpenModelThreadGroup#2 with schedule rate(316/hour) random_arrivals(42 min) pause(1 min)
2026-10-08 10:15:09,706 INFO o.a.j.t.o.OpenModelThreadGroup: Thread starting init
2026-10-08 10:15:09,707 INFO o.a.j.e.StandardJMeterEngine: All thread groups have been started
2026-10-08 10:15:09,707 INFO o.a.j.t.o.OpenModelThreadGroup: Thread starting init
2026-10-08 10:15:09,710 INFO o.a.j.t.o.PoissonArrivalsRamp: Generating 2 events, beginRate = 0.016666666666666666 / sec, endRate = 0.016666666666666666 / sec, duration = 120.0 sec
2026-10-08 10:15:09,710 INFO o.a.j.t.o.PoissonArrivalsRamp: Generating 221 events, beginRate = 0.08777777777777777 / sec, endRate = 0.08777777777777777 / sec, duration = 2520.0 sec
2026-10-08 10:15:11,597 INFO o.a.j.t.JMeterThread: Thread started: GET search (agents) 2-1
2026-10-08 10:15:11,633 INFO o.a.j.s.FileServer: Stored: C:/Users/Administrator/Documents/GitHub/ICT3113_Assignment_1/step5/data/search_terms.csv
2026-10-08 10:15:11,653 INFO o.a.j.p.h.s.HTTPHCAbstractImpl: Local host = ITEMERROR-MSI-WISP
2026-10-08 10:15:11,657 INFO o.a.j.p.h.s.HTTPHC4Impl: HTTP request retry count = 0
2026-10-08 10:15:11,658 INFO o.a.j.s.SampleResult: Note: Sample TimeStamps are START times
2026-10-08 10:15:11,658 INFO o.a.j.s.SampleResult: sampleresult.default.encoding is set to UTF-8
2026-10-08 10:15:11,658 INFO o.a.j.s.SampleResult: sampleresult.useNanoTime=true
2026-10-08 10:15:11,659 INFO o.a.j.s.SampleResult: sampleresult.nanoThreadSleep=5000
2026-10-08 10:15:11,751 INFO o.a.j.t.JMeterThread: Thread is done: GET search (agents) 2-1
2026-10-08 10:15:11,752 INFO o.a.j.t.JMeterThread: Thread finished: GET search (agents) 2-1
2026-10-08 10:15:50,114 INFO o.a.j.t.JMeterThread: Thread started: GET search (agents) 2-2
2026-10-08 10:15:50,308 INFO o.a.j.t.JMeterThread: Thread is done: GET search (agents) 2-2
2026-10-08 10:15:50,308 INFO o.a.j.t.JMeterThread: Thread finished: GET search (agents) 2-2
2026-10-08 10:15:58,781 INFO o.a.j.t.JMeterThread: Thread started: POST tickets (intake) 1-1
2026-10-08 10:15:58,782 INFO o.a.j.s.FileServer: Stored: C:/Users/Administrator/Documents/GitHub/ICT3113_Assignment_1/step5/data/tickets_load.tsv
2026-10-08 10:16:01,001 INFO o.a.j.t.JMeterThread: Thread started: GET search (agents) 2-3
2026-10-08 10:16:01,043 INFO o.a.j.r.Summariser: summary +      3 in 00:00:51 =    0.1/s Avg:    90 Min:    39 Max:   191 Err:     0 (0.00%) Active: 2 Started: 4 Finished: 2
2026-10-08 10:16:01,043 INFO o.a.j.t.JMeterThread: Thread is done: GET search (agents) 2-3
2026-10-08 10:16:01,043 INFO o.a.j.t.JMeterThread: Thread finished: GET search (agents) 2-3
2026-10-08 10:16:04,637 INFO o.a.j.t.JMeterThread: Thread started: GET search (agents) 2-4
2026-10-08 10:16:04,661 INFO o.a.j.t.JMeterThread: Thread is done: GET search (agents) 2-4
2026-10-08 10:16:04,661 INFO o.a.j.t.JMeterThread: Thread finished: GET search (agents) 2-4
2026-10-08 10:16:04,801 INFO o.a.j.t.JMeterThread: Thread is done: POST tickets (intake) 1-1
2026-10-08 10:16:04,801 INFO o.a.j.t.JMeterThread: Thread finished: POST tickets (intake) 1-1
2026-10-08 10:16:15,519 INFO o.a.j.t.JMeterThread: Thread started: GET search (agents) 2-5
2026-10-08 10:16:15,584 INFO o.a.j.t.JMeterThread: Thread is done: GET search (agents) 2-5
2026-10-08 10:16:15,584 INFO o.a.j.t.JMeterThread: Thread finished: GET search (agents) 2-5
2026-10-08 10:16:24,562 INFO o.a.j.t.JMeterThread: Thread started: GET search (agents) 2-6
2026-10-08 10:16:24,653 INFO o.a.j.t.JMeterThread: Thread is done: GET search (agents) 2-6
2026-10-08 10:16:24,653 INFO o.a.j.t.JMeterThread: Thread finished: GET search (agents) 2-6
2026-10-08 10:16:37,275 INFO o.a.j.t.o.PoissonArrivalsRamp: Generating 420 events, beginRate = 0.016666666666666666 / sec, endRate = 0.3333333333333333 / sec, duration = 2400.0 sec
2026-10-08 10:16:37,276 INFO o.a.j.t.JMeterThread: Thread started: POST tickets (intake) 1-2
2026-10-08 10:16:41,188 INFO o.a.j.t.JMeterThread: Thread is done: POST tickets (intake) 1-2
2026-10-08 10:16:41,188 INFO o.a.j.t.JMeterThread: Thread finished: POST tickets (intake) 1-2
2026-10-08 10:16:43,827 INFO o.a.j.t.JMeterThread: Thread started: GET search (agents) 2-7
2026-10-08 10:16:43,851 INFO o.a.j.t.JMeterThread: Thread is done: GET search (agents) 2-7
2026-10-08 10:16:43,851 INFO o.a.j.t.JMeterThread: Thread finished: GET search (agents) 2-7
2026-10-08 10:16:46,101 INFO o.a.j.t.JMeterThread: Thread started: GET search (agents) 2-8
2026-10-08 10:16:46,139 INFO o.a.j.t.JMeterThread: Thread is done: GET search (agents) 2-8
2026-10-08 10:16:46,139 INFO o.a.j.t.JMeterThread: Thread finished: GET search (agents) 2-8
2026-10-08 10:16:47,096 INFO o.a.j.t.JMeterThread: Thread started: GET search (agents) 2-9
2026-10-08 10:16:47,140 INFO o.a.j.t.JMeterThread: Thread is done: GET search (agents) 2-9
2026-10-08 10:16:47,140 INFO o.a.j.t.JMeterThread: Thread finished: GET search (agents) 2-9
2026-10-08 10:16:49,354 INFO o.a.j.t.JMeterThread: Thread started: GET search (agents) 2-10
2026-10-08 10:16:49,384 INFO o.a.j.t.JMeterThread: Thread is done: GET search (agents) 2-10
2026-10-08 10:16:49,384 INFO o.a.j.t.JMeterThread: Thread finished: GET search (agents) 2-10
2026-10-08 10:16:55,814 INFO o.a.j.t.JMeterThread: Thread started: GET search (agents) 2-11
2026-10-08 10:16:55,839 INFO o.a.j.t.JMeterThread: Thread is done: GET search (agents) 2-11
2026-10-08 10:16:55,839 INFO o.a.j.t.JMeterThread: Thread finished: GET search (agents) 2-11
2026-10-08 10:17:21,631 INFO o.a.j.t.JMeterThread: Thread started: POST tickets (intake) 1-3
2026-10-08 10:17:24,252 INFO o.a.j.t.JMeterThread: Thread started: POST tickets (intake) 1-4
2026-10-08 10:17:28,106 INFO o.a.j.t.JMeterThread: Thread started: GET search (agents) 2-12
2026-10-08 10:17:28,196 INFO o.a.j.t.JMeterThread: Thread is done: GET search (agents) 2-12
2026-10-08 10:17:28,196 INFO o.a.j.t.JMeterThread: Thread finished: GET search (agents) 2-12
2026-10-08 10:17:28,292 INFO o.a.j.t.JMeterThread: Thread is done: POST tickets (intake) 1-3
2026-10-08 10:17:28,292 INFO o.a.j.t.JMeterThread: Thread finished: POST tickets (intake) 1-3
2026-10-08 10:17:35,212 INFO o.a.j.t.JMeterThread: Thread started: POST tickets (intake) 1-5
2026-10-08 10:17:37,397 INFO o.a.j.t.JMeterThread: Thread is done: POST tickets (intake) 1-4
2026-10-08 10:17:37,397 INFO o.a.j.t.JMeterThread: Thread finished: POST tickets (intake) 1-4
2026-10-08 10:17:39,985 INFO o.a.j.t.JMeterThread: Thread is done: POST tickets (intake) 1-5
2026-10-08 10:17:39,986 INFO o.a.j.t.JMeterThread: Thread finished: POST tickets (intake) 1-5
2026-10-08 10:17:43,261 INFO o.a.j.t.JMeterThread: Thread started: GET search (agents) 2-13
2026-10-08 10:17:43,276 INFO o.a.j.t.JMeterThread: Thread is done: GET search (agents) 2-13
2026-10-08 10:17:43,276 INFO o.a.j.t.JMeterThread: Thread finished: GET search (agents) 2-13
2026-10-08 10:17:57,242 INFO o.a.j.t.JMeterThread: Thread started: GET search (agents) 2-14
2026-10-08 10:17:57,277 INFO o.a.j.t.JMeterThread: Thread is done: GET search (agents) 2-14
2026-10-08 10:17:57,277 INFO o.a.j.t.JMeterThread: Thread finished: GET search (agents) 2-14
2026-10-08 10:17:57,521 INFO o.a.j.t.JMeterThread: Thread started: GET search (agents) 2-15
2026-10-08 10:17:57,549 INFO o.a.j.t.JMeterThread: Thread is done: GET search (agents) 2-15
2026-10-08 10:17:57,549 INFO o.a.j.t.JMeterThread: Thread finished: GET search (agents) 2-15
2026-10-08 10:18:10,011 INFO o.a.j.t.JMeterThread: Thread started: GET search (agents) 2-16
2026-10-08 10:18:10,078 INFO o.a.j.t.JMeterThread: Thread is done: GET search (agents) 2-16
2026-10-08 10:18:10,078 INFO o.a.j.t.JMeterThread: Thread finished: GET search (agents) 2-16
2026-10-08 10:18:14,193 INFO o.a.j.t.JMeterThread: Thread started: GET search (agents) 2-17
2026-10-08 10:18:14,225 INFO o.a.j.t.JMeterThread: Thread is done: GET search (agents) 2-17
2026-10-08 10:18:14,225 INFO o.a.j.t.JMeterThread: Thread finished: GET search (agents) 2-17
2026-10-08 10:18:15,926 INFO o.a.j.t.JMeterThread: Thread started: GET search (agents) 2-18
2026-10-08 10:18:15,973 INFO o.a.j.t.JMeterThread: Thread is done: GET search (agents) 2-18
2026-10-08 10:18:15,973 INFO o.a.j.t.JMeterThread: Thread finished: GET search (agents) 2-18
2026-10-08 10:18:19,936 INFO o.a.j.t.JMeterThread: Thread started: GET search (agents) 2-19
2026-10-08 10:18:20,024 INFO o.a.j.t.JMeterThread: Thread is done: GET search (agents) 2-19
2026-10-08 10:18:20,024 INFO o.a.j.t.JMeterThread: Thread finished: GET search (agents) 2-19
2026-10-08 10:19:17,563 INFO o.a.j.t.JMeterThread: Thread started: GET search (agents) 2-20
2026-10-08 10:19:17,597 INFO o.a.j.t.JMeterThread: Thread is done: GET search (agents) 2-20
2026-10-08 10:19:17,597 INFO o.a.j.t.JMeterThread: Thread finished: GET search (agents) 2-20
2026-10-08 10:19:22,352 INFO o.a.j.t.JMeterThread: Thread started: GET search (agents) 2-21
2026-10-08 10:19:22,377 INFO o.a.j.t.JMeterThread: Thread is done: GET search (agents) 2-21
2026-10-08 10:19:22,377 INFO o.a.j.t.JMeterThread: Thread finished: GET search (agents) 2-21
2026-10-08 10:19:27,397 INFO o.a.j.t.JMeterThread: Thread started: GET search (agents) 2-22
2026-10-08 10:19:27,528 INFO o.a.j.t.JMeterThread: Thread is done: GET search (agents) 2-22
2026-10-08 10:19:27,528 INFO o.a.j.t.JMeterThread: Thread finished: GET search (agents) 2-22
2026-10-08 10:20:01,885 INFO o.a.j.t.JMeterThread: Thread started: GET search (agents) 2-23
2026-10-08 10:20:01,915 INFO o.a.j.r.Summariser: summary +     25 in 00:04:01 =    0.1/s Avg:  1417 Min:    12 Max: 13144 Err:     0 (0.00%) Active: 1 Started: 28 Finished: 27
2026-10-08 10:20:01,916 INFO o.a.j.r.Summariser: summary =     28 in 00:04:52 =    0.1/s Avg:  1275 Min:    12 Max: 13144 Err:     0 (0.00%)
2026-10-08 10:20:01,916 INFO o.a.j.t.JMeterThread: Thread is done: GET search (agents) 2-23
2026-10-08 10:20:01,916 INFO o.a.j.t.JMeterThread: Thread finished: GET search (agents) 2-23
2026-10-08 10:20:05,589 INFO o.a.j.t.JMeterThread: Thread started: GET search (agents) 2-24
2026-10-08 10:20:05,620 INFO o.a.j.t.JMeterThread: Thread is done: GET search (agents) 2-24
2026-10-08 10:20:05,620 INFO o.a.j.t.JMeterThread: Thread finished: GET search (agents) 2-24
2026-10-08 10:20:08,911 INFO o.a.j.t.JMeterThread: Thread started: GET search (agents) 2-25
2026-10-08 10:20:08,984 INFO o.a.j.t.JMeterThread: Thread is done: GET search (agents) 2-25
2026-10-08 10:20:08,984 INFO o.a.j.t.JMeterThread: Thread finished: GET search (agents) 2-25
2026-10-08 10:20:14,850 INFO o.a.j.t.JMeterThread: Thread started: GET search (agents) 2-26
2026-10-08 10:20:14,922 INFO o.a.j.t.JMeterThread: Thread is done: GET search (agents) 2-26
2026-10-08 10:20:14,922 INFO o.a.j.t.JMeterThread: Thread finished: GET search (agents) 2-26
2026-10-08 10:20:27,732 INFO o.a.j.t.JMeterThread: Thread started: GET search (agents) 2-27
2026-10-08 10:20:27,757 INFO o.a.j.t.JMeterThread: Thread is done: GET search (agents) 2-27
2026-10-08 10:20:27,757 INFO o.a.j.t.JMeterThread: Thread finished: GET search (agents) 2-27
2026-10-08 10:20:31,088 INFO o.a.j.t.JMeterThread: Thread started: POST tickets (intake) 1-6
2026-10-08 10:20:33,015 INFO o.a.j.t.JMeterThread: Thread started: GET search (agents) 2-28
2026-10-08 10:20:33,053 INFO o.a.j.r.Summariser: summary +      5 in 00:00:31 =    0.2/s Avg:    46 Min:    22 Max:    72 Err:     0 (0.00%) Active: 2 Started: 34 Finished: 32
2026-10-08 10:20:33,053 INFO o.a.j.r.Summariser: summary =     33 in 00:05:23 =    0.1/s Avg:  1088 Min:    12 Max: 13144 Err:     0 (0.00%)
2026-10-08 10:20:33,054 INFO o.a.j.t.JMeterThread: Thread is done: GET search (agents) 2-28
2026-10-08 10:20:33,054 INFO o.a.j.t.JMeterThread: Thread finished: GET search (agents) 2-28
2026-10-08 10:20:35,643 INFO o.a.j.t.JMeterThread: Thread is done: POST tickets (intake) 1-6
2026-10-08 10:20:35,643 INFO o.a.j.t.JMeterThread: Thread finished: POST tickets (intake) 1-6
2026-10-08 10:20:41,060 INFO o.a.j.t.JMeterThread: Thread started: GET search (agents) 2-29
2026-10-08 10:20:41,080 INFO o.a.j.t.JMeterThread: Thread is done: GET search (agents) 2-29
2026-10-08 10:20:41,081 INFO o.a.j.t.JMeterThread: Thread finished: GET search (agents) 2-29
2026-10-08 10:20:42,909 INFO o.a.j.t.JMeterThread: Thread started: GET search (agents) 2-30
2026-10-08 10:20:42,978 INFO o.a.j.t.JMeterThread: Thread is done: GET search (agents) 2-30
2026-10-08 10:20:42,978 INFO o.a.j.t.JMeterThread: Thread finished: GET search (agents) 2-30
2026-10-08 10:20:53,284 INFO o.a.j.t.JMeterThread: Thread started: GET search (agents) 2-31
2026-10-08 10:20:53,328 INFO o.a.j.t.JMeterThread: Thread is done: GET search (agents) 2-31
2026-10-08 10:20:53,329 INFO o.a.j.t.JMeterThread: Thread finished: GET search (agents) 2-31
2026-10-08 10:20:54,206 INFO o.a.j.t.JMeterThread: Thread started: POST tickets (intake) 1-7
2026-10-08 10:21:01,595 INFO o.a.j.r.Summariser: summary +      5 in 00:00:29 =    0.2/s Avg:  2414 Min:    20 Max:  7388 Err:     0 (0.00%) Active: 1 Started: 38 Finished: 37
2026-10-08 10:21:01,595 INFO o.a.j.r.Summariser: summary =     38 in 00:05:52 =    0.1/s Avg:  1263 Min:    12 Max: 13144 Err:     0 (0.00%)
2026-10-08 10:21:01,595 INFO o.a.j.t.JMeterThread: Thread is done: POST tickets (intake) 1-7
2026-10-08 10:21:01,595 INFO o.a.j.t.JMeterThread: Thread finished: POST tickets (intake) 1-7
2026-10-08 10:21:21,138 INFO o.a.j.t.JMeterThread: Thread started: GET search (agents) 2-32
2026-10-08 10:21:21,194 INFO o.a.j.t.JMeterThread: Thread is done: GET search (agents) 2-32
2026-10-08 10:21:21,195 INFO o.a.j.t.JMeterThread: Thread finished: GET search (agents) 2-32
2026-10-08 10:21:23,885 INFO o.a.j.t.JMeterThread: Thread started: POST tickets (intake) 1-8
2026-10-08 10:21:27,529 INFO o.a.j.t.JMeterThread: Thread is done: POST tickets (intake) 1-8
2026-10-08 10:21:27,529 INFO o.a.j.t.JMeterThread: Thread finished: POST tickets (intake) 1-8
2026-10-08 10:21:32,707 INFO o.a.j.t.JMeterThread: Thread started: GET search (agents) 2-33
2026-10-08 10:21:32,727 INFO o.a.j.r.Summariser: summary +      3 in 00:00:31 =    0.1/s Avg:  1238 Min:    19 Max:  3642 Err:     0 (0.00%) Active: 1 Started: 41 Finished: 40
2026-10-08 10:21:32,727 INFO o.a.j.r.Summariser: summary =     41 in 00:06:23 =    0.1/s Avg:  1261 Min:    12 Max: 13144 Err:     0 (0.00%)
2026-10-08 10:21:32,728 INFO o.a.j.t.JMeterThread: Thread is done: GET search (agents) 2-33
2026-10-08 10:21:32,728 INFO o.a.j.t.JMeterThread: Thread finished: GET search (agents) 2-33
2026-10-08 10:21:34,168 INFO o.a.j.t.JMeterThread: Thread started: GET search (agents) 2-34
2026-10-08 10:21:34,188 INFO o.a.j.t.JMeterThread: Thread is done: GET search (agents) 2-34
2026-10-08 10:21:34,188 INFO o.a.j.t.JMeterThread: Thread finished: GET search (agents) 2-34
2026-10-08 10:21:47,893 INFO o.a.j.t.JMeterThread: Thread started: POST tickets (intake) 1-9
2026-10-08 10:21:54,275 INFO o.a.j.t.JMeterThread: Thread is done: POST tickets (intake) 1-9
2026-10-08 10:21:54,275 INFO o.a.j.t.JMeterThread: Thread finished: POST tickets (intake) 1-9
2026-10-08 10:21:56,069 INFO o.a.j.t.JMeterThread: Thread started: GET search (agents) 2-35
2026-10-08 10:21:56,097 INFO o.a.j.t.JMeterThread: Thread is done: GET search (agents) 2-35
2026-10-08 10:21:56,097 INFO o.a.j.t.JMeterThread: Thread finished: GET search (agents) 2-35
2026-10-08 10:21:56,444 INFO o.a.j.t.JMeterThread: Thread started: GET search (agents) 2-36
2026-10-08 10:21:56,634 INFO o.a.j.t.JMeterThread: Thread is done: GET search (agents) 2-36
2026-10-08 10:21:56,634 INFO o.a.j.t.JMeterThread: Thread finished: GET search (agents) 2-36
2026-10-08 10:22:12,345 INFO o.a.j.t.JMeterThread: Thread started: GET search (agents) 2-37
2026-10-08 10:22:12,394 INFO o.a.j.t.JMeterThread: Thread is done: GET search (agents) 2-37
2026-10-08 10:22:12,394 INFO o.a.j.t.JMeterThread: Thread finished: GET search (agents) 2-37
2026-10-08 10:22:19,764 INFO o.a.j.t.JMeterThread: Thread started: GET search (agents) 2-38
2026-10-08 10:22:19,844 INFO o.a.j.t.JMeterThread: Thread is done: GET search (agents) 2-38
2026-10-08 10:22:19,844 INFO o.a.j.t.JMeterThread: Thread finished: GET search (agents) 2-38
2026-10-08 10:22:30,823 INFO o.a.j.t.JMeterThread: Thread started: GET search (agents) 2-39
2026-10-08 10:22:30,903 INFO o.a.j.r.Summariser: summary +      7 in 00:00:58 =    0.1/s Avg:   974 Min:    19 Max:  6380 Err:     0 (0.00%) Active: 1 Started: 48 Finished: 47
2026-10-08 10:22:30,904 INFO o.a.j.r.Summariser: summary =     48 in 00:07:21 =    0.1/s Avg:  1219 Min:    12 Max: 13144 Err:     0 (0.00%)
2026-10-08 10:22:30,904 INFO o.a.j.t.JMeterThread: Thread is done: GET search (agents) 2-39
2026-10-08 10:22:30,904 INFO o.a.j.t.JMeterThread: Thread finished: GET search (agents) 2-39
2026-10-08 10:22:45,000 INFO o.a.j.t.JMeterThread: Thread started: POST tickets (intake) 1-10
2026-10-08 10:22:50,424 INFO o.a.j.t.JMeterThread: Thread started: POST tickets (intake) 1-11
2026-10-08 10:22:50,456 INFO o.a.j.t.JMeterThread: Thread is done: POST tickets (intake) 1-10
2026-10-08 10:22:50,456 INFO o.a.j.t.JMeterThread: Thread finished: POST tickets (intake) 1-10
2026-10-08 10:22:53,260 INFO o.a.j.t.JMeterThread: Thread started: GET search (agents) 2-40
2026-10-08 10:22:53,375 INFO o.a.j.t.JMeterThread: Thread is done: GET search (agents) 2-40
2026-10-08 10:22:53,375 INFO o.a.j.t.JMeterThread: Thread finished: GET search (agents) 2-40
2026-10-08 10:22:58,337 INFO o.a.j.t.JMeterThread: Thread is done: POST tickets (intake) 1-11
2026-10-08 10:22:58,338 INFO o.a.j.t.JMeterThread: Thread finished: POST tickets (intake) 1-11
2026-10-08 10:23:06,439 INFO o.a.j.t.JMeterThread: Thread started: GET search (agents) 2-41
2026-10-08 10:23:06,480 INFO o.a.j.t.JMeterThread: Thread is done: GET search (agents) 2-41
2026-10-08 10:23:06,480 INFO o.a.j.t.JMeterThread: Thread finished: GET search (agents) 2-41
2026-10-08 10:23:16,443 INFO o.a.j.t.JMeterThread: Thread started: GET search (agents) 2-42
2026-10-08 10:23:16,568 INFO o.a.j.t.JMeterThread: Thread is done: GET search (agents) 2-42
2026-10-08 10:23:16,568 INFO o.a.j.t.JMeterThread: Thread finished: GET search (agents) 2-42
2026-10-08 10:23:18,253 INFO o.a.j.t.JMeterThread: Thread started: POST tickets (intake) 1-12
2026-10-08 10:23:20,669 INFO o.a.j.t.JMeterThread: Thread is done: POST tickets (intake) 1-12
2026-10-08 10:23:20,669 INFO o.a.j.t.JMeterThread: Thread finished: POST tickets (intake) 1-12
2026-10-08 10:23:25,019 INFO o.a.j.t.JMeterThread: Thread started: POST tickets (intake) 1-13
2026-10-08 10:23:25,763 INFO o.a.j.t.JMeterThread: Thread started: POST tickets (intake) 1-14
2026-10-08 10:23:29,058 INFO o.a.j.t.JMeterThread: Thread is done: POST tickets (intake) 1-13
2026-10-08 10:23:29,058 INFO o.a.j.t.JMeterThread: Thread finished: POST tickets (intake) 1-13
2026-10-08 10:23:32,963 INFO o.a.j.r.Summariser: summary +      8 in 00:01:02 =    0.1/s Avg:  3411 Min:    39 Max:  7913 Err:     0 (0.00%) Active: 1 Started: 56 Finished: 55
2026-10-08 10:23:32,964 INFO o.a.j.r.Summariser: summary =     56 in 00:08:23 =    0.1/s Avg:  1532 Min:    12 Max: 13144 Err:     0 (0.00%)
2026-10-08 10:23:32,964 INFO o.a.j.t.JMeterThread: Thread is done: POST tickets (intake) 1-14
2026-10-08 10:23:32,964 INFO o.a.j.t.JMeterThread: Thread finished: POST tickets (intake) 1-14
2026-10-08 10:23:33,810 INFO o.a.j.t.JMeterThread: Thread started: GET search (agents) 2-43
2026-10-08 10:23:33,891 INFO o.a.j.t.JMeterThread: Thread is done: GET search (agents) 2-43
2026-10-08 10:23:33,891 INFO o.a.j.t.JMeterThread: Thread finished: GET search (agents) 2-43
2026-10-08 10:23:36,074 INFO o.a.j.t.JMeterThread: Thread started: POST tickets (intake) 1-15
2026-10-08 10:23:38,782 INFO o.a.j.t.JMeterThread: Thread is done: POST tickets (intake) 1-15
2026-10-08 10:23:38,783 INFO o.a.j.t.JMeterThread: Thread finished: POST tickets (intake) 1-15
2026-10-08 10:23:48,098 INFO o.a.j.t.JMeterThread: Thread started: POST tickets (intake) 1-16
2026-10-08 10:23:48,740 INFO o.a.j.t.JMeterThread: Thread started: POST tickets (intake) 1-17
2026-10-08 10:23:52,030 INFO o.a.j.t.JMeterThread: Thread started: POST tickets (intake) 1-18
2026-10-08 10:23:52,228 INFO o.a.j.t.JMeterThread: Thread started: GET search (agents) 2-44
2026-10-08 10:23:52,309 INFO o.a.j.t.JMeterThread: Thread is done: GET search (agents) 2-44
2026-10-08 10:23:52,309 INFO o.a.j.t.JMeterThread: Thread finished: GET search (agents) 2-44
2026-10-08 10:23:53,886 INFO o.a.j.t.JMeterThread: Thread started: GET search (agents) 2-45
2026-10-08 10:23:53,929 INFO o.a.j.t.JMeterThread: Thread is done: GET search (agents) 2-45
2026-10-08 10:23:53,929 INFO o.a.j.t.JMeterThread: Thread finished: GET search (agents) 2-45
2026-10-08 10:23:56,415 INFO o.a.j.t.JMeterThread: Thread started: GET search (agents) 2-46
2026-10-08 10:23:56,461 INFO o.a.j.t.JMeterThread: Thread is done: GET search (agents) 2-46
2026-10-08 10:23:56,461 INFO o.a.j.t.JMeterThread: Thread finished: GET search (agents) 2-46
2026-10-08 10:23:57,780 INFO o.a.j.t.JMeterThread: Thread started: GET search (agents) 2-47
2026-10-08 10:23:57,831 INFO o.a.j.t.JMeterThread: Thread is done: GET search (agents) 2-47
2026-10-08 10:23:57,831 INFO o.a.j.t.JMeterThread: Thread finished: GET search (agents) 2-47
2026-10-08 10:23:58,679 INFO o.a.j.t.JMeterThread: Thread is done: POST tickets (intake) 1-16
2026-10-08 10:23:58,680 INFO o.a.j.t.JMeterThread: Thread finished: POST tickets (intake) 1-16
2026-10-08 10:24:00,928 INFO o.a.j.t.JMeterThread: Thread started: GET search (agents) 2-48
2026-10-08 10:24:00,960 INFO o.a.j.r.Summariser: summary +      8 in 00:00:28 =    0.3/s Avg:  1701 Min:    31 Max: 10580 Err:     0 (0.00%) Active: 3 Started: 66 Finished: 63
2026-10-08 10:24:00,961 INFO o.a.j.r.Summariser: summary =     64 in 00:08:51 =    0.1/s Avg:  1553 Min:    12 Max: 13144 Err:     0 (0.00%)
2026-10-08 10:24:00,961 INFO o.a.j.t.JMeterThread: Thread is done: GET search (agents) 2-48
2026-10-08 10:24:00,961 INFO o.a.j.t.JMeterThread: Thread finished: GET search (agents) 2-48
2026-10-08 10:24:02,422 INFO o.a.j.t.JMeterThread: Thread is done: POST tickets (intake) 1-17
2026-10-08 10:24:02,422 INFO o.a.j.t.JMeterThread: Thread finished: POST tickets (intake) 1-17
2026-10-08 10:24:02,713 INFO o.a.j.t.JMeterThread: Thread started: POST tickets (intake) 1-19
2026-10-08 10:24:03,860 INFO o.a.j.t.JMeterThread: Thread started: POST tickets (intake) 1-20
2026-10-08 10:24:05,740 INFO o.a.j.t.JMeterThread: Thread started: POST tickets (intake) 1-21
2026-10-08 10:24:06,672 INFO o.a.j.t.JMeterThread: Thread is done: POST tickets (intake) 1-18
2026-10-08 10:24:06,672 INFO o.a.j.t.JMeterThread: Thread finished: POST tickets (intake) 1-18
2026-10-08 10:24:11,556 INFO o.a.j.t.JMeterThread: Thread is done: POST tickets (intake) 1-19
2026-10-08 10:24:11,556 INFO o.a.j.t.JMeterThread: Thread finished: POST tickets (intake) 1-19
2026-10-08 10:24:16,353 INFO o.a.j.t.JMeterThread: Thread started: GET search (agents) 2-49
2026-10-08 10:24:16,381 INFO o.a.j.t.JMeterThread: Thread is done: GET search (agents) 2-49
2026-10-08 10:24:16,381 INFO o.a.j.t.JMeterThread: Thread finished: GET search (agents) 2-49
2026-10-08 10:24:16,902 INFO o.a.j.t.JMeterThread: Thread started: POST tickets (intake) 1-22
2026-10-08 10:24:17,527 INFO o.a.j.t.JMeterThread: Thread started: POST tickets (intake) 1-23
2026-10-08 10:24:19,386 INFO o.a.j.t.JMeterThread: Thread is done: POST tickets (intake) 1-20
2026-10-08 10:24:19,386 INFO o.a.j.t.JMeterThread: Thread finished: POST tickets (intake) 1-20
2026-10-08 10:24:21,389 INFO o.a.j.t.JMeterThread: Thread started: POST tickets (intake) 1-24
2026-10-08 10:24:24,970 INFO o.a.j.t.JMeterThread: Thread is done: POST tickets (intake) 1-21
2026-10-08 10:24:24,970 INFO o.a.j.t.JMeterThread: Thread finished: POST tickets (intake) 1-21
2026-10-08 10:24:26,619 INFO o.a.j.t.JMeterThread: Thread started: GET search (agents) 2-50
2026-10-08 10:24:26,646 INFO o.a.j.t.JMeterThread: Thread is done: GET search (agents) 2-50
2026-10-08 10:24:26,647 INFO o.a.j.t.JMeterThread: Thread finished: GET search (agents) 2-50
2026-10-08 10:24:30,534 INFO o.a.j.t.JMeterThread: Thread started: GET search (agents) 2-51
2026-10-08 10:24:30,644 INFO o.a.j.r.Summariser: summary +      8 in 00:00:30 =    0.3/s Avg:  9009 Min:    26 Max: 19228 Err:     0 (0.00%) Active: 4 Started: 75 Finished: 71
2026-10-08 10:24:30,644 INFO o.a.j.r.Summariser: summary =     72 in 00:09:21 =    0.1/s Avg:  2382 Min:    12 Max: 19228 Err:     0 (0.00%)
2026-10-08 10:24:30,644 INFO o.a.j.t.JMeterThread: Thread is done: GET search (agents) 2-51
2026-10-08 10:24:30,644 INFO o.a.j.t.JMeterThread: Thread finished: GET search (agents) 2-51
2026-10-08 10:24:32,867 INFO o.a.j.t.JMeterThread: Thread started: POST tickets (intake) 1-25
2026-10-08 10:24:36,062 INFO o.a.j.t.JMeterThread: Thread is done: POST tickets (intake) 1-22
2026-10-08 10:24:36,062 INFO o.a.j.t.JMeterThread: Thread finished: POST tickets (intake) 1-22
2026-10-08 10:24:40,008 INFO o.a.j.t.JMeterThread: Thread started: GET search (agents) 2-52
2026-10-08 10:24:40,063 INFO o.a.j.t.JMeterThread: Thread is done: GET search (agents) 2-52
2026-10-08 10:24:40,063 INFO o.a.j.t.JMeterThread: Thread finished: GET search (agents) 2-52
2026-10-08 10:24:40,188 INFO o.a.j.t.JMeterThread: Thread is done: POST tickets (intake) 1-23
2026-10-08 10:24:40,188 INFO o.a.j.t.JMeterThread: Thread finished: POST tickets (intake) 1-23
2026-10-08 10:24:44,815 INFO o.a.j.t.JMeterThread: Thread is done: POST tickets (intake) 1-24
2026-10-08 10:24:44,815 INFO o.a.j.t.JMeterThread: Thread finished: POST tickets (intake) 1-24
2026-10-08 10:24:45,972 INFO o.a.j.t.JMeterThread: Thread started: GET search (agents) 2-53
2026-10-08 10:24:46,002 INFO o.a.j.t.JMeterThread: Thread is done: GET search (agents) 2-53
2026-10-08 10:24:46,002 INFO o.a.j.t.JMeterThread: Thread finished: GET search (agents) 2-53
2026-10-08 10:24:54,579 INFO o.a.j.t.JMeterThread: Thread is done: POST tickets (intake) 1-25
2026-10-08 10:24:54,579 INFO o.a.j.t.JMeterThread: Thread finished: POST tickets (intake) 1-25
2026-10-08 10:24:59,424 INFO o.a.j.t.JMeterThread: Thread started: POST tickets (intake) 1-26
2026-10-08 10:25:04,910 INFO o.a.j.r.Summariser: summary +      7 in 00:00:34 =    0.2/s Avg: 13217 Min:    30 Max: 23424 Err:     0 (0.00%) Active: 1 Started: 79 Finished: 78
2026-10-08 10:25:04,910 INFO o.a.j.r.Summariser: summary =     79 in 00:09:55 =    0.1/s Avg:  3342 Min:    12 Max: 23424 Err:     0 (0.00%)
2026-10-08 10:25:04,910 INFO o.a.j.t.JMeterThread: Thread is done: POST tickets (intake) 1-26
2026-10-08 10:25:04,910 INFO o.a.j.t.JMeterThread: Thread finished: POST tickets (intake) 1-26
2026-10-08 10:25:07,962 INFO o.a.j.t.JMeterThread: Thread started: GET search (agents) 2-54
2026-10-08 10:25:07,999 INFO o.a.j.t.JMeterThread: Thread is done: GET search (agents) 2-54
2026-10-08 10:25:07,999 INFO o.a.j.t.JMeterThread: Thread finished: GET search (agents) 2-54
2026-10-08 10:25:08,337 INFO o.a.j.t.JMeterThread: Thread started: POST tickets (intake) 1-27
2026-10-08 10:25:18,933 INFO o.a.j.t.JMeterThread: Thread is done: POST tickets (intake) 1-27
2026-10-08 10:25:18,933 INFO o.a.j.t.JMeterThread: Thread finished: POST tickets (intake) 1-27
2026-10-08 10:25:18,936 INFO o.a.j.t.JMeterThread: Thread started: GET search (agents) 2-55
2026-10-08 10:25:18,970 INFO o.a.j.t.JMeterThread: Thread is done: GET search (agents) 2-55
2026-10-08 10:25:18,971 INFO o.a.j.t.JMeterThread: Thread finished: GET search (agents) 2-55
2026-10-08 10:25:21,362 INFO o.a.j.t.JMeterThread: Thread started: POST tickets (intake) 1-28
2026-10-08 10:25:22,470 INFO o.a.j.t.JMeterThread: Thread started: POST tickets (intake) 1-29
2026-10-08 10:25:23,368 INFO o.a.j.t.JMeterThread: Thread is done: POST tickets (intake) 1-28
2026-10-08 10:25:23,368 INFO o.a.j.t.JMeterThread: Thread finished: POST tickets (intake) 1-28
2026-10-08 10:25:26,706 INFO o.a.j.t.JMeterThread: Thread is done: POST tickets (intake) 1-29
2026-10-08 10:25:26,706 INFO o.a.j.t.JMeterThread: Thread finished: POST tickets (intake) 1-29
2026-10-08 10:25:28,086 INFO o.a.j.t.JMeterThread: Thread started: POST tickets (intake) 1-30
2026-10-08 10:25:31,294 INFO o.a.j.t.JMeterThread: Thread started: POST tickets (intake) 1-31
2026-10-08 10:25:39,029 INFO o.a.j.t.JMeterThread: Thread is done: POST tickets (intake) 1-30
2026-10-08 10:25:39,030 INFO o.a.j.t.JMeterThread: Thread finished: POST tickets (intake) 1-30
2026-10-08 10:25:47,628 INFO o.a.j.t.JMeterThread: Thread is done: POST tickets (intake) 1-31
2026-10-08 10:25:47,628 INFO o.a.j.t.JMeterThread: Thread finished: POST tickets (intake) 1-31
2026-10-08 10:25:49,055 INFO o.a.j.t.JMeterThread: Thread started: GET search (agents) 2-56
2026-10-08 10:25:49,109 INFO o.a.j.t.JMeterThread: Thread is done: GET search (agents) 2-56
2026-10-08 10:25:49,110 INFO o.a.j.t.JMeterThread: Thread finished: GET search (agents) 2-56
2026-10-08 10:25:51,815 INFO o.a.j.t.JMeterThread: Thread started: POST tickets (intake) 1-32
2026-10-08 10:25:58,768 INFO o.a.j.t.JMeterThread: Thread is done: POST tickets (intake) 1-32
2026-10-08 10:25:58,768 INFO o.a.j.t.JMeterThread: Thread finished: POST tickets (intake) 1-32
2026-10-08 10:26:01,558 INFO o.a.j.t.JMeterThread: Thread started: POST tickets (intake) 1-33
2026-10-08 10:26:06,341 INFO o.a.j.t.JMeterThread: Thread is done: POST tickets (intake) 1-33
2026-10-08 10:26:06,341 INFO o.a.j.t.JMeterThread: Thread finished: POST tickets (intake) 1-33
2026-10-08 10:26:18,539 INFO o.a.j.t.JMeterThread: Thread started: POST tickets (intake) 1-34
2026-10-08 10:26:21,865 INFO o.a.j.t.JMeterThread: Thread is done: POST tickets (intake) 1-34
2026-10-08 10:26:21,865 INFO o.a.j.t.JMeterThread: Thread finished: POST tickets (intake) 1-34
2026-10-08 10:26:22,578 INFO o.a.j.t.JMeterThread: Thread started: POST tickets (intake) 1-35
2026-10-08 10:26:25,737 INFO o.a.j.t.JMeterThread: Thread is done: POST tickets (intake) 1-35
2026-10-08 10:26:25,737 INFO o.a.j.t.JMeterThread: Thread finished: POST tickets (intake) 1-35
2026-10-08 10:26:29,144 INFO o.a.j.t.JMeterThread: Thread started: POST tickets (intake) 1-36
2026-10-08 10:26:32,812 INFO o.a.j.r.Summariser: summary +     13 in 00:01:28 =    0.1/s Avg:  5086 Min:    35 Max: 16333 Err:     0 (0.00%) Active: 1 Started: 92 Finished: 91
2026-10-08 10:26:32,812 INFO o.a.j.r.Summariser: summary =     92 in 00:11:23 =    0.1/s Avg:  3588 Min:    12 Max: 23424 Err:     0 (0.00%)
2026-10-08 10:26:32,812 INFO o.a.j.t.JMeterThread: Thread is done: POST tickets (intake) 1-36
2026-10-08 10:26:32,812 INFO o.a.j.t.JMeterThread: Thread finished: POST tickets (intake) 1-36
2026-10-08 10:26:41,910 INFO o.a.j.t.JMeterThread: Thread started: POST tickets (intake) 1-37
2026-10-08 10:26:47,899 INFO o.a.j.t.JMeterThread: Thread is done: POST tickets (intake) 1-37
2026-10-08 10:26:47,899 INFO o.a.j.t.JMeterThread: Thread finished: POST tickets (intake) 1-37
2026-10-08 10:26:58,593 INFO o.a.j.t.JMeterThread: Thread started: POST tickets (intake) 1-38
2026-10-08 10:26:59,698 INFO o.a.j.t.JMeterThread: Thread started: POST tickets (intake) 1-39
2026-10-08 10:27:05,084 INFO o.a.j.r.Summariser: summary +      2 in 00:00:32 =    0.1/s Avg:  6239 Min:  5989 Max:  6490 Err:     0 (0.00%) Active: 2 Started: 95 Finished: 93
2026-10-08 10:27:05,084 INFO o.a.j.r.Summariser: summary =     94 in 00:11:55 =    0.1/s Avg:  3645 Min:    12 Max: 23424 Err:     0 (0.00%)
2026-10-08 10:27:05,084 INFO o.a.j.t.JMeterThread: Thread is done: POST tickets (intake) 1-38
2026-10-08 10:27:05,084 INFO o.a.j.t.JMeterThread: Thread finished: POST tickets (intake) 1-38
2026-10-08 10:27:06,694 INFO o.a.j.t.JMeterThread: Thread started: POST tickets (intake) 1-40
2026-10-08 10:27:07,482 INFO o.a.j.t.JMeterThread: Thread is done: POST tickets (intake) 1-39
2026-10-08 10:27:07,483 INFO o.a.j.t.JMeterThread: Thread finished: POST tickets (intake) 1-39
2026-10-08 10:27:08,543 INFO o.a.j.t.JMeterThread: Thread started: GET search (agents) 2-57
2026-10-08 10:27:08,573 INFO o.a.j.t.JMeterThread: Thread is done: GET search (agents) 2-57
2026-10-08 10:27:08,573 INFO o.a.j.t.JMeterThread: Thread finished: GET search (agents) 2-57
2026-10-08 10:27:09,515 INFO o.a.j.t.JMeterThread: Thread started: POST tickets (intake) 1-41
2026-10-08 10:27:11,052 INFO o.a.j.t.JMeterThread: Thread is done: POST tickets (intake) 1-40
2026-10-08 10:27:11,052 INFO o.a.j.t.JMeterThread: Thread finished: POST tickets (intake) 1-40
2026-10-08 10:27:18,005 INFO o.a.j.t.JMeterThread: Thread started: GET search (agents) 2-58
2026-10-08 10:27:18,049 INFO o.a.j.t.JMeterThread: Thread is done: GET search (agents) 2-58
2026-10-08 10:27:18,049 INFO o.a.j.t.JMeterThread: Thread finished: GET search (agents) 2-58
2026-10-08 10:27:21,804 INFO o.a.j.t.JMeterThread: Thread is done: POST tickets (intake) 1-41
2026-10-08 10:27:21,804 INFO o.a.j.t.JMeterThread: Thread finished: POST tickets (intake) 1-41
2026-10-08 10:27:23,321 INFO o.a.j.t.JMeterThread: Thread started: POST tickets (intake) 1-42
2026-10-08 10:27:24,640 INFO o.a.j.t.JMeterThread: Thread started: GET search (agents) 2-59
2026-10-08 10:27:24,689 INFO o.a.j.t.JMeterThread: Thread is done: GET search (agents) 2-59
2026-10-08 10:27:24,689 INFO o.a.j.t.JMeterThread: Thread finished: GET search (agents) 2-59
2026-10-08 10:27:24,966 INFO o.a.j.t.JMeterThread: Thread started: POST tickets (intake) 1-43
2026-10-08 10:27:25,895 INFO o.a.j.t.JMeterThread: Thread started: POST tickets (intake) 1-44
2026-10-08 10:27:30,598 INFO o.a.j.r.Summariser: summary +      7 in 00:00:26 =    0.3/s Avg:  4546 Min:    29 Max: 12288 Err:     0 (0.00%) Active: 3 Started: 103 Finished: 100
2026-10-08 10:27:30,598 INFO o.a.j.r.Summariser: summary =    101 in 00:12:21 =    0.1/s Avg:  3707 Min:    12 Max: 23424 Err:     0 (0.00%)
2026-10-08 10:27:30,598 INFO o.a.j.t.JMeterThread: Thread is done: POST tickets (intake) 1-42
2026-10-08 10:27:30,598 INFO o.a.j.t.JMeterThread: Thread finished: POST tickets (intake) 1-42
2026-10-08 10:27:34,212 INFO o.a.j.t.JMeterThread: Thread is done: POST tickets (intake) 1-43
2026-10-08 10:27:34,212 INFO o.a.j.t.JMeterThread: Thread finished: POST tickets (intake) 1-43
2026-10-08 10:27:34,496 INFO o.a.j.t.JMeterThread: Thread started: POST tickets (intake) 1-45
2026-10-08 10:27:35,478 INFO o.a.j.t.JMeterThread: Thread started: GET search (agents) 2-60
2026-10-08 10:27:35,582 INFO o.a.j.t.JMeterThread: Thread is done: GET search (agents) 2-60
2026-10-08 10:27:35,582 INFO o.a.j.t.JMeterThread: Thread finished: GET search (agents) 2-60
2026-10-08 10:27:50,693 INFO o.a.j.t.JMeterThread: Thread is done: POST tickets (intake) 1-44
2026-10-08 10:27:50,693 INFO o.a.j.t.JMeterThread: Thread finished: POST tickets (intake) 1-44
2026-10-08 10:27:52,510 INFO o.a.j.t.JMeterThread: Thread started: POST tickets (intake) 1-46
2026-10-08 10:27:53,015 INFO o.a.j.t.JMeterThread: Thread started: GET search (agents) 2-61
2026-10-08 10:27:53,067 INFO o.a.j.t.JMeterThread: Thread is done: GET search (agents) 2-61
2026-10-08 10:27:53,067 INFO o.a.j.t.JMeterThread: Thread finished: GET search (agents) 2-61
2026-10-08 10:27:58,131 INFO o.a.j.t.JMeterThread: Thread started: POST tickets (intake) 1-47
2026-10-08 10:27:59,639 INFO o.a.j.t.JMeterThread: Thread is done: POST tickets (intake) 1-45
2026-10-08 10:27:59,639 INFO o.a.j.t.JMeterThread: Thread finished: POST tickets (intake) 1-45
2026-10-08 10:28:02,652 INFO o.a.j.t.JMeterThread: Thread started: POST tickets (intake) 1-48
2026-10-08 10:28:02,912 INFO o.a.j.r.Summariser: summary +      6 in 00:00:32 =    0.2/s Avg: 11622 Min:    50 Max: 25141 Err:     0 (0.00%) Active: 3 Started: 109 Finished: 106
2026-10-08 10:28:02,912 INFO o.a.j.r.Summariser: summary =    107 in 00:12:53 =    0.1/s Avg:  4151 Min:    12 Max: 25141 Err:     0 (0.00%)
2026-10-08 10:28:02,912 INFO o.a.j.t.JMeterThread: Thread is done: POST tickets (intake) 1-46
2026-10-08 10:28:02,912 INFO o.a.j.t.JMeterThread: Thread finished: POST tickets (intake) 1-46
2026-10-08 10:28:04,032 INFO o.a.j.t.JMeterThread: Thread started: POST tickets (intake) 1-49
2026-10-08 10:28:12,865 INFO o.a.j.t.JMeterThread: Thread is done: POST tickets (intake) 1-47
2026-10-08 10:28:12,865 INFO o.a.j.t.JMeterThread: Thread finished: POST tickets (intake) 1-47
2026-10-08 10:28:15,597 INFO o.a.j.t.JMeterThread: Thread started: GET search (agents) 2-62
2026-10-08 10:28:15,745 INFO o.a.j.t.JMeterThread: Thread is done: GET search (agents) 2-62
2026-10-08 10:28:15,745 INFO o.a.j.t.JMeterThread: Thread finished: GET search (agents) 2-62
2026-10-08 10:28:16,102 INFO o.a.j.t.JMeterThread: Thread is done: POST tickets (intake) 1-48
2026-10-08 10:28:16,102 INFO o.a.j.t.JMeterThread: Thread finished: POST tickets (intake) 1-48
2026-10-08 10:28:20,608 INFO o.a.j.t.JMeterThread: Thread is done: POST tickets (intake) 1-49
2026-10-08 10:28:20,608 INFO o.a.j.t.JMeterThread: Thread finished: POST tickets (intake) 1-49
2026-10-08 10:28:27,901 INFO o.a.j.t.JMeterThread: Thread started: GET search (agents) 2-63
2026-10-08 10:28:27,931 INFO o.a.j.t.JMeterThread: Thread is done: GET search (agents) 2-63
2026-10-08 10:28:27,931 INFO o.a.j.t.JMeterThread: Thread finished: GET search (agents) 2-63
2026-10-08 10:28:31,156 INFO o.a.j.t.JMeterThread: Thread started: POST tickets (intake) 1-50
2026-10-08 10:28:35,264 INFO o.a.j.t.JMeterThread: Thread started: POST tickets (intake) 1-51
2026-10-08 10:28:35,283 INFO o.a.j.r.Summariser: summary +      6 in 00:00:32 =    0.2/s Avg:  8176 Min:    29 Max: 16574 Err:     0 (0.00%) Active: 2 Started: 114 Finished: 112
2026-10-08 10:28:35,284 INFO o.a.j.r.Summariser: summary =    113 in 00:13:26 =    0.1/s Avg:  4365 Min:    12 Max: 25141 Err:     0 (0.00%)
2026-10-08 10:28:35,284 INFO o.a.j.t.JMeterThread: Thread is done: POST tickets (intake) 1-50
2026-10-08 10:28:35,284 INFO o.a.j.t.JMeterThread: Thread finished: POST tickets (intake) 1-50
2026-10-08 10:28:37,177 INFO o.a.j.t.JMeterThread: Thread started: POST tickets (intake) 1-52
2026-10-08 10:28:38,146 INFO o.a.j.t.JMeterThread: Thread started: GET search (agents) 2-64
2026-10-08 10:28:38,170 INFO o.a.j.t.JMeterThread: Thread is done: GET search (agents) 2-64
2026-10-08 10:28:38,171 INFO o.a.j.t.JMeterThread: Thread finished: GET search (agents) 2-64
2026-10-08 10:28:39,042 INFO o.a.j.t.JMeterThread: Thread is done: POST tickets (intake) 1-51
2026-10-08 10:28:39,042 INFO o.a.j.t.JMeterThread: Thread finished: POST tickets (intake) 1-51
2026-10-08 10:28:44,300 INFO o.a.j.t.JMeterThread: Thread is done: POST tickets (intake) 1-52
2026-10-08 10:28:44,300 INFO o.a.j.t.JMeterThread: Thread finished: POST tickets (intake) 1-52
2026-10-08 10:28:48,137 INFO o.a.j.t.JMeterThread: Thread started: POST tickets (intake) 1-53
2026-10-08 10:28:55,308 INFO o.a.j.t.JMeterThread: Thread started: POST tickets (intake) 1-54
2026-10-08 10:29:00,229 INFO o.a.j.t.JMeterThread: Thread started: GET search (agents) 2-65
2026-10-08 10:29:00,283 INFO o.a.j.r.Summariser: summary +      4 in 00:00:25 =    0.2/s Avg:  2743 Min:    23 Max:  7122 Err:     0 (0.00%) Active: 3 Started: 119 Finished: 116
2026-10-08 10:29:00,283 INFO o.a.j.r.Summariser: summary =    117 in 00:13:51 =    0.1/s Avg:  4309 Min:    12 Max: 25141 Err:     0 (0.00%)
2026-10-08 10:29:00,283 INFO o.a.j.t.JMeterThread: Thread is done: GET search (agents) 2-65
2026-10-08 10:29:00,283 INFO o.a.j.t.JMeterThread: Thread finished: GET search (agents) 2-65
2026-10-08 10:29:00,523 INFO o.a.j.t.JMeterThread: Thread is done: POST tickets (intake) 1-53
2026-10-08 10:29:00,523 INFO o.a.j.t.JMeterThread: Thread finished: POST tickets (intake) 1-53
2026-10-08 10:29:04,717 INFO o.a.j.t.JMeterThread: Thread is done: POST tickets (intake) 1-54
2026-10-08 10:29:04,718 INFO o.a.j.t.JMeterThread: Thread finished: POST tickets (intake) 1-54
2026-10-08 10:29:05,465 INFO o.a.j.t.JMeterThread: Thread started: GET search (agents) 2-66
2026-10-08 10:29:05,511 INFO o.a.j.t.JMeterThread: Thread is done: GET search (agents) 2-66
2026-10-08 10:29:05,511 INFO o.a.j.t.JMeterThread: Thread finished: GET search (agents) 2-66
2026-10-08 10:29:10,547 INFO o.a.j.t.JMeterThread: Thread started: GET search (agents) 2-67
2026-10-08 10:29:10,569 INFO o.a.j.t.JMeterThread: Thread is done: GET search (agents) 2-67
2026-10-08 10:29:10,569 INFO o.a.j.t.JMeterThread: Thread finished: GET search (agents) 2-67
2026-10-08 10:29:24,244 INFO o.a.j.t.JMeterThread: Thread started: GET search (agents) 2-68
2026-10-08 10:29:24,269 INFO o.a.j.t.JMeterThread: Thread is done: GET search (agents) 2-68
2026-10-08 10:29:24,270 INFO o.a.j.t.JMeterThread: Thread finished: GET search (agents) 2-68
2026-10-08 10:29:24,841 INFO o.a.j.t.JMeterThread: Thread started: POST tickets (intake) 1-55
2026-10-08 10:29:25,246 INFO o.a.j.t.JMeterThread: Thread started: POST tickets (intake) 1-56
2026-10-08 10:29:26,956 INFO o.a.j.t.JMeterThread: Thread is done: POST tickets (intake) 1-55
2026-10-08 10:29:26,956 INFO o.a.j.t.JMeterThread: Thread finished: POST tickets (intake) 1-55
2026-10-08 10:29:28,001 INFO o.a.j.t.JMeterThread: Thread started: GET search (agents) 2-69
2026-10-08 10:29:28,037 INFO o.a.j.t.JMeterThread: Thread is done: GET search (agents) 2-69
2026-10-08 10:29:28,037 INFO o.a.j.t.JMeterThread: Thread finished: GET search (agents) 2-69
2026-10-08 10:29:28,448 INFO o.a.j.t.JMeterThread: Thread started: GET search (agents) 2-70
2026-10-08 10:29:28,508 INFO o.a.j.t.JMeterThread: Thread is done: GET search (agents) 2-70
2026-10-08 10:29:28,508 INFO o.a.j.t.JMeterThread: Thread finished: GET search (agents) 2-70
2026-10-08 10:29:28,822 INFO o.a.j.t.JMeterThread: Thread started: POST tickets (intake) 1-57
2026-10-08 10:29:29,767 INFO o.a.j.t.JMeterThread: Thread is done: POST tickets (intake) 1-56
2026-10-08 10:29:29,767 INFO o.a.j.t.JMeterThread: Thread finished: POST tickets (intake) 1-56
2026-10-08 10:29:35,332 INFO o.a.j.r.Summariser: summary +     10 in 00:00:35 =    0.3/s Avg:  3512 Min:    21 Max: 12386 Err:     0 (0.00%) Active: 1 Started: 127 Finished: 126
2026-10-08 10:29:35,332 INFO o.a.j.r.Summariser: summary =    127 in 00:14:26 =    0.1/s Avg:  4246 Min:    12 Max: 25141 Err:     0 (0.00%)
2026-10-08 10:29:35,332 INFO o.a.j.t.JMeterThread: Thread is done: POST tickets (intake) 1-57
2026-10-08 10:29:35,332 INFO o.a.j.t.JMeterThread: Thread finished: POST tickets (intake) 1-57
2026-10-08 10:29:43,778 INFO o.a.j.t.JMeterThread: Thread started: GET search (agents) 2-71
2026-10-08 10:29:43,813 INFO o.a.j.t.JMeterThread: Thread is done: GET search (agents) 2-71
2026-10-08 10:29:43,813 INFO o.a.j.t.JMeterThread: Thread finished: GET search (agents) 2-71
2026-10-08 10:29:45,004 INFO o.a.j.t.JMeterThread: Thread started: POST tickets (intake) 1-58
2026-10-08 10:29:47,567 INFO o.a.j.t.JMeterThread: Thread started: POST tickets (intake) 1-59
2026-10-08 10:29:49,520 INFO o.a.j.t.JMeterThread: Thread is done: POST tickets (intake) 1-58
2026-10-08 10:29:49,520 INFO o.a.j.t.JMeterThread: Thread finished: POST tickets (intake) 1-58
2026-10-08 10:29:49,940 INFO o.a.j.t.JMeterThread: Thread started: POST tickets (intake) 1-60
2026-10-08 10:29:53,256 INFO o.a.j.t.JMeterThread: Thread is done: POST tickets (intake) 1-59
2026-10-08 10:29:53,256 INFO o.a.j.t.JMeterThread: Thread finished: POST tickets (intake) 1-59
2026-10-08 10:30:00,907 INFO o.a.j.r.Summariser: summary +      4 in 00:00:26 =    0.2/s Avg:  5300 Min:    34 Max: 10965 Err:     0 (0.00%) Active: 1 Started: 131 Finished: 130
2026-10-08 10:30:00,907 INFO o.a.j.r.Summariser: summary =    131 in 00:14:51 =    0.1/s Avg:  4279 Min:    12 Max: 25141 Err:     0 (0.00%)
2026-10-08 10:30:00,907 INFO o.a.j.t.JMeterThread: Thread is done: POST tickets (intake) 1-60
2026-10-08 10:30:00,907 INFO o.a.j.t.JMeterThread: Thread finished: POST tickets (intake) 1-60
2026-10-08 10:30:11,701 INFO o.a.j.t.JMeterThread: Thread started: GET search (agents) 2-72
2026-10-08 10:30:11,744 INFO o.a.j.t.JMeterThread: Thread is done: GET search (agents) 2-72
2026-10-08 10:30:11,744 INFO o.a.j.t.JMeterThread: Thread finished: GET search (agents) 2-72
2026-10-08 10:30:16,393 INFO o.a.j.t.JMeterThread: Thread started: GET search (agents) 2-73
2026-10-08 10:30:16,478 INFO o.a.j.t.JMeterThread: Thread is done: GET search (agents) 2-73
2026-10-08 10:30:16,478 INFO o.a.j.t.JMeterThread: Thread finished: GET search (agents) 2-73
2026-10-08 10:30:17,211 INFO o.a.j.t.JMeterThread: Thread started: POST tickets (intake) 1-61
2026-10-08 10:30:17,378 INFO o.a.j.t.JMeterThread: Thread started: GET search (agents) 2-74
2026-10-08 10:30:17,417 INFO o.a.j.t.JMeterThread: Thread is done: GET search (agents) 2-74
2026-10-08 10:30:17,417 INFO o.a.j.t.JMeterThread: Thread finished: GET search (agents) 2-74
2026-10-08 10:30:20,538 INFO o.a.j.t.JMeterThread: Thread started: GET search (agents) 2-75
2026-10-08 10:30:20,575 INFO o.a.j.t.JMeterThread: Thread is done: GET search (agents) 2-75
2026-10-08 10:30:20,575 INFO o.a.j.t.JMeterThread: Thread finished: GET search (agents) 2-75
2026-10-08 10:30:21,291 INFO o.a.j.t.JMeterThread: Thread started: POST tickets (intake) 1-62
2026-10-08 10:30:21,989 INFO o.a.j.t.JMeterThread: Thread started: GET search (agents) 2-76
2026-10-08 10:30:22,052 INFO o.a.j.t.JMeterThread: Thread is done: GET search (agents) 2-76
2026-10-08 10:30:22,052 INFO o.a.j.t.JMeterThread: Thread finished: GET search (agents) 2-76
2026-10-08 10:30:23,091 INFO o.a.j.t.JMeterThread: Thread started: GET search (agents) 2-77
2026-10-08 10:30:23,116 INFO o.a.j.t.JMeterThread: Thread is done: GET search (agents) 2-77
2026-10-08 10:30:23,116 INFO o.a.j.t.JMeterThread: Thread finished: GET search (agents) 2-77
2026-10-08 10:30:26,053 INFO o.a.j.t.JMeterThread: Thread is done: POST tickets (intake) 1-61
2026-10-08 10:30:26,053 INFO o.a.j.t.JMeterThread: Thread finished: POST tickets (intake) 1-61
2026-10-08 10:30:26,548 INFO o.a.j.t.JMeterThread: Thread started: POST tickets (intake) 1-63
2026-10-08 10:30:27,332 INFO o.a.j.t.JMeterThread: Thread started: POST tickets (intake) 1-64
2026-10-08 10:30:28,090 INFO o.a.j.t.JMeterThread: Thread started: POST tickets (intake) 1-65
2026-10-08 10:30:28,162 INFO o.a.j.t.JMeterThread: Thread started: GET search (agents) 2-78
2026-10-08 10:30:28,248 INFO o.a.j.t.JMeterThread: Thread is done: GET search (agents) 2-78
2026-10-08 10:30:28,248 INFO o.a.j.t.JMeterThread: Thread finished: GET search (agents) 2-78
2026-10-08 10:30:37,407 INFO o.a.j.t.JMeterThread: Thread is done: POST tickets (intake) 1-62
2026-10-08 10:30:37,407 INFO o.a.j.t.JMeterThread: Thread finished: POST tickets (intake) 1-62
2026-10-08 10:30:39,760 INFO o.a.j.t.JMeterThread: Thread started: GET search (agents) 2-79
2026-10-08 10:30:39,801 INFO o.a.j.t.JMeterThread: Thread is done: GET search (agents) 2-79
2026-10-08 10:30:39,801 INFO o.a.j.t.JMeterThread: Thread finished: GET search (agents) 2-79
2026-10-08 10:30:46,235 INFO o.a.j.t.JMeterThread: Thread started: POST tickets (intake) 1-66
2026-10-08 10:30:48,383 INFO o.a.j.t.JMeterThread: Thread is done: POST tickets (intake) 1-63
2026-10-08 10:30:48,383 INFO o.a.j.t.JMeterThread: Thread finished: POST tickets (intake) 1-63
2026-10-08 10:30:49,337 INFO o.a.j.t.JMeterThread: Thread started: GET search (agents) 2-80
2026-10-08 10:30:49,370 INFO o.a.j.t.JMeterThread: Thread is done: GET search (agents) 2-80
2026-10-08 10:30:49,370 INFO o.a.j.t.JMeterThread: Thread finished: GET search (agents) 2-80
2026-10-08 10:30:52,723 INFO o.a.j.t.JMeterThread: Thread is done: POST tickets (intake) 1-64
2026-10-08 10:30:52,723 INFO o.a.j.t.JMeterThread: Thread finished: POST tickets (intake) 1-64
2026-10-08 10:30:55,674 INFO o.a.j.t.JMeterThread: Thread started: GET search (agents) 2-81
2026-10-08 10:30:55,706 INFO o.a.j.t.JMeterThread: Thread is done: GET search (agents) 2-81
2026-10-08 10:30:55,706 INFO o.a.j.t.JMeterThread: Thread finished: GET search (agents) 2-81
2026-10-08 10:30:59,706 INFO o.a.j.t.JMeterThread: Thread started: POST tickets (intake) 1-67
2026-10-08 10:31:00,404 INFO o.a.j.t.JMeterThread: Thread started: POST tickets (intake) 1-68
2026-10-08 10:31:02,516 INFO o.a.j.t.JMeterThread: Thread started: GET search (agents) 2-82
2026-10-08 10:31:02,598 INFO o.a.j.r.Summariser: summary +     15 in 00:01:02 =    0.2/s Avg:  4848 Min:    24 Max: 25390 Err:     0 (0.00%) Active: 5 Started: 150 Finished: 145
2026-10-08 10:31:02,598 INFO o.a.j.r.Summariser: summary =    146 in 00:15:53 =    0.2/s Avg:  4337 Min:    12 Max: 25390 Err:     0 (0.00%)
2026-10-08 10:31:02,598 INFO o.a.j.t.JMeterThread: Thread is done: GET search (agents) 2-82
2026-10-08 10:31:02,598 INFO o.a.j.t.JMeterThread: Thread finished: GET search (agents) 2-82
2026-10-08 10:31:02,787 INFO o.a.j.t.JMeterThread: Thread is done: POST tickets (intake) 1-65
2026-10-08 10:31:02,787 INFO o.a.j.t.JMeterThread: Thread finished: POST tickets (intake) 1-65
2026-10-08 10:31:03,613 INFO o.a.j.t.JMeterThread: Thread started: POST tickets (intake) 1-69
2026-10-08 10:31:06,406 INFO o.a.j.t.JMeterThread: Thread is done: POST tickets (intake) 1-66
2026-10-08 10:31:06,406 INFO o.a.j.t.JMeterThread: Thread finished: POST tickets (intake) 1-66
2026-10-08 10:31:12,634 INFO o.a.j.t.JMeterThread: Thread is done: POST tickets (intake) 1-67
2026-10-08 10:31:12,635 INFO o.a.j.t.JMeterThread: Thread finished: POST tickets (intake) 1-67
2026-10-08 10:31:13,575 INFO o.a.j.t.JMeterThread: Thread started: POST tickets (intake) 1-70
2026-10-08 10:31:19,286 INFO o.a.j.t.JMeterThread: Thread is done: POST tickets (intake) 1-68
2026-10-08 10:31:19,286 INFO o.a.j.t.JMeterThread: Thread finished: POST tickets (intake) 1-68
2026-10-08 10:31:24,185 INFO o.a.j.t.JMeterThread: Thread started: GET search (agents) 2-83
2026-10-08 10:31:24,219 INFO o.a.j.t.JMeterThread: Thread is done: GET search (agents) 2-83
2026-10-08 10:31:24,219 INFO o.a.j.t.JMeterThread: Thread finished: GET search (agents) 2-83
2026-10-08 10:31:28,235 INFO o.a.j.t.JMeterThread: Thread is done: POST tickets (intake) 1-69
2026-10-08 10:31:28,235 INFO o.a.j.t.JMeterThread: Thread finished: POST tickets (intake) 1-69
2026-10-08 10:31:32,444 INFO o.a.j.t.JMeterThread: Thread started: GET search (agents) 2-84
2026-10-08 10:31:32,944 INFO o.a.j.r.Summariser: summary +      7 in 00:00:30 =    0.2/s Avg: 15975 Min:    33 Max: 34695 Err:     0 (0.00%) Active: 2 Started: 154 Finished: 152
2026-10-08 10:31:32,945 INFO o.a.j.r.Summariser: summary =    153 in 00:16:23 =    0.2/s Avg:  4870 Min:    12 Max: 34695 Err:     0 (0.00%)
2026-10-08 10:31:32,945 INFO o.a.j.t.JMeterThread: Thread is done: GET search (agents) 2-84
2026-10-08 10:31:32,945 INFO o.a.j.t.JMeterThread: Thread finished: GET search (agents) 2-84
2026-10-08 10:31:33,257 INFO o.a.j.t.JMeterThread: Thread is done: POST tickets (intake) 1-70
2026-10-08 10:31:33,258 INFO o.a.j.t.JMeterThread: Thread finished: POST tickets (intake) 1-70
2026-10-08 10:31:33,828 INFO o.a.j.t.JMeterThread: Thread started: POST tickets (intake) 1-71
2026-10-08 10:31:34,481 INFO o.a.j.t.JMeterThread: Thread started: POST tickets (intake) 1-72
2026-10-08 10:31:34,797 INFO o.a.j.t.JMeterThread: Thread started: POST tickets (intake) 1-73
2026-10-08 10:31:35,642 INFO o.a.j.t.JMeterThread: Thread started: POST tickets (intake) 1-74
2026-10-08 10:31:38,784 INFO o.a.j.t.JMeterThread: Thread started: POST tickets (intake) 1-75
2026-10-08 10:31:39,348 INFO o.a.j.t.JMeterThread: Thread is done: POST tickets (intake) 1-71
2026-10-08 10:31:39,348 INFO o.a.j.t.JMeterThread: Thread finished: POST tickets (intake) 1-71
2026-10-08 10:31:45,727 INFO o.a.j.t.JMeterThread: Thread started: POST tickets (intake) 1-76
2026-10-08 10:31:48,963 INFO o.a.j.t.JMeterThread: Thread is done: POST tickets (intake) 1-72
2026-10-08 10:31:48,964 INFO o.a.j.t.JMeterThread: Thread finished: POST tickets (intake) 1-72
2026-10-08 10:31:56,197 INFO o.a.j.t.JMeterThread: Thread is done: POST tickets (intake) 1-73
2026-10-08 10:31:56,197 INFO o.a.j.t.JMeterThread: Thread finished: POST tickets (intake) 1-73
2026-10-08 10:31:59,251 INFO o.a.j.t.JMeterThread: Thread started: POST tickets (intake) 1-77
2026-10-08 10:32:03,480 INFO o.a.j.r.Summariser: summary +      5 in 00:00:31 =    0.2/s Avg: 17783 Min:  5519 Max: 27837 Err:     0 (0.00%) Active: 4 Started: 161 Finished: 157
2026-10-08 10:32:03,481 INFO o.a.j.r.Summariser: summary =    158 in 00:16:54 =    0.2/s Avg:  5278 Min:    12 Max: 34695 Err:     0 (0.00%)
2026-10-08 10:32:03,481 INFO o.a.j.t.JMeterThread: Thread is done: POST tickets (intake) 1-74
2026-10-08 10:32:03,481 INFO o.a.j.t.JMeterThread: Thread finished: POST tickets (intake) 1-74
2026-10-08 10:32:06,237 INFO o.a.j.t.JMeterThread: Thread is done: POST tickets (intake) 1-75
2026-10-08 10:32:06,237 INFO o.a.j.t.JMeterThread: Thread finished: POST tickets (intake) 1-75
2026-10-08 10:32:06,921 INFO o.a.j.t.JMeterThread: Thread started: GET search (agents) 2-85
2026-10-08 10:32:06,962 INFO o.a.j.t.JMeterThread: Thread is done: GET search (agents) 2-85
2026-10-08 10:32:06,962 INFO o.a.j.t.JMeterThread: Thread finished: GET search (agents) 2-85
2026-10-08 10:32:15,826 INFO o.a.j.t.JMeterThread: Thread started: GET search (agents) 2-86
2026-10-08 10:32:15,910 INFO o.a.j.t.JMeterThread: Thread is done: GET search (agents) 2-86
2026-10-08 10:32:15,910 INFO o.a.j.t.JMeterThread: Thread finished: GET search (agents) 2-86
2026-10-08 10:32:17,006 INFO o.a.j.t.JMeterThread: Thread is done: POST tickets (intake) 1-76
2026-10-08 10:32:17,006 INFO o.a.j.t.JMeterThread: Thread finished: POST tickets (intake) 1-76
2026-10-08 10:32:17,255 INFO o.a.j.t.JMeterThread: Thread started: POST tickets (intake) 1-78
2026-10-08 10:32:19,873 INFO o.a.j.t.JMeterThread: Thread started: GET search (agents) 2-87
2026-10-08 10:32:19,947 INFO o.a.j.t.JMeterThread: Thread is done: GET search (agents) 2-87
2026-10-08 10:32:19,947 INFO o.a.j.t.JMeterThread: Thread finished: GET search (agents) 2-87
2026-10-08 10:32:22,664 INFO o.a.j.t.JMeterThread: Thread started: GET search (agents) 2-88
2026-10-08 10:32:22,710 INFO o.a.j.t.JMeterThread: Thread is done: GET search (agents) 2-88
2026-10-08 10:32:22,710 INFO o.a.j.t.JMeterThread: Thread finished: GET search (agents) 2-88
2026-10-08 10:32:26,632 INFO o.a.j.t.JMeterThread: Thread is done: POST tickets (intake) 1-77
2026-10-08 10:32:26,632 INFO o.a.j.t.JMeterThread: Thread finished: POST tickets (intake) 1-77
2026-10-08 10:32:29,635 INFO o.a.j.t.JMeterThread: Thread started: GET search (agents) 2-89
2026-10-08 10:32:29,671 INFO o.a.j.t.JMeterThread: Thread is done: GET search (agents) 2-89
2026-10-08 10:32:29,671 INFO o.a.j.t.JMeterThread: Thread finished: GET search (agents) 2-89
2026-10-08 10:32:40,347 INFO o.a.j.t.JMeterThread: Thread is done: POST tickets (intake) 1-78
2026-10-08 10:32:40,347 INFO o.a.j.t.JMeterThread: Thread finished: POST tickets (intake) 1-78
2026-10-08 10:32:47,227 INFO o.a.j.t.JMeterThread: Thread started: GET search (agents) 2-90
2026-10-08 10:32:47,254 INFO o.a.j.t.JMeterThread: Thread is done: GET search (agents) 2-90
2026-10-08 10:32:47,254 INFO o.a.j.t.JMeterThread: Thread finished: GET search (agents) 2-90
2026-10-08 10:32:49,091 INFO o.a.j.t.JMeterThread: Thread started: POST tickets (intake) 1-79
2026-10-08 10:32:56,212 INFO o.a.j.t.JMeterThread: Thread started: POST tickets (intake) 1-80
2026-10-08 10:32:56,420 INFO o.a.j.t.JMeterThread: Thread started: POST tickets (intake) 1-81
2026-10-08 10:32:57,099 INFO o.a.j.t.JMeterThread: Thread is done: POST tickets (intake) 1-79
2026-10-08 10:32:57,099 INFO o.a.j.t.JMeterThread: Thread finished: POST tickets (intake) 1-79
2026-10-08 10:33:02,435 INFO o.a.j.t.JMeterThread: Thread started: POST tickets (intake) 1-82
2026-10-08 10:33:02,736 INFO o.a.j.t.JMeterThread: Thread started: GET search (agents) 2-91
2026-10-08 10:33:02,784 INFO o.a.j.r.Summariser: summary +     12 in 00:00:59 =    0.2/s Avg:  9796 Min:    25 Max: 31279 Err:     0 (0.00%) Active: 4 Started: 173 Finished: 169
2026-10-08 10:33:02,784 INFO o.a.j.r.Summariser: summary =    170 in 00:17:53 =    0.2/s Avg:  5597 Min:    12 Max: 34695 Err:     0 (0.00%)
2026-10-08 10:33:02,784 INFO o.a.j.t.JMeterThread: Thread is done: GET search (agents) 2-91
2026-10-08 10:33:02,784 INFO o.a.j.t.JMeterThread: Thread finished: GET search (agents) 2-91
2026-10-08 10:33:02,788 INFO o.a.j.t.JMeterThread: Thread started: POST tickets (intake) 1-83
2026-10-08 10:33:04,301 INFO o.a.j.t.JMeterThread: Thread is done: POST tickets (intake) 1-80
2026-10-08 10:33:04,301 INFO o.a.j.t.JMeterThread: Thread finished: POST tickets (intake) 1-80
2026-10-08 10:33:07,208 INFO o.a.j.t.JMeterThread: Thread started: GET search (agents) 2-92
2026-10-08 10:33:07,239 INFO o.a.j.t.JMeterThread: Thread is done: GET search (agents) 2-92
2026-10-08 10:33:07,239 INFO o.a.j.t.JMeterThread: Thread finished: GET search (agents) 2-92
2026-10-08 10:33:07,772 INFO o.a.j.t.JMeterThread: Thread is done: POST tickets (intake) 1-81
2026-10-08 10:33:07,772 INFO o.a.j.t.JMeterThread: Thread finished: POST tickets (intake) 1-81
2026-10-08 10:33:12,670 INFO o.a.j.t.JMeterThread: Thread started: POST tickets (intake) 1-84
2026-10-08 10:33:17,420 INFO o.a.j.t.JMeterThread: Thread is done: POST tickets (intake) 1-82
2026-10-08 10:33:17,420 INFO o.a.j.t.JMeterThread: Thread finished: POST tickets (intake) 1-82
2026-10-08 10:33:18,836 INFO o.a.j.t.JMeterThread: Thread started: POST tickets (intake) 1-85
2026-10-08 10:33:26,100 INFO o.a.j.t.JMeterThread: Thread started: POST tickets (intake) 1-86
2026-10-08 10:33:30,602 INFO o.a.j.r.Summariser: summary +      5 in 00:00:28 =    0.2/s Avg: 12453 Min:    30 Max: 27813 Err:     0 (0.00%) Active: 4 Started: 178 Finished: 174
2026-10-08 10:33:30,603 INFO o.a.j.r.Summariser: summary =    175 in 00:18:21 =    0.2/s Avg:  5793 Min:    12 Max: 34695 Err:     0 (0.00%)
2026-10-08 10:33:30,603 INFO o.a.j.t.JMeterThread: Thread is done: POST tickets (intake) 1-83
2026-10-08 10:33:30,603 INFO o.a.j.t.JMeterThread: Thread finished: POST tickets (intake) 1-83
2026-10-08 10:33:32,105 INFO o.a.j.t.JMeterThread: Thread started: POST tickets (intake) 1-87
2026-10-08 10:33:34,554 INFO o.a.j.t.JMeterThread: Thread is done: POST tickets (intake) 1-84
2026-10-08 10:33:34,554 INFO o.a.j.t.JMeterThread: Thread finished: POST tickets (intake) 1-84
2026-10-08 10:33:43,245 INFO o.a.j.t.JMeterThread: Thread is done: POST tickets (intake) 1-85
2026-10-08 10:33:43,245 INFO o.a.j.t.JMeterThread: Thread finished: POST tickets (intake) 1-85
2026-10-08 10:33:44,043 INFO o.a.j.t.JMeterThread: Thread started: GET search (agents) 2-93
2026-10-08 10:33:44,102 INFO o.a.j.t.JMeterThread: Thread is done: GET search (agents) 2-93
2026-10-08 10:33:44,102 INFO o.a.j.t.JMeterThread: Thread finished: GET search (agents) 2-93
2026-10-08 10:33:46,357 INFO o.a.j.t.JMeterThread: Thread started: POST tickets (intake) 1-88
2026-10-08 10:33:46,795 INFO o.a.j.t.JMeterThread: Thread started: POST tickets (intake) 1-89
2026-10-08 10:33:47,632 INFO o.a.j.t.JMeterThread: Thread is done: POST tickets (intake) 1-86
2026-10-08 10:33:47,632 INFO o.a.j.t.JMeterThread: Thread finished: POST tickets (intake) 1-86
2026-10-08 10:33:48,937 INFO o.a.j.t.JMeterThread: Thread started: POST tickets (intake) 1-90
2026-10-08 10:33:53,896 INFO o.a.j.t.JMeterThread: Thread started: GET search (agents) 2-94
2026-10-08 10:33:53,945 INFO o.a.j.t.JMeterThread: Thread is done: GET search (agents) 2-94
2026-10-08 10:33:53,945 INFO o.a.j.t.JMeterThread: Thread finished: GET search (agents) 2-94
2026-10-08 10:33:54,685 INFO o.a.j.t.JMeterThread: Thread is done: POST tickets (intake) 1-87
2026-10-08 10:33:54,686 INFO o.a.j.t.JMeterThread: Thread finished: POST tickets (intake) 1-87
2026-10-08 10:33:55,573 INFO o.a.j.t.JMeterThread: Thread started: POST tickets (intake) 1-91
2026-10-08 10:33:59,977 INFO o.a.j.t.JMeterThread: Thread started: POST tickets (intake) 1-92
2026-10-08 10:34:02,031 INFO o.a.j.r.Summariser: summary +      7 in 00:00:31 =    0.2/s Avg: 15168 Min:    47 Max: 24409 Err:     0 (0.00%) Active: 5 Started: 186 Finished: 181
2026-10-08 10:34:02,031 INFO o.a.j.r.Summariser: summary =    182 in 00:18:52 =    0.2/s Avg:  6154 Min:    12 Max: 34695 Err:     0 (0.00%)
2026-10-08 10:34:02,031 INFO o.a.j.t.JMeterThread: Thread is done: POST tickets (intake) 1-88
2026-10-08 10:34:02,031 INFO o.a.j.t.JMeterThread: Thread finished: POST tickets (intake) 1-88
2026-10-08 10:34:04,013 INFO o.a.j.t.JMeterThread: Thread started: POST tickets (intake) 1-93
2026-10-08 10:34:05,212 INFO o.a.j.t.JMeterThread: Thread is done: POST tickets (intake) 1-89
2026-10-08 10:34:05,212 INFO o.a.j.t.JMeterThread: Thread finished: POST tickets (intake) 1-89
2026-10-08 10:34:07,690 INFO o.a.j.t.JMeterThread: Thread is done: POST tickets (intake) 1-90
2026-10-08 10:34:07,690 INFO o.a.j.t.JMeterThread: Thread finished: POST tickets (intake) 1-90
2026-10-08 10:34:10,812 INFO o.a.j.t.JMeterThread: Thread is done: POST tickets (intake) 1-91
2026-10-08 10:34:10,812 INFO o.a.j.t.JMeterThread: Thread finished: POST tickets (intake) 1-91
2026-10-08 10:34:16,399 INFO o.a.j.t.JMeterThread: Thread started: POST tickets (intake) 1-94
2026-10-08 10:34:16,821 INFO o.a.j.t.JMeterThread: Thread started: GET search (agents) 2-95
2026-10-08 10:34:16,871 INFO o.a.j.t.JMeterThread: Thread is done: GET search (agents) 2-95
2026-10-08 10:34:16,872 INFO o.a.j.t.JMeterThread: Thread finished: GET search (agents) 2-95
2026-10-08 10:34:17,551 INFO o.a.j.t.JMeterThread: Thread is done: POST tickets (intake) 1-92
2026-10-08 10:34:17,551 INFO o.a.j.t.JMeterThread: Thread finished: POST tickets (intake) 1-92
2026-10-08 10:34:23,599 INFO o.a.j.t.JMeterThread: Thread is done: POST tickets (intake) 1-93
2026-10-08 10:34:23,599 INFO o.a.j.t.JMeterThread: Thread finished: POST tickets (intake) 1-93
2026-10-08 10:34:26,387 INFO o.a.j.t.JMeterThread: Thread started: POST tickets (intake) 1-95
2026-10-08 10:34:26,837 INFO o.a.j.t.JMeterThread: Thread is done: POST tickets (intake) 1-94
2026-10-08 10:34:26,837 INFO o.a.j.t.JMeterThread: Thread finished: POST tickets (intake) 1-94
2026-10-08 10:34:33,032 INFO o.a.j.t.JMeterThread: Thread started: GET search (agents) 2-96
2026-10-08 10:34:33,163 INFO o.a.j.r.Summariser: summary +      8 in 00:00:31 =    0.3/s Avg: 12522 Min:    50 Max: 19586 Err:     0 (0.00%) Active: 2 Started: 191 Finished: 189
2026-10-08 10:34:33,163 INFO o.a.j.r.Summariser: summary =    190 in 00:19:24 =    0.2/s Avg:  6422 Min:    12 Max: 34695 Err:     0 (0.00%)
2026-10-08 10:34:33,163 INFO o.a.j.t.JMeterThread: Thread is done: GET search (agents) 2-96
2026-10-08 10:34:33,163 INFO o.a.j.t.JMeterThread: Thread finished: GET search (agents) 2-96
2026-10-08 10:34:33,664 INFO o.a.j.t.JMeterThread: Thread is done: POST tickets (intake) 1-95
2026-10-08 10:34:33,664 INFO o.a.j.t.JMeterThread: Thread finished: POST tickets (intake) 1-95
2026-10-08 10:34:34,669 INFO o.a.j.t.JMeterThread: Thread started: GET search (agents) 2-97
2026-10-08 10:34:34,710 INFO o.a.j.t.JMeterThread: Thread is done: GET search (agents) 2-97
2026-10-08 10:34:34,710 INFO o.a.j.t.JMeterThread: Thread finished: GET search (agents) 2-97
2026-10-08 10:34:53,962 INFO o.a.j.t.JMeterThread: Thread started: POST tickets (intake) 1-96
2026-10-08 10:34:56,217 INFO o.a.j.t.JMeterThread: Thread started: GET search (agents) 2-98
2026-10-08 10:34:56,330 INFO o.a.j.t.JMeterThread: Thread is done: GET search (agents) 2-98
2026-10-08 10:34:56,330 INFO o.a.j.t.JMeterThread: Thread finished: GET search (agents) 2-98
2026-10-08 10:34:56,769 INFO o.a.j.t.JMeterThread: Thread is done: POST tickets (intake) 1-96
2026-10-08 10:34:56,769 INFO o.a.j.t.JMeterThread: Thread finished: POST tickets (intake) 1-96
2026-10-08 10:35:01,793 INFO o.a.j.t.JMeterThread: Thread started: GET search (agents) 2-99
2026-10-08 10:35:02,479 INFO o.a.j.r.Summariser: summary +      5 in 00:00:29 =    0.2/s Avg:  2183 Min:    40 Max:  7276 Err:     0 (0.00%) Active: 1 Started: 195 Finished: 194
2026-10-08 10:35:02,479 INFO o.a.j.r.Summariser: summary =    195 in 00:19:53 =    0.2/s Avg:  6313 Min:    12 Max: 34695 Err:     0 (0.00%)
2026-10-08 10:35:02,479 INFO o.a.j.t.JMeterThread: Thread is done: GET search (agents) 2-99
2026-10-08 10:35:02,479 INFO o.a.j.t.JMeterThread: Thread finished: GET search (agents) 2-99
2026-10-08 10:35:14,118 INFO o.a.j.t.JMeterThread: Thread started: GET search (agents) 2-100
2026-10-08 10:35:14,998 INFO o.a.j.t.JMeterThread: Thread is done: GET search (agents) 2-100
2026-10-08 10:35:14,998 INFO o.a.j.t.JMeterThread: Thread finished: GET search (agents) 2-100
2026-10-08 10:35:15,249 INFO o.a.j.t.JMeterThread: Thread started: POST tickets (intake) 1-97
2026-10-08 10:35:20,812 INFO o.a.j.t.JMeterThread: Thread started: POST tickets (intake) 1-98
2026-10-08 10:35:22,398 INFO o.a.j.t.JMeterThread: Thread is done: POST tickets (intake) 1-97
2026-10-08 10:35:22,398 INFO o.a.j.t.JMeterThread: Thread finished: POST tickets (intake) 1-97
2026-10-08 10:35:24,079 INFO o.a.j.t.JMeterThread: Thread started: POST tickets (intake) 1-99
2026-10-08 10:35:26,195 INFO o.a.j.t.JMeterThread: Thread started: POST tickets (intake) 1-100
2026-10-08 10:35:28,059 INFO o.a.j.t.JMeterThread: Thread started: POST tickets (intake) 1-101
2026-10-08 10:35:31,271 INFO o.a.j.t.JMeterThread: Thread started: GET search (agents) 2-101
2026-10-08 10:35:31,376 INFO o.a.j.r.Summariser: summary +      3 in 00:00:29 =    0.1/s Avg:  2709 Min:   102 Max:  7148 Err:     0 (0.00%) Active: 5 Started: 202 Finished: 197
2026-10-08 10:35:31,376 INFO o.a.j.r.Summariser: summary =    198 in 00:20:22 =    0.2/s Avg:  6258 Min:    12 Max: 34695 Err:     0 (0.00%)
2026-10-08 10:35:31,376 INFO o.a.j.t.JMeterThread: Thread is done: GET search (agents) 2-101
2026-10-08 10:35:31,376 INFO o.a.j.t.JMeterThread: Thread finished: GET search (agents) 2-101
2026-10-08 10:35:32,996 INFO o.a.j.t.JMeterThread: Thread is done: POST tickets (intake) 1-98
2026-10-08 10:35:32,996 INFO o.a.j.t.JMeterThread: Thread finished: POST tickets (intake) 1-98
2026-10-08 10:35:36,353 INFO o.a.j.t.JMeterThread: Thread is done: POST tickets (intake) 1-99
2026-10-08 10:35:36,353 INFO o.a.j.t.JMeterThread: Thread finished: POST tickets (intake) 1-99
2026-10-08 10:35:41,912 INFO o.a.j.t.JMeterThread: Thread started: POST tickets (intake) 1-102
2026-10-08 10:35:42,050 INFO o.a.j.t.JMeterThread: Thread started: GET search (agents) 2-102
2026-10-08 10:35:42,127 INFO o.a.j.t.JMeterThread: Thread is done: GET search (agents) 2-102
2026-10-08 10:35:42,127 INFO o.a.j.t.JMeterThread: Thread finished: GET search (agents) 2-102
2026-10-08 10:35:42,573 INFO o.a.j.t.JMeterThread: Thread started: GET search (agents) 2-103
2026-10-08 10:35:42,623 INFO o.a.j.t.JMeterThread: Thread is done: GET search (agents) 2-103
2026-10-08 10:35:42,623 INFO o.a.j.t.JMeterThread: Thread finished: GET search (agents) 2-103
2026-10-08 10:35:44,623 INFO o.a.j.t.JMeterThread: Thread is done: POST tickets (intake) 1-100
2026-10-08 10:35:44,623 INFO o.a.j.t.JMeterThread: Thread finished: POST tickets (intake) 1-100
2026-10-08 10:35:51,330 INFO o.a.j.t.JMeterThread: Thread is done: POST tickets (intake) 1-101
2026-10-08 10:35:51,330 INFO o.a.j.t.JMeterThread: Thread finished: POST tickets (intake) 1-101
2026-10-08 10:35:58,494 INFO o.a.j.t.JMeterThread: Thread is done: POST tickets (intake) 1-102
2026-10-08 10:35:58,494 INFO o.a.j.t.JMeterThread: Thread finished: POST tickets (intake) 1-102
2026-10-08 10:36:01,955 INFO o.a.j.t.JMeterThread: Thread started: POST tickets (intake) 1-103
2026-10-08 10:36:02,861 INFO o.a.j.t.JMeterThread: Thread started: GET search (agents) 2-104
2026-10-08 10:36:02,892 INFO o.a.j.r.Summariser: summary +      8 in 00:00:32 =    0.3/s Avg: 10361 Min:    30 Max: 23270 Err:     0 (0.00%) Active: 2 Started: 207 Finished: 205
2026-10-08 10:36:02,892 INFO o.a.j.r.Summariser: summary =    206 in 00:20:53 =    0.2/s Avg:  6418 Min:    12 Max: 34695 Err:     0 (0.00%)
2026-10-08 10:36:02,892 INFO o.a.j.t.JMeterThread: Thread is done: GET search (agents) 2-104
2026-10-08 10:36:02,892 INFO o.a.j.t.JMeterThread: Thread finished: GET search (agents) 2-104
2026-10-08 10:36:06,687 INFO o.a.j.t.JMeterThread: Thread is done: POST tickets (intake) 1-103
2026-10-08 10:36:06,687 INFO o.a.j.t.JMeterThread: Thread finished: POST tickets (intake) 1-103
2026-10-08 10:36:06,910 INFO o.a.j.t.JMeterThread: Thread started: POST tickets (intake) 1-104
2026-10-08 10:36:08,049 INFO o.a.j.t.JMeterThread: Thread started: POST tickets (intake) 1-105
2026-10-08 10:36:13,162 INFO o.a.j.t.JMeterThread: Thread is done: POST tickets (intake) 1-104
2026-10-08 10:36:13,162 INFO o.a.j.t.JMeterThread: Thread finished: POST tickets (intake) 1-104
2026-10-08 10:36:15,894 INFO o.a.j.t.JMeterThread: Thread started: POST tickets (intake) 1-106
2026-10-08 10:36:18,494 INFO o.a.j.t.JMeterThread: Thread started: POST tickets (intake) 1-107
2026-10-08 10:36:18,700 INFO o.a.j.t.JMeterThread: Thread started: POST tickets (intake) 1-108
2026-10-08 10:36:25,717 INFO o.a.j.t.JMeterThread: Thread started: POST tickets (intake) 1-109
2026-10-08 10:36:29,158 INFO o.a.j.t.JMeterThread: Thread is done: POST tickets (intake) 1-105
2026-10-08 10:36:29,158 INFO o.a.j.t.JMeterThread: Thread finished: POST tickets (intake) 1-105
2026-10-08 10:36:31,711 INFO o.a.j.t.JMeterThread: Thread started: POST tickets (intake) 1-110
2026-10-08 10:36:36,269 INFO o.a.j.t.JMeterThread: Thread is done: POST tickets (intake) 1-106
2026-10-08 10:36:36,269 INFO o.a.j.t.JMeterThread: Thread finished: POST tickets (intake) 1-106
2026-10-08 10:36:38,983 INFO o.a.j.t.JMeterThread: Thread started: POST tickets (intake) 1-111
2026-10-08 10:36:40,695 INFO o.a.j.t.JMeterThread: Thread started: POST tickets (intake) 1-112
2026-10-08 10:36:43,039 INFO o.a.j.t.JMeterThread: Thread started: POST tickets (intake) 1-113
2026-10-08 10:36:43,133 INFO o.a.j.t.JMeterThread: Thread started: POST tickets (intake) 1-114
2026-10-08 10:36:50,348 INFO o.a.j.t.JMeterThread: Thread is done: POST tickets (intake) 1-107
2026-10-08 10:36:50,348 INFO o.a.j.t.JMeterThread: Thread finished: POST tickets (intake) 1-107
2026-10-08 10:36:50,889 INFO o.a.j.t.JMeterThread: Thread started: POST tickets (intake) 1-115
2026-10-08 10:36:51,077 INFO o.a.j.t.JMeterThread: Thread started: GET search (agents) 2-105
2026-10-08 10:36:51,115 INFO o.a.j.t.JMeterThread: Thread is done: GET search (agents) 2-105
2026-10-08 10:36:51,115 INFO o.a.j.t.JMeterThread: Thread finished: GET search (agents) 2-105
2026-10-08 10:36:54,891 INFO o.a.j.t.JMeterThread: Thread started: GET search (agents) 2-106
2026-10-08 10:36:54,994 INFO o.a.j.t.JMeterThread: Thread is done: GET search (agents) 2-106
2026-10-08 10:36:54,994 INFO o.a.j.t.JMeterThread: Thread finished: GET search (agents) 2-106
2026-10-08 10:37:00,538 INFO o.a.j.t.JMeterThread: Thread started: POST tickets (intake) 1-116
2026-10-08 10:37:00,924 INFO o.a.j.t.JMeterThread: Thread started: GET search (agents) 2-107
2026-10-08 10:37:00,951 INFO o.a.j.r.Summariser: summary +      8 in 00:00:58 =    0.1/s Avg: 10560 Min:    25 Max: 31854 Err:     0 (0.00%) Active: 10 Started: 223 Finished: 213
2026-10-08 10:37:00,951 INFO o.a.j.r.Summariser: summary =    214 in 00:21:51 =    0.2/s Avg:  6573 Min:    12 Max: 34695 Err:     0 (0.00%)
2026-10-08 10:37:00,951 INFO o.a.j.t.JMeterThread: Thread is done: GET search (agents) 2-107
2026-10-08 10:37:00,951 INFO o.a.j.t.JMeterThread: Thread finished: GET search (agents) 2-107
2026-10-08 10:37:01,106 INFO o.a.j.t.JMeterThread: Thread started: POST tickets (intake) 1-117
2026-10-08 10:37:01,966 INFO o.a.j.t.JMeterThread: Thread started: GET search (agents) 2-108
2026-10-08 10:37:01,988 INFO o.a.j.t.JMeterThread: Thread is done: GET search (agents) 2-108
2026-10-08 10:37:01,988 INFO o.a.j.t.JMeterThread: Thread finished: GET search (agents) 2-108
2026-10-08 10:37:02,582 INFO o.a.j.t.JMeterThread: Thread is done: POST tickets (intake) 1-108
2026-10-08 10:37:02,582 INFO o.a.j.t.JMeterThread: Thread finished: POST tickets (intake) 1-108
2026-10-08 10:37:03,611 INFO o.a.j.t.JMeterThread: Thread started: GET search (agents) 2-109
2026-10-08 10:37:03,656 INFO o.a.j.t.JMeterThread: Thread is done: GET search (agents) 2-109
2026-10-08 10:37:03,656 INFO o.a.j.t.JMeterThread: Thread finished: GET search (agents) 2-109
2026-10-08 10:37:05,938 INFO o.a.j.t.JMeterThread: Thread started: POST tickets (intake) 1-118
2026-10-08 10:37:07,852 INFO o.a.j.t.JMeterThread: Thread started: POST tickets (intake) 1-119
2026-10-08 10:37:08,622 INFO o.a.j.t.JMeterThread: Thread is done: POST tickets (intake) 1-109
2026-10-08 10:37:08,622 INFO o.a.j.t.JMeterThread: Thread finished: POST tickets (intake) 1-109
2026-10-08 10:37:10,281 INFO o.a.j.t.JMeterThread: Thread started: POST tickets (intake) 1-120
2026-10-08 10:37:12,464 INFO o.a.j.t.JMeterThread: Thread started: GET search (agents) 2-110
2026-10-08 10:37:12,486 INFO o.a.j.t.JMeterThread: Thread is done: GET search (agents) 2-110
2026-10-08 10:37:12,486 INFO o.a.j.t.JMeterThread: Thread finished: GET search (agents) 2-110
2026-10-08 10:37:15,605 INFO o.a.j.t.JMeterThread: Thread started: GET search (agents) 2-111
2026-10-08 10:37:15,611 INFO o.a.j.t.JMeterThread: Thread is done: POST tickets (intake) 1-110
2026-10-08 10:37:15,611 INFO o.a.j.t.JMeterThread: Thread finished: POST tickets (intake) 1-110
2026-10-08 10:37:15,688 INFO o.a.j.t.JMeterThread: Thread is done: GET search (agents) 2-111
2026-10-08 10:37:15,688 INFO o.a.j.t.JMeterThread: Thread finished: GET search (agents) 2-111
2026-10-08 10:37:19,121 INFO o.a.j.t.JMeterThread: Thread is done: POST tickets (intake) 1-111
2026-10-08 10:37:19,121 INFO o.a.j.t.JMeterThread: Thread finished: POST tickets (intake) 1-111
2026-10-08 10:37:21,296 INFO o.a.j.t.JMeterThread: Thread started: POST tickets (intake) 1-121
2026-10-08 10:37:23,212 INFO o.a.j.t.JMeterThread: Thread started: POST tickets (intake) 1-122
2026-10-08 10:37:25,130 INFO o.a.j.t.JMeterThread: Thread started: POST tickets (intake) 1-123
2026-10-08 10:37:32,878 INFO o.a.j.r.Summariser: summary +      9 in 00:00:32 =    0.3/s Avg: 24796 Min:    21 Max: 52182 Err:     0 (0.00%) Active: 12 Started: 234 Finished: 222
2026-10-08 10:37:32,878 INFO o.a.j.r.Summariser: summary =    223 in 00:22:23 =    0.2/s Avg:  7308 Min:    12 Max: 52182 Err:     0 (0.00%)
2026-10-08 10:37:32,878 INFO o.a.j.t.JMeterThread: Thread is done: POST tickets (intake) 1-112
2026-10-08 10:37:32,878 INFO o.a.j.t.JMeterThread: Thread finished: POST tickets (intake) 1-112
2026-10-08 10:37:34,985 INFO o.a.j.t.JMeterThread: Thread is done: POST tickets (intake) 1-113
2026-10-08 10:37:34,985 INFO o.a.j.t.JMeterThread: Thread finished: POST tickets (intake) 1-113
2026-10-08 10:37:38,433 INFO o.a.j.t.JMeterThread: Thread started: POST tickets (intake) 1-124
2026-10-08 10:37:42,663 INFO o.a.j.t.JMeterThread: Thread started: GET search (agents) 2-112
2026-10-08 10:37:42,714 INFO o.a.j.t.JMeterThread: Thread is done: GET search (agents) 2-112
2026-10-08 10:37:42,714 INFO o.a.j.t.JMeterThread: Thread finished: GET search (agents) 2-112
2026-10-08 10:37:45,620 INFO o.a.j.t.JMeterThread: Thread started: POST tickets (intake) 1-125
2026-10-08 10:37:48,344 INFO o.a.j.t.JMeterThread: Thread started: POST tickets (intake) 1-126
2026-10-08 10:37:48,877 INFO o.a.j.t.JMeterThread: Thread is done: POST tickets (intake) 1-114
2026-10-08 10:37:48,877 INFO o.a.j.t.JMeterThread: Thread finished: POST tickets (intake) 1-114
2026-10-08 10:37:51,411 INFO o.a.j.t.JMeterThread: Thread started: POST tickets (intake) 1-127
2026-10-08 10:37:54,953 INFO o.a.j.t.JMeterThread: Thread is done: POST tickets (intake) 1-115
2026-10-08 10:37:54,953 INFO o.a.j.t.JMeterThread: Thread finished: POST tickets (intake) 1-115
2026-10-08 10:37:59,598 INFO o.a.j.t.JMeterThread: Thread is done: POST tickets (intake) 1-116
2026-10-08 10:37:59,598 INFO o.a.j.t.JMeterThread: Thread finished: POST tickets (intake) 1-116
2026-10-08 10:37:59,632 INFO o.a.j.t.JMeterThread: Thread started: POST tickets (intake) 1-128
2026-10-08 10:38:03,294 INFO o.a.j.t.JMeterThread: Thread started: POST tickets (intake) 1-129
2026-10-08 10:38:05,094 INFO o.a.j.t.JMeterThread: Thread started: POST tickets (intake) 1-130
2026-10-08 10:38:06,624 INFO o.a.j.t.JMeterThread: Thread is done: POST tickets (intake) 1-117
2026-10-08 10:38:06,625 INFO o.a.j.t.JMeterThread: Thread finished: POST tickets (intake) 1-117
2026-10-08 10:38:08,459 INFO o.a.j.t.JMeterThread: Thread started: POST tickets (intake) 1-131
2026-10-08 10:38:10,061 INFO o.a.j.t.JMeterThread: Thread is done: POST tickets (intake) 1-118
2026-10-08 10:38:10,061 INFO o.a.j.t.JMeterThread: Thread finished: POST tickets (intake) 1-118
2026-10-08 10:38:14,457 INFO o.a.j.t.JMeterThread: Thread is done: POST tickets (intake) 1-119
2026-10-08 10:38:14,457 INFO o.a.j.t.JMeterThread: Thread finished: POST tickets (intake) 1-119
2026-10-08 10:38:14,481 INFO o.a.j.t.JMeterThread: Thread started: POST tickets (intake) 1-132
2026-10-08 10:38:18,307 INFO o.a.j.t.JMeterThread: Thread is done: POST tickets (intake) 1-120
2026-10-08 10:38:18,307 INFO o.a.j.t.JMeterThread: Thread finished: POST tickets (intake) 1-120
2026-10-08 10:38:19,536 INFO o.a.j.t.JMeterThread: Thread started: POST tickets (intake) 1-133
2026-10-08 10:38:23,051 INFO o.a.j.t.JMeterThread: Thread is done: POST tickets (intake) 1-121
2026-10-08 10:38:23,051 INFO o.a.j.t.JMeterThread: Thread finished: POST tickets (intake) 1-121
2026-10-08 10:38:26,040 INFO o.a.j.t.JMeterThread: Thread is done: POST tickets (intake) 1-122
2026-10-08 10:38:26,040 INFO o.a.j.t.JMeterThread: Thread finished: POST tickets (intake) 1-122
2026-10-08 10:38:32,763 INFO o.a.j.t.JMeterThread: Thread started: GET search (agents) 2-113
2026-10-08 10:38:32,819 INFO o.a.j.r.Summariser: summary +     12 in 00:01:00 =    0.2/s Avg: 52480 Min:    50 Max: 68026 Err:     0 (0.00%) Active: 12 Started: 246 Finished: 234
2026-10-08 10:38:32,819 INFO o.a.j.r.Summariser: summary =    235 in 00:23:23 =    0.2/s Avg:  9615 Min:    12 Max: 68026 Err:     0 (0.00%)
2026-10-08 10:38:32,820 INFO o.a.j.t.JMeterThread: Thread is done: GET search (agents) 2-113
2026-10-08 10:38:32,820 INFO o.a.j.t.JMeterThread: Thread finished: GET search (agents) 2-113
2026-10-08 10:38:33,172 INFO o.a.j.t.JMeterThread: Thread is done: POST tickets (intake) 1-123
2026-10-08 10:38:33,172 INFO o.a.j.t.JMeterThread: Thread finished: POST tickets (intake) 1-123
2026-10-08 10:38:37,770 INFO o.a.j.t.JMeterThread: Thread started: POST tickets (intake) 1-134
2026-10-08 10:38:38,517 INFO o.a.j.t.JMeterThread: Thread is done: POST tickets (intake) 1-124
2026-10-08 10:38:38,517 INFO o.a.j.t.JMeterThread: Thread finished: POST tickets (intake) 1-124
2026-10-08 10:38:41,053 INFO o.a.j.t.JMeterThread: Thread is done: POST tickets (intake) 1-125
2026-10-08 10:38:41,053 INFO o.a.j.t.JMeterThread: Thread finished: POST tickets (intake) 1-125
2026-10-08 10:38:42,180 INFO o.a.j.t.JMeterThread: Thread started: POST tickets (intake) 1-135
2026-10-08 10:38:42,587 INFO o.a.j.t.JMeterThread: Thread started: GET search (agents) 2-114
2026-10-08 10:38:42,631 INFO o.a.j.t.JMeterThread: Thread is done: GET search (agents) 2-114
2026-10-08 10:38:42,631 INFO o.a.j.t.JMeterThread: Thread finished: GET search (agents) 2-114
2026-10-08 10:38:46,522 INFO o.a.j.t.JMeterThread: Thread started: POST tickets (intake) 1-136
2026-10-08 10:38:46,666 INFO o.a.j.t.JMeterThread: Thread started: POST tickets (intake) 1-137
2026-10-08 10:38:48,637 INFO o.a.j.t.JMeterThread: Thread started: POST tickets (intake) 1-138
2026-10-08 10:38:50,759 INFO o.a.j.t.JMeterThread: Thread is done: POST tickets (intake) 1-126
2026-10-08 10:38:50,759 INFO o.a.j.t.JMeterThread: Thread finished: POST tickets (intake) 1-126
2026-10-08 10:38:51,019 INFO o.a.j.t.JMeterThread: Thread started: GET search (agents) 2-115
2026-10-08 10:38:51,043 INFO o.a.j.t.JMeterThread: Thread is done: GET search (agents) 2-115
2026-10-08 10:38:51,043 INFO o.a.j.t.JMeterThread: Thread finished: GET search (agents) 2-115
2026-10-08 10:38:56,501 INFO o.a.j.t.JMeterThread: Thread started: POST tickets (intake) 1-139
2026-10-08 10:38:58,293 INFO o.a.j.t.JMeterThread: Thread is done: POST tickets (intake) 1-127
2026-10-08 10:38:58,293 INFO o.a.j.t.JMeterThread: Thread finished: POST tickets (intake) 1-127
2026-10-08 10:39:03,172 INFO o.a.j.t.JMeterThread: Thread started: GET search (agents) 2-116
2026-10-08 10:39:03,274 INFO o.a.j.r.Summariser: summary +      8 in 00:00:30 =    0.3/s Avg: 39127 Min:    23 Max: 68041 Err:     0 (0.00%) Active: 13 Started: 255 Finished: 242
2026-10-08 10:39:03,274 INFO o.a.j.r.Summariser: summary =    243 in 00:23:54 =    0.2/s Avg: 10586 Min:    12 Max: 68041 Err:     0 (0.00%)
2026-10-08 10:39:03,274 INFO o.a.j.t.JMeterThread: Thread is done: GET search (agents) 2-116
2026-10-08 10:39:03,274 INFO o.a.j.t.JMeterThread: Thread finished: GET search (agents) 2-116
2026-10-08 10:39:07,652 INFO o.a.j.t.JMeterThread: Thread started: GET search (agents) 2-117
2026-10-08 10:39:07,680 INFO o.a.j.t.JMeterThread: Thread is done: GET search (agents) 2-117
2026-10-08 10:39:07,680 INFO o.a.j.t.JMeterThread: Thread finished: GET search (agents) 2-117
2026-10-08 10:39:10,732 INFO o.a.j.t.JMeterThread: Thread is done: POST tickets (intake) 1-128
2026-10-08 10:39:10,732 INFO o.a.j.t.JMeterThread: Thread finished: POST tickets (intake) 1-128
2026-10-08 10:39:11,461 INFO o.a.j.t.JMeterThread: Thread started: POST tickets (intake) 1-140
2026-10-08 10:39:12,787 INFO o.a.j.t.JMeterThread: Thread started: POST tickets (intake) 1-141
2026-10-08 10:39:18,231 INFO o.a.j.t.JMeterThread: Thread started: POST tickets (intake) 1-142
2026-10-08 10:39:19,246 INFO o.a.j.t.JMeterThread: Thread started: POST tickets (intake) 1-143
2026-10-08 10:39:21,151 INFO o.a.j.t.JMeterThread: Thread started: GET search (agents) 2-118
2026-10-08 10:39:21,206 INFO o.a.j.t.JMeterThread: Thread is done: GET search (agents) 2-118
2026-10-08 10:39:21,206 INFO o.a.j.t.JMeterThread: Thread finished: GET search (agents) 2-118
2026-10-08 10:39:21,718 INFO o.a.j.t.JMeterThread: Thread started: POST tickets (intake) 1-144
2026-10-08 10:39:22,472 INFO o.a.j.t.JMeterThread: Thread is done: POST tickets (intake) 1-129
2026-10-08 10:39:22,472 INFO o.a.j.t.JMeterThread: Thread finished: POST tickets (intake) 1-129
2026-10-08 10:39:29,297 INFO o.a.j.t.JMeterThread: Thread started: GET search (agents) 2-119
2026-10-08 10:39:29,370 INFO o.a.j.t.JMeterThread: Thread is done: GET search (agents) 2-119
2026-10-08 10:39:29,370 INFO o.a.j.t.JMeterThread: Thread finished: GET search (agents) 2-119
2026-10-08 10:39:30,848 INFO o.a.j.t.JMeterThread: Thread started: POST tickets (intake) 1-145
2026-10-08 10:39:37,239 INFO o.a.j.t.JMeterThread: Thread started: POST tickets (intake) 1-146
2026-10-08 10:39:37,472 INFO o.a.j.t.JMeterThread: Thread started: POST tickets (intake) 1-147
2026-10-08 10:39:37,566 INFO o.a.j.t.JMeterThread: Thread is done: POST tickets (intake) 1-130
2026-10-08 10:39:37,566 INFO o.a.j.t.JMeterThread: Thread finished: POST tickets (intake) 1-130
2026-10-08 10:39:38,527 INFO o.a.j.t.JMeterThread: Thread started: POST tickets (intake) 1-148
2026-10-08 10:39:39,967 INFO o.a.j.t.JMeterThread: Thread started: GET search (agents) 2-120
2026-10-08 10:39:39,999 INFO o.a.j.t.JMeterThread: Thread is done: GET search (agents) 2-120
2026-10-08 10:39:39,999 INFO o.a.j.t.JMeterThread: Thread finished: GET search (agents) 2-120
2026-10-08 10:39:40,049 INFO o.a.j.t.JMeterThread: Thread started: POST tickets (intake) 1-149
2026-10-08 10:39:41,612 INFO o.a.j.t.JMeterThread: Thread started: POST tickets (intake) 1-150
2026-10-08 10:39:41,965 INFO o.a.j.t.JMeterThread: Thread started: GET search (agents) 2-121
2026-10-08 10:39:41,995 INFO o.a.j.t.JMeterThread: Thread is done: GET search (agents) 2-121
2026-10-08 10:39:41,995 INFO o.a.j.t.JMeterThread: Thread finished: GET search (agents) 2-121
2026-10-08 10:39:46,596 INFO o.a.j.t.JMeterThread: Thread started: POST tickets (intake) 1-151
2026-10-08 10:39:48,676 INFO o.a.j.t.JMeterThread: Thread is done: POST tickets (intake) 1-131
2026-10-08 10:39:48,676 INFO o.a.j.t.JMeterThread: Thread finished: POST tickets (intake) 1-131
2026-10-08 10:39:52,867 INFO o.a.j.t.JMeterThread: Thread started: POST tickets (intake) 1-152
2026-10-08 10:39:57,932 INFO o.a.j.t.JMeterThread: Thread is done: POST tickets (intake) 1-132
2026-10-08 10:39:57,932 INFO o.a.j.t.JMeterThread: Thread finished: POST tickets (intake) 1-132
2026-10-08 10:40:00,232 INFO o.a.j.t.JMeterThread: Thread started: POST tickets (intake) 1-153
2026-10-08 10:40:01,412 INFO o.a.j.r.Summariser: summary +     11 in 00:00:58 =    0.2/s Avg: 49863 Min:    27 Max: 103450 Err:     0 (0.00%) Active: 21 Started: 274 Finished: 253
2026-10-08 10:40:01,412 INFO o.a.j.r.Summariser: summary =    254 in 00:24:52 =    0.2/s Avg: 12287 Min:    12 Max: 103450 Err:     0 (0.00%)
2026-10-08 10:40:01,412 INFO o.a.j.t.JMeterThread: Thread is done: POST tickets (intake) 1-133
2026-10-08 10:40:01,412 INFO o.a.j.t.JMeterThread: Thread finished: POST tickets (intake) 1-133
2026-10-08 10:40:07,894 INFO o.a.j.t.JMeterThread: Thread is done: POST tickets (intake) 1-134
2026-10-08 10:40:07,894 INFO o.a.j.t.JMeterThread: Thread finished: POST tickets (intake) 1-134
2026-10-08 10:40:12,509 INFO o.a.j.t.JMeterThread: Thread is done: POST tickets (intake) 1-135
2026-10-08 10:40:12,509 INFO o.a.j.t.JMeterThread: Thread finished: POST tickets (intake) 1-135
2026-10-08 10:40:14,611 INFO o.a.j.t.JMeterThread: Thread started: POST tickets (intake) 1-154
2026-10-08 10:40:15,787 INFO o.a.j.t.JMeterThread: Thread started: POST tickets (intake) 1-155
2026-10-08 10:40:18,021 INFO o.a.j.t.JMeterThread: Thread is done: POST tickets (intake) 1-136
2026-10-08 10:40:18,021 INFO o.a.j.t.JMeterThread: Thread finished: POST tickets (intake) 1-136
2026-10-08 10:40:21,494 INFO o.a.j.t.JMeterThread: Thread is done: POST tickets (intake) 1-137
2026-10-08 10:40:21,494 INFO o.a.j.t.JMeterThread: Thread finished: POST tickets (intake) 1-137
2026-10-08 10:40:24,303 INFO o.a.j.t.JMeterThread: Thread started: POST tickets (intake) 1-156
2026-10-08 10:40:27,733 INFO o.a.j.t.JMeterThread: Thread is done: POST tickets (intake) 1-138
2026-10-08 10:40:27,733 INFO o.a.j.t.JMeterThread: Thread finished: POST tickets (intake) 1-138
2026-10-08 10:40:32,367 INFO o.a.j.r.Summariser: summary +      6 in 00:00:31 =    0.2/s Avg: 93622 Min: 90124 Max: 99095 Err:     0 (0.00%) Active: 18 Started: 277 Finished: 259
2026-10-08 10:40:32,367 INFO o.a.j.r.Summariser: summary =    260 in 00:25:23 =    0.2/s Avg: 14164 Min:    12 Max: 103450 Err:     0 (0.00%)
2026-10-08 10:40:32,367 INFO o.a.j.t.JMeterThread: Thread is done: POST tickets (intake) 1-139
2026-10-08 10:40:32,367 INFO o.a.j.t.JMeterThread: Thread finished: POST tickets (intake) 1-139
2026-10-08 10:40:33,468 INFO o.a.j.t.JMeterThread: Thread started: GET search (agents) 2-122
2026-10-08 10:40:33,591 INFO o.a.j.t.JMeterThread: Thread is done: GET search (agents) 2-122
2026-10-08 10:40:33,591 INFO o.a.j.t.JMeterThread: Thread finished: GET search (agents) 2-122
2026-10-08 10:40:35,133 INFO o.a.j.t.JMeterThread: Thread started: GET search (agents) 2-123
2026-10-08 10:40:35,195 INFO o.a.j.t.JMeterThread: Thread is done: GET search (agents) 2-123
2026-10-08 10:40:35,195 INFO o.a.j.t.JMeterThread: Thread finished: GET search (agents) 2-123
2026-10-08 10:40:38,888 INFO o.a.j.t.JMeterThread: Thread started: GET search (agents) 2-124
2026-10-08 10:40:38,926 INFO o.a.j.t.JMeterThread: Thread is done: GET search (agents) 2-124
2026-10-08 10:40:38,926 INFO o.a.j.t.JMeterThread: Thread finished: GET search (agents) 2-124
2026-10-08 10:40:39,212 INFO o.a.j.t.JMeterThread: Thread is done: POST tickets (intake) 1-140
2026-10-08 10:40:39,212 INFO o.a.j.t.JMeterThread: Thread finished: POST tickets (intake) 1-140
2026-10-08 10:40:39,704 INFO o.a.j.t.JMeterThread: Thread started: GET search (agents) 2-125
2026-10-08 10:40:39,729 INFO o.a.j.t.JMeterThread: Thread is done: GET search (agents) 2-125
2026-10-08 10:40:39,729 INFO o.a.j.t.JMeterThread: Thread finished: GET search (agents) 2-125
2026-10-08 10:40:40,266 INFO o.a.j.t.JMeterThread: Thread started: GET search (agents) 2-126
2026-10-08 10:40:40,340 INFO o.a.j.t.JMeterThread: Thread is done: GET search (agents) 2-126
2026-10-08 10:40:40,340 INFO o.a.j.t.JMeterThread: Thread finished: GET search (agents) 2-126
2026-10-08 10:40:44,010 INFO o.a.j.t.JMeterThread: Thread started: POST tickets (intake) 1-157
2026-10-08 10:40:45,808 INFO o.a.j.t.JMeterThread: Thread started: GET search (agents) 2-127
2026-10-08 10:40:45,839 INFO o.a.j.t.JMeterThread: Thread is done: GET search (agents) 2-127
2026-10-08 10:40:45,839 INFO o.a.j.t.JMeterThread: Thread finished: GET search (agents) 2-127
2026-10-08 10:40:47,362 INFO o.a.j.t.JMeterThread: Thread started: POST tickets (intake) 1-158
2026-10-08 10:40:47,423 INFO o.a.j.t.JMeterThread: Thread started: POST tickets (intake) 1-159
2026-10-08 10:40:48,789 INFO o.a.j.t.JMeterThread: Thread is done: POST tickets (intake) 1-141
2026-10-08 10:40:48,789 INFO o.a.j.t.JMeterThread: Thread finished: POST tickets (intake) 1-141
2026-10-08 10:40:48,984 INFO o.a.j.t.JMeterThread: Thread started: POST tickets (intake) 1-160
2026-10-08 10:40:49,400 INFO o.a.j.t.JMeterThread: Thread started: POST tickets (intake) 1-161
2026-10-08 10:40:51,170 INFO o.a.j.t.JMeterThread: Thread started: GET search (agents) 2-128
2026-10-08 10:40:51,214 INFO o.a.j.t.JMeterThread: Thread is done: GET search (agents) 2-128
2026-10-08 10:40:51,214 INFO o.a.j.t.JMeterThread: Thread finished: GET search (agents) 2-128
2026-10-08 10:40:52,969 INFO o.a.j.t.JMeterThread: Thread started: GET search (agents) 2-129
2026-10-08 10:40:53,006 INFO o.a.j.t.JMeterThread: Thread is done: GET search (agents) 2-129
2026-10-08 10:40:53,006 INFO o.a.j.t.JMeterThread: Thread finished: GET search (agents) 2-129
2026-10-08 10:40:54,152 INFO o.a.j.t.JMeterThread: Thread is done: POST tickets (intake) 1-142
2026-10-08 10:40:54,152 INFO o.a.j.t.JMeterThread: Thread finished: POST tickets (intake) 1-142
2026-10-08 10:40:57,163 INFO o.a.j.t.JMeterThread: Thread started: POST tickets (intake) 1-162
2026-10-08 10:41:02,559 INFO o.a.j.r.Summariser: summary +     12 in 00:00:30 =    0.4/s Avg: 31951 Min:    25 Max: 103311 Err:     0 (0.00%) Active: 20 Started: 291 Finished: 271
2026-10-08 10:41:02,559 INFO o.a.j.r.Summariser: summary =    272 in 00:25:53 =    0.2/s Avg: 14949 Min:    12 Max: 103450 Err:     0 (0.00%)
2026-10-08 10:41:02,559 INFO o.a.j.t.JMeterThread: Thread is done: POST tickets (intake) 1-143
2026-10-08 10:41:02,559 INFO o.a.j.t.JMeterThread: Thread finished: POST tickets (intake) 1-143
2026-10-08 10:41:04,187 INFO o.a.j.t.JMeterThread: Thread started: POST tickets (intake) 1-163
2026-10-08 10:41:06,912 INFO o.a.j.t.JMeterThread: Thread is done: POST tickets (intake) 1-144
2026-10-08 10:41:06,912 INFO o.a.j.t.JMeterThread: Thread finished: POST tickets (intake) 1-144
2026-10-08 10:41:08,246 INFO o.a.j.t.JMeterThread: Thread started: POST tickets (intake) 1-164
2026-10-08 10:41:09,982 INFO o.a.j.t.JMeterThread: Thread started: GET search (agents) 2-130
2026-10-08 10:41:10,016 INFO o.a.j.t.JMeterThread: Thread is done: GET search (agents) 2-130
2026-10-08 10:41:10,016 INFO o.a.j.t.JMeterThread: Thread finished: GET search (agents) 2-130
2026-10-08 10:41:13,751 INFO o.a.j.t.JMeterThread: Thread started: POST tickets (intake) 1-165
2026-10-08 10:41:18,707 INFO o.a.j.t.JMeterThread: Thread started: GET search (agents) 2-131
2026-10-08 10:41:18,767 INFO o.a.j.t.JMeterThread: Thread is done: GET search (agents) 2-131
2026-10-08 10:41:18,767 INFO o.a.j.t.JMeterThread: Thread finished: GET search (agents) 2-131
2026-10-08 10:41:19,816 INFO o.a.j.t.JMeterThread: Thread is done: POST tickets (intake) 1-145
2026-10-08 10:41:19,816 INFO o.a.j.t.JMeterThread: Thread finished: POST tickets (intake) 1-145
2026-10-08 10:41:20,144 INFO o.a.j.t.JMeterThread: Thread started: POST tickets (intake) 1-166
2026-10-08 10:41:23,726 INFO o.a.j.t.JMeterThread: Thread started: POST tickets (intake) 1-167
2026-10-08 10:41:25,474 INFO o.a.j.t.JMeterThread: Thread started: POST tickets (intake) 1-168
2026-10-08 10:41:27,008 INFO o.a.j.t.JMeterThread: Thread started: GET search (agents) 2-132
2026-10-08 10:41:27,112 INFO o.a.j.t.JMeterThread: Thread is done: GET search (agents) 2-132
2026-10-08 10:41:27,112 INFO o.a.j.t.JMeterThread: Thread finished: GET search (agents) 2-132
2026-10-08 10:41:27,726 INFO o.a.j.t.JMeterThread: Thread started: POST tickets (intake) 1-169
2026-10-08 10:41:28,945 INFO o.a.j.t.JMeterThread: Thread started: POST tickets (intake) 1-170
2026-10-08 10:41:32,192 INFO o.a.j.r.Summariser: summary +      6 in 00:00:30 =    0.2/s Avg: 54884 Min:    34 Max: 114951 Err:     0 (0.00%) Active: 25 Started: 302 Finished: 277
2026-10-08 10:41:32,192 INFO o.a.j.r.Summariser: summary =    278 in 00:26:23 =    0.2/s Avg: 15811 Min:    12 Max: 114951 Err:     0 (0.00%)
2026-10-08 10:41:32,192 INFO o.a.j.t.JMeterThread: Thread is done: POST tickets (intake) 1-146
2026-10-08 10:41:32,192 INFO o.a.j.t.JMeterThread: Thread finished: POST tickets (intake) 1-146
2026-10-08 10:41:33,256 INFO o.a.j.t.JMeterThread: Thread started: POST tickets (intake) 1-171
2026-10-08 10:41:36,995 INFO o.a.j.t.JMeterThread: Thread is done: POST tickets (intake) 1-147
2026-10-08 10:41:36,995 INFO o.a.j.t.JMeterThread: Thread finished: POST tickets (intake) 1-147
2026-10-08 10:41:38,576 INFO o.a.j.t.JMeterThread: Thread started: POST tickets (intake) 1-172
2026-10-08 10:41:40,849 INFO o.a.j.t.JMeterThread: Thread started: POST tickets (intake) 1-173
2026-10-08 10:41:42,035 INFO o.a.j.t.JMeterThread: Thread is done: POST tickets (intake) 1-148
2026-10-08 10:41:42,035 INFO o.a.j.t.JMeterThread: Thread finished: POST tickets (intake) 1-148
2026-10-08 10:41:46,345 INFO o.a.j.t.JMeterThread: Thread started: POST tickets (intake) 1-174
2026-10-08 10:41:48,763 INFO o.a.j.t.JMeterThread: Thread started: POST tickets (intake) 1-175
2026-10-08 10:41:49,156 INFO o.a.j.t.JMeterThread: Thread started: GET search (agents) 2-133
2026-10-08 10:41:49,228 INFO o.a.j.t.JMeterThread: Thread is done: GET search (agents) 2-133
2026-10-08 10:41:49,228 INFO o.a.j.t.JMeterThread: Thread finished: GET search (agents) 2-133
2026-10-08 10:41:49,715 INFO o.a.j.t.JMeterThread: Thread started: POST tickets (intake) 1-176
2026-10-08 10:41:56,767 INFO o.a.j.t.JMeterThread: Thread is done: POST tickets (intake) 1-149
2026-10-08 10:41:56,767 INFO o.a.j.t.JMeterThread: Thread finished: POST tickets (intake) 1-149
2026-10-08 10:42:02,461 INFO o.a.j.r.Summariser: summary +      5 in 00:00:30 =    0.2/s Avg: 104133 Min:    72 Max: 140848 Err:     0 (0.00%) Active: 27 Started: 309 Finished: 282
2026-10-08 10:42:02,461 INFO o.a.j.r.Summariser: summary =    283 in 00:26:53 =    0.2/s Avg: 17371 Min:    12 Max: 140848 Err:     0 (0.00%)
2026-10-08 10:42:02,461 INFO o.a.j.t.JMeterThread: Thread is done: POST tickets (intake) 1-150
2026-10-08 10:42:02,461 INFO o.a.j.t.JMeterThread: Thread finished: POST tickets (intake) 1-150
2026-10-08 10:42:05,645 INFO o.a.j.t.JMeterThread: Thread started: POST tickets (intake) 1-177
2026-10-08 10:42:05,925 INFO o.a.j.t.JMeterThread: Thread started: POST tickets (intake) 1-178
2026-10-08 10:42:07,435 INFO o.a.j.t.JMeterThread: Thread is done: POST tickets (intake) 1-151
2026-10-08 10:42:07,435 INFO o.a.j.t.JMeterThread: Thread finished: POST tickets (intake) 1-151
2026-10-08 10:42:13,782 INFO o.a.j.t.JMeterThread: Thread is done: POST tickets (intake) 1-152
2026-10-08 10:42:13,782 INFO o.a.j.t.JMeterThread: Thread finished: POST tickets (intake) 1-152
2026-10-08 10:42:15,482 INFO o.a.j.t.JMeterThread: Thread started: POST tickets (intake) 1-179
2026-10-08 10:42:21,552 INFO o.a.j.t.JMeterThread: Thread is done: POST tickets (intake) 1-153
2026-10-08 10:42:21,552 INFO o.a.j.t.JMeterThread: Thread finished: POST tickets (intake) 1-153
2026-10-08 10:42:28,520 INFO o.a.j.t.JMeterThread: Thread started: POST tickets (intake) 1-180
2026-10-08 10:42:28,791 INFO o.a.j.t.JMeterThread: Thread is done: POST tickets (intake) 1-154
2026-10-08 10:42:28,791 INFO o.a.j.t.JMeterThread: Thread finished: POST tickets (intake) 1-154
2026-10-08 10:42:32,712 INFO o.a.j.r.Summariser: summary +      5 in 00:00:30 =    0.2/s Avg: 138835 Min: 134179 Max: 141319 Err:     0 (0.00%) Active: 26 Started: 313 Finished: 287
2026-10-08 10:42:32,712 INFO o.a.j.r.Summariser: summary =    288 in 00:27:23 =    0.2/s Avg: 19480 Min:    12 Max: 141319 Err:     0 (0.00%)
2026-10-08 10:42:32,712 INFO o.a.j.t.JMeterThread: Thread is done: POST tickets (intake) 1-155
2026-10-08 10:42:32,712 INFO o.a.j.t.JMeterThread: Thread finished: POST tickets (intake) 1-155
2026-10-08 10:42:37,447 INFO o.a.j.t.JMeterThread: Thread is done: POST tickets (intake) 1-156
2026-10-08 10:42:37,447 INFO o.a.j.t.JMeterThread: Thread finished: POST tickets (intake) 1-156
2026-10-08 10:42:42,742 INFO o.a.j.t.JMeterThread: Thread is done: POST tickets (intake) 1-157
2026-10-08 10:42:42,742 INFO o.a.j.t.JMeterThread: Thread finished: POST tickets (intake) 1-157
2026-10-08 10:42:49,737 INFO o.a.j.t.JMeterThread: Thread started: GET search (agents) 2-134
2026-10-08 10:42:49,750 INFO o.a.j.t.JMeterThread: Thread started: GET search (agents) 2-135
2026-10-08 10:42:49,770 INFO o.a.j.t.JMeterThread: Thread is done: GET search (agents) 2-134
2026-10-08 10:42:49,770 INFO o.a.j.t.JMeterThread: Thread finished: GET search (agents) 2-134
2026-10-08 10:42:49,790 INFO o.a.j.t.JMeterThread: Thread is done: GET search (agents) 2-135
2026-10-08 10:42:49,790 INFO o.a.j.t.JMeterThread: Thread finished: GET search (agents) 2-135
2026-10-08 10:42:50,887 INFO o.a.j.t.JMeterThread: Thread started: POST tickets (intake) 1-181
2026-10-08 10:42:52,882 INFO o.a.j.t.JMeterThread: Thread started: POST tickets (intake) 1-182
2026-10-08 10:42:54,827 INFO o.a.j.t.JMeterThread: Thread is done: POST tickets (intake) 1-158
2026-10-08 10:42:54,827 INFO o.a.j.t.JMeterThread: Thread finished: POST tickets (intake) 1-158
2026-10-08 10:42:55,388 INFO o.a.j.t.JMeterThread: Thread started: GET search (agents) 2-136
2026-10-08 10:42:55,496 INFO o.a.j.t.JMeterThread: Thread is done: GET search (agents) 2-136
2026-10-08 10:42:55,496 INFO o.a.j.t.JMeterThread: Thread finished: GET search (agents) 2-136
2026-10-08 10:42:57,099 INFO o.a.j.t.JMeterThread: Thread started: GET search (agents) 2-137
2026-10-08 10:42:57,136 INFO o.a.j.t.JMeterThread: Thread is done: GET search (agents) 2-137
2026-10-08 10:42:57,136 INFO o.a.j.t.JMeterThread: Thread finished: GET search (agents) 2-137
2026-10-08 10:42:57,417 INFO o.a.j.t.JMeterThread: Thread is done: POST tickets (intake) 1-159
2026-10-08 10:42:57,417 INFO o.a.j.t.JMeterThread: Thread finished: POST tickets (intake) 1-159
2026-10-08 10:43:02,386 INFO o.a.j.r.Summariser: summary +      9 in 00:00:30 =    0.3/s Avg: 71438 Min:    32 Max: 133402 Err:     0 (0.00%) Active: 23 Started: 319 Finished: 296
2026-10-08 10:43:02,387 INFO o.a.j.r.Summariser: summary =    297 in 00:27:53 =    0.2/s Avg: 21055 Min:    12 Max: 141319 Err:     0 (0.00%)
2026-10-08 10:43:02,387 INFO o.a.j.t.JMeterThread: Thread is done: POST tickets (intake) 1-160
2026-10-08 10:43:02,387 INFO o.a.j.t.JMeterThread: Thread finished: POST tickets (intake) 1-160
2026-10-08 10:43:03,854 INFO o.a.j.t.JMeterThread: Thread started: GET search (agents) 2-138
2026-10-08 10:43:03,928 INFO o.a.j.t.JMeterThread: Thread is done: GET search (agents) 2-138
2026-10-08 10:43:03,928 INFO o.a.j.t.JMeterThread: Thread finished: GET search (agents) 2-138
2026-10-08 10:43:05,126 INFO o.a.j.t.JMeterThread: Thread is done: POST tickets (intake) 1-161
2026-10-08 10:43:05,126 INFO o.a.j.t.JMeterThread: Thread finished: POST tickets (intake) 1-161
2026-10-08 10:43:05,217 INFO o.a.j.t.JMeterThread: Thread started: POST tickets (intake) 1-183
2026-10-08 10:43:06,931 INFO o.a.j.t.JMeterThread: Thread started: GET search (agents) 2-139
2026-10-08 10:43:07,018 INFO o.a.j.t.JMeterThread: Thread is done: GET search (agents) 2-139
2026-10-08 10:43:07,018 INFO o.a.j.t.JMeterThread: Thread finished: GET search (agents) 2-139
2026-10-08 10:43:09,368 INFO o.a.j.t.JMeterThread: Thread is done: POST tickets (intake) 1-162
2026-10-08 10:43:09,368 INFO o.a.j.t.JMeterThread: Thread finished: POST tickets (intake) 1-162
2026-10-08 10:43:10,921 INFO o.a.j.t.JMeterThread: Thread started: POST tickets (intake) 1-184
2026-10-08 10:43:12,047 INFO o.a.j.t.JMeterThread: Thread started: GET search (agents) 2-140
2026-10-08 10:43:12,097 INFO o.a.j.t.JMeterThread: Thread is done: GET search (agents) 2-140
2026-10-08 10:43:12,097 INFO o.a.j.t.JMeterThread: Thread finished: GET search (agents) 2-140
2026-10-08 10:43:14,501 INFO o.a.j.t.JMeterThread: Thread is done: POST tickets (intake) 1-163
2026-10-08 10:43:14,502 INFO o.a.j.t.JMeterThread: Thread finished: POST tickets (intake) 1-163
2026-10-08 10:43:16,833 INFO o.a.j.t.JMeterThread: Thread started: POST tickets (intake) 1-185
2026-10-08 10:43:17,690 INFO o.a.j.t.JMeterThread: Thread is done: POST tickets (intake) 1-164
2026-10-08 10:43:17,690 INFO o.a.j.t.JMeterThread: Thread finished: POST tickets (intake) 1-164
2026-10-08 10:43:19,141 INFO o.a.j.t.JMeterThread: Thread started: POST tickets (intake) 1-186
2026-10-08 10:43:20,101 INFO o.a.j.t.JMeterThread: Thread started: GET search (agents) 2-141
2026-10-08 10:43:20,154 INFO o.a.j.t.JMeterThread: Thread is done: GET search (agents) 2-141
2026-10-08 10:43:20,154 INFO o.a.j.t.JMeterThread: Thread finished: GET search (agents) 2-141
2026-10-08 10:43:21,129 INFO o.a.j.t.JMeterThread: Thread started: POST tickets (intake) 1-187
2026-10-08 10:43:21,635 INFO o.a.j.t.JMeterThread: Thread is done: POST tickets (intake) 1-165
2026-10-08 10:43:21,635 INFO o.a.j.t.JMeterThread: Thread finished: POST tickets (intake) 1-165
2026-10-08 10:43:26,948 INFO o.a.j.t.JMeterThread: Thread started: POST tickets (intake) 1-188
2026-10-08 10:43:27,223 INFO o.a.j.t.JMeterThread: Thread is done: POST tickets (intake) 1-166
2026-10-08 10:43:27,223 INFO o.a.j.t.JMeterThread: Thread finished: POST tickets (intake) 1-166
2026-10-08 10:43:31,032 INFO o.a.j.t.JMeterThread: Thread started: GET search (agents) 2-142
2026-10-08 10:43:31,110 INFO o.a.j.r.Summariser: summary +     11 in 00:00:29 =    0.4/s Avg: 71180 Min:    50 Max: 135726 Err:     0 (0.00%) Active: 23 Started: 330 Finished: 307
2026-10-08 10:43:31,110 INFO o.a.j.r.Summariser: summary =    308 in 00:28:21 =    0.2/s Avg: 22845 Min:    12 Max: 141319 Err:     0 (0.00%)
2026-10-08 10:43:31,110 INFO o.a.j.t.JMeterThread: Thread is done: GET search (agents) 2-142
2026-10-08 10:43:31,110 INFO o.a.j.t.JMeterThread: Thread finished: GET search (agents) 2-142
2026-10-08 10:43:32,105 INFO o.a.j.t.JMeterThread: Thread is done: POST tickets (intake) 1-167
2026-10-08 10:43:32,105 INFO o.a.j.t.JMeterThread: Thread finished: POST tickets (intake) 1-167
2026-10-08 10:43:32,550 INFO o.a.j.t.JMeterThread: Thread started: GET search (agents) 2-143
2026-10-08 10:43:32,626 INFO o.a.j.t.JMeterThread: Thread is done: GET search (agents) 2-143
2026-10-08 10:43:32,626 INFO o.a.j.t.JMeterThread: Thread finished: GET search (agents) 2-143
2026-10-08 10:43:33,312 INFO o.a.j.t.JMeterThread: Thread started: POST tickets (intake) 1-189
2026-10-08 10:43:36,666 INFO o.a.j.t.JMeterThread: Thread is done: POST tickets (intake) 1-168
2026-10-08 10:43:36,666 INFO o.a.j.t.JMeterThread: Thread finished: POST tickets (intake) 1-168
2026-10-08 10:43:43,035 INFO o.a.j.t.JMeterThread: Thread started: GET search (agents) 2-144
2026-10-08 10:43:43,122 INFO o.a.j.t.JMeterThread: Thread is done: GET search (agents) 2-144
2026-10-08 10:43:43,122 INFO o.a.j.t.JMeterThread: Thread finished: GET search (agents) 2-144
2026-10-08 10:43:47,351 INFO o.a.j.t.JMeterThread: Thread started: POST tickets (intake) 1-190
2026-10-08 10:43:49,591 INFO o.a.j.t.JMeterThread: Thread started: POST tickets (intake) 1-191
2026-10-08 10:43:49,851 INFO o.a.j.t.JMeterThread: Thread started: POST tickets (intake) 1-192
2026-10-08 10:43:50,201 INFO o.a.j.t.JMeterThread: Thread started: POST tickets (intake) 1-193
2026-10-08 10:43:50,896 INFO o.a.j.t.JMeterThread: Thread started: POST tickets (intake) 1-194
2026-10-08 10:43:51,258 INFO o.a.j.t.JMeterThread: Thread is done: POST tickets (intake) 1-169
2026-10-08 10:43:51,258 INFO o.a.j.t.JMeterThread: Thread finished: POST tickets (intake) 1-169
2026-10-08 10:43:55,457 INFO o.a.j.t.JMeterThread: Thread started: POST tickets (intake) 1-195
2026-10-08 10:43:56,799 INFO o.a.j.t.JMeterThread: Thread is done: POST tickets (intake) 1-170
2026-10-08 10:43:56,799 INFO o.a.j.t.JMeterThread: Thread finished: POST tickets (intake) 1-170
2026-10-08 10:44:01,342 INFO o.a.j.t.JMeterThread: Thread started: POST tickets (intake) 1-196
2026-10-08 10:44:02,718 INFO o.a.j.t.JMeterThread: Thread started: GET search (agents) 2-145
2026-10-08 10:44:02,751 INFO o.a.j.r.Summariser: summary +      7 in 00:00:32 =    0.2/s Avg: 78735 Min:    32 Max: 147852 Err:     1 (14.29%) Active: 27 Started: 341 Finished: 314
2026-10-08 10:44:02,751 INFO o.a.j.r.Summariser: summary =    315 in 00:28:53 =    0.2/s Avg: 24087 Min:    12 Max: 147852 Err:     1 (0.32%)
2026-10-08 10:44:02,751 INFO o.a.j.t.JMeterThread: Thread is done: GET search (agents) 2-145
2026-10-08 10:44:02,751 INFO o.a.j.t.JMeterThread: Thread finished: GET search (agents) 2-145
2026-10-08 10:44:03,035 INFO o.a.j.t.JMeterThread: Thread started: GET search (agents) 2-146
2026-10-08 10:44:03,105 INFO o.a.j.t.JMeterThread: Thread is done: GET search (agents) 2-146
2026-10-08 10:44:03,105 INFO o.a.j.t.JMeterThread: Thread finished: GET search (agents) 2-146
2026-10-08 10:44:04,723 INFO o.a.j.t.JMeterThread: Thread started: GET search (agents) 2-147
2026-10-08 10:44:04,753 INFO o.a.j.t.JMeterThread: Thread is done: GET search (agents) 2-147
2026-10-08 10:44:04,753 INFO o.a.j.t.JMeterThread: Thread finished: GET search (agents) 2-147
2026-10-08 10:44:05,232 INFO o.a.j.t.JMeterThread: Thread started: POST tickets (intake) 1-197
2026-10-08 10:44:05,617 INFO o.a.j.t.JMeterThread: Thread started: POST tickets (intake) 1-198
2026-10-08 10:44:07,225 INFO o.a.j.t.JMeterThread: Thread is done: POST tickets (intake) 1-171
2026-10-08 10:44:07,225 INFO o.a.j.t.JMeterThread: Thread finished: POST tickets (intake) 1-171
2026-10-08 10:44:11,417 INFO o.a.j.t.JMeterThread: Thread started: GET search (agents) 2-148
2026-10-08 10:44:11,451 INFO o.a.j.t.JMeterThread: Thread is done: GET search (agents) 2-148
2026-10-08 10:44:11,451 INFO o.a.j.t.JMeterThread: Thread finished: GET search (agents) 2-148
2026-10-08 10:44:13,257 INFO o.a.j.t.JMeterThread: Thread started: POST tickets (intake) 1-199
2026-10-08 10:44:19,775 INFO o.a.j.t.JMeterThread: Thread started: POST tickets (intake) 1-200
2026-10-08 10:44:20,992 INFO o.a.j.t.JMeterThread: Thread is done: POST tickets (intake) 1-172
2026-10-08 10:44:20,992 INFO o.a.j.t.JMeterThread: Thread finished: POST tickets (intake) 1-172
2026-10-08 10:44:23,245 INFO o.a.j.t.JMeterThread: Thread started: POST tickets (intake) 1-201
2026-10-08 10:44:24,105 INFO o.a.j.t.JMeterThread: Thread started: POST tickets (intake) 1-202
2026-10-08 10:44:27,229 INFO o.a.j.t.JMeterThread: Thread started: POST tickets (intake) 1-203
2026-10-08 10:44:27,426 INFO o.a.j.t.JMeterThread: Thread started: GET search (agents) 2-149
2026-10-08 10:44:27,470 INFO o.a.j.t.JMeterThread: Thread is done: GET search (agents) 2-149
2026-10-08 10:44:27,471 INFO o.a.j.t.JMeterThread: Thread finished: GET search (agents) 2-149
2026-10-08 10:44:28,071 INFO o.a.j.t.JMeterThread: Thread started: POST tickets (intake) 1-204
2026-10-08 10:44:28,541 INFO o.a.j.t.JMeterThread: Thread is done: POST tickets (intake) 1-173
2026-10-08 10:44:28,541 INFO o.a.j.t.JMeterThread: Thread finished: POST tickets (intake) 1-173
2026-10-08 10:44:32,308 INFO o.a.j.r.Summariser: summary +      8 in 00:00:30 =    0.3/s Avg: 81276 Min:    30 Max: 167692 Err:     0 (0.00%) Active: 31 Started: 353 Finished: 322
2026-10-08 10:44:32,308 INFO o.a.j.r.Summariser: summary =    323 in 00:29:23 =    0.2/s Avg: 25503 Min:    12 Max: 167692 Err:     1 (0.31%)
2026-10-08 10:44:32,308 INFO o.a.j.t.JMeterThread: Thread is done: POST tickets (intake) 1-174
2026-10-08 10:44:32,308 INFO o.a.j.t.JMeterThread: Thread finished: POST tickets (intake) 1-174
2026-10-08 10:44:34,847 INFO o.a.j.t.JMeterThread: Thread started: POST tickets (intake) 1-205
2026-10-08 10:44:38,519 INFO o.a.j.t.JMeterThread: Thread started: POST tickets (intake) 1-206
2026-10-08 10:44:42,286 INFO o.a.j.t.JMeterThread: Thread is done: POST tickets (intake) 1-175
2026-10-08 10:44:42,286 INFO o.a.j.t.JMeterThread: Thread finished: POST tickets (intake) 1-175
2026-10-08 10:44:47,351 INFO o.a.j.t.JMeterThread: Thread started: GET search (agents) 2-150
2026-10-08 10:44:47,401 INFO o.a.j.t.JMeterThread: Thread is done: GET search (agents) 2-150
2026-10-08 10:44:47,401 INFO o.a.j.t.JMeterThread: Thread finished: GET search (agents) 2-150
2026-10-08 10:44:48,716 INFO o.a.j.t.JMeterThread: Thread started: GET search (agents) 2-151
2026-10-08 10:44:48,761 INFO o.a.j.t.JMeterThread: Thread is done: GET search (agents) 2-151
2026-10-08 10:44:48,761 INFO o.a.j.t.JMeterThread: Thread finished: GET search (agents) 2-151
2026-10-08 10:44:49,517 INFO o.a.j.t.JMeterThread: Thread started: POST tickets (intake) 1-207
2026-10-08 10:44:50,044 INFO o.a.j.t.JMeterThread: Thread started: POST tickets (intake) 1-208
2026-10-08 10:44:51,567 INFO o.a.j.t.JMeterThread: Thread is done: POST tickets (intake) 1-176
2026-10-08 10:44:51,567 INFO o.a.j.t.JMeterThread: Thread finished: POST tickets (intake) 1-176
2026-10-08 10:44:51,655 INFO o.a.j.t.JMeterThread: Thread started: POST tickets (intake) 1-209
2026-10-08 10:44:54,131 INFO o.a.j.t.JMeterThread: Thread is done: POST tickets (intake) 1-177
2026-10-08 10:44:54,131 INFO o.a.j.t.JMeterThread: Thread finished: POST tickets (intake) 1-177
2026-10-08 10:44:54,222 INFO o.a.j.t.JMeterThread: Thread started: POST tickets (intake) 1-210
2026-10-08 10:44:55,563 INFO o.a.j.t.JMeterThread: Thread started: POST tickets (intake) 1-211
2026-10-08 10:44:57,446 INFO o.a.j.t.JMeterThread: Thread started: POST tickets (intake) 1-212
2026-10-08 10:45:01,982 INFO o.a.j.r.Summariser: summary +      6 in 00:00:30 =    0.2/s Avg: 116668 Min:    44 Max: 181851 Err:     0 (0.00%) Active: 35 Started: 363 Finished: 328
2026-10-08 10:45:01,983 INFO o.a.j.r.Summariser: summary =    329 in 00:29:52 =    0.2/s Avg: 27166 Min:    12 Max: 181851 Err:     1 (0.30%)
2026-10-08 10:45:01,983 INFO o.a.j.t.JMeterThread: Thread is done: POST tickets (intake) 1-178
2026-10-08 10:45:01,983 INFO o.a.j.t.JMeterThread: Thread finished: POST tickets (intake) 1-178
2026-10-08 10:45:09,221 INFO o.a.j.t.JMeterThread: Thread started: GET search (agents) 2-152
2026-10-08 10:45:09,308 INFO o.a.j.t.JMeterThread: Thread is done: GET search (agents) 2-152
2026-10-08 10:45:09,308 INFO o.a.j.t.JMeterThread: Thread finished: GET search (agents) 2-152
2026-10-08 10:45:11,863 INFO o.a.j.t.JMeterThread: Thread started: POST tickets (intake) 1-213
2026-10-08 10:45:12,056 INFO o.a.j.t.JMeterThread: Thread started: POST tickets (intake) 1-214
2026-10-08 10:45:13,143 INFO o.a.j.t.JMeterThread: Thread is done: POST tickets (intake) 1-179
2026-10-08 10:45:13,143 INFO o.a.j.t.JMeterThread: Thread finished: POST tickets (intake) 1-179
2026-10-08 10:45:14,043 INFO o.a.j.t.JMeterThread: Thread started: GET search (agents) 2-153
2026-10-08 10:45:14,094 INFO o.a.j.t.JMeterThread: Thread is done: GET search (agents) 2-153
2026-10-08 10:45:14,094 INFO o.a.j.t.JMeterThread: Thread finished: GET search (agents) 2-153
2026-10-08 10:45:19,478 INFO o.a.j.t.JMeterThread: Thread is done: POST tickets (intake) 1-180
2026-10-08 10:45:19,478 INFO o.a.j.t.JMeterThread: Thread finished: POST tickets (intake) 1-180
2026-10-08 10:45:27,464 INFO o.a.j.t.JMeterThread: Thread started: POST tickets (intake) 1-215
2026-10-08 10:45:28,811 INFO o.a.j.t.JMeterThread: Thread started: GET search (agents) 2-154
2026-10-08 10:45:28,877 INFO o.a.j.t.JMeterThread: Thread is done: GET search (agents) 2-154
2026-10-08 10:45:28,877 INFO o.a.j.t.JMeterThread: Thread finished: GET search (agents) 2-154
2026-10-08 10:45:32,835 INFO o.a.j.r.Summariser: summary +      6 in 00:00:31 =    0.2/s Avg: 85127 Min:    50 Max: 177660 Err:     0 (0.00%) Active: 35 Started: 369 Finished: 334
2026-10-08 10:45:32,835 INFO o.a.j.r.Summariser: summary =    335 in 00:30:23 =    0.2/s Avg: 28204 Min:    12 Max: 181851 Err:     1 (0.30%)
2026-10-08 10:45:32,835 INFO o.a.j.t.JMeterThread: Thread is done: POST tickets (intake) 1-181
2026-10-08 10:45:32,835 INFO o.a.j.t.JMeterThread: Thread finished: POST tickets (intake) 1-181
2026-10-08 10:45:33,045 INFO o.a.j.t.JMeterThread: Thread started: GET search (agents) 2-155
2026-10-08 10:45:33,071 INFO o.a.j.t.JMeterThread: Thread is done: GET search (agents) 2-155
2026-10-08 10:45:33,071 INFO o.a.j.t.JMeterThread: Thread finished: GET search (agents) 2-155
2026-10-08 10:45:33,592 INFO o.a.j.t.JMeterThread: Thread started: GET search (agents) 2-156
2026-10-08 10:45:33,629 INFO o.a.j.t.JMeterThread: Thread started: POST tickets (intake) 1-216
2026-10-08 10:45:33,681 INFO o.a.j.t.JMeterThread: Thread is done: GET search (agents) 2-156
2026-10-08 10:45:33,681 INFO o.a.j.t.JMeterThread: Thread finished: GET search (agents) 2-156
2026-10-08 10:45:39,576 INFO o.a.j.t.JMeterThread: Thread started: POST tickets (intake) 1-217
2026-10-08 10:45:42,660 INFO o.a.j.t.JMeterThread: Thread started: POST tickets (intake) 1-218
2026-10-08 10:45:42,944 INFO o.a.j.t.JMeterThread: Thread is done: POST tickets (intake) 1-182
2026-10-08 10:45:42,944 INFO o.a.j.t.JMeterThread: Thread finished: POST tickets (intake) 1-182
2026-10-08 10:45:44,494 INFO o.a.j.t.JMeterThread: Thread started: POST tickets (intake) 1-219
2026-10-08 10:45:45,356 INFO o.a.j.t.JMeterThread: Thread started: GET search (agents) 2-157
2026-10-08 10:45:45,389 INFO o.a.j.t.JMeterThread: Thread is done: GET search (agents) 2-157
2026-10-08 10:45:45,389 INFO o.a.j.t.JMeterThread: Thread finished: GET search (agents) 2-157
2026-10-08 10:45:48,075 INFO o.a.j.t.JMeterThread: Thread started: POST tickets (intake) 1-220
2026-10-08 10:45:51,427 INFO o.a.j.t.JMeterThread: Thread is done: POST tickets (intake) 1-183
2026-10-08 10:45:51,427 INFO o.a.j.t.JMeterThread: Thread finished: POST tickets (intake) 1-183
2026-10-08 10:45:51,775 INFO o.a.j.t.JMeterThread: Thread started: POST tickets (intake) 1-221
2026-10-08 10:45:56,414 INFO o.a.j.t.JMeterThread: Thread started: POST tickets (intake) 1-222
2026-10-08 10:45:58,253 INFO o.a.j.t.JMeterThread: Thread started: GET search (agents) 2-158
2026-10-08 10:45:58,287 INFO o.a.j.t.JMeterThread: Thread is done: GET search (agents) 2-158
2026-10-08 10:45:58,287 INFO o.a.j.t.JMeterThread: Thread finished: GET search (agents) 2-158
2026-10-08 10:45:58,755 INFO o.a.j.t.JMeterThread: Thread started: POST tickets (intake) 1-223
2026-10-08 10:46:02,055 INFO o.a.j.t.JMeterThread: Thread started: POST tickets (intake) 1-224
2026-10-08 10:46:02,503 INFO o.a.j.t.JMeterThread: Thread started: GET search (agents) 2-159
2026-10-08 10:46:02,547 INFO o.a.j.r.Summariser: summary +      7 in 00:00:30 =    0.2/s Avg: 48070 Min:    25 Max: 170061 Err:     0 (0.00%) Active: 42 Started: 383 Finished: 341
2026-10-08 10:46:02,547 INFO o.a.j.r.Summariser: summary =    342 in 00:30:53 =    0.2/s Avg: 28611 Min:    12 Max: 181851 Err:     1 (0.29%)
2026-10-08 10:46:02,547 INFO o.a.j.t.JMeterThread: Thread is done: GET search (agents) 2-159
2026-10-08 10:46:02,547 INFO o.a.j.t.JMeterThread: Thread finished: GET search (agents) 2-159
2026-10-08 10:46:02,691 INFO o.a.j.t.JMeterThread: Thread is done: POST tickets (intake) 1-184
2026-10-08 10:46:02,692 INFO o.a.j.t.JMeterThread: Thread finished: POST tickets (intake) 1-184
2026-10-08 10:46:03,990 INFO o.a.j.t.JMeterThread: Thread started: POST tickets (intake) 1-225
2026-10-08 10:46:15,093 INFO o.a.j.t.JMeterThread: Thread started: POST tickets (intake) 1-226
2026-10-08 10:46:15,571 INFO o.a.j.t.JMeterThread: Thread started: POST tickets (intake) 1-227
2026-10-08 10:46:16,177 INFO o.a.j.t.JMeterThread: Thread started: POST tickets (intake) 1-228
2026-10-08 10:46:16,958 INFO o.a.j.t.JMeterThread: Thread is done: POST tickets (intake) 1-185
2026-10-08 10:46:16,958 INFO o.a.j.t.JMeterThread: Thread finished: POST tickets (intake) 1-185
2026-10-08 10:46:17,671 INFO o.a.j.t.JMeterThread: Thread started: POST tickets (intake) 1-229
2026-10-08 10:46:17,689 INFO o.a.j.t.JMeterThread: Thread started: GET search (agents) 2-160
2026-10-08 10:46:17,753 INFO o.a.j.t.JMeterThread: Thread is done: GET search (agents) 2-160
2026-10-08 10:46:17,754 INFO o.a.j.t.JMeterThread: Thread finished: GET search (agents) 2-160
2026-10-08 10:46:19,750 INFO o.a.j.t.JMeterThread: Thread is done: POST tickets (intake) 1-186
2026-10-08 10:46:19,750 INFO o.a.j.t.JMeterThread: Thread finished: POST tickets (intake) 1-186
2026-10-08 10:46:21,816 INFO o.a.j.t.JMeterThread: Thread started: POST tickets (intake) 1-230
2026-10-08 10:46:22,814 INFO o.a.j.t.JMeterThread: Thread is done: POST tickets (intake) 1-187
2026-10-08 10:46:22,814 INFO o.a.j.t.JMeterThread: Thread finished: POST tickets (intake) 1-187
2026-10-08 10:46:23,488 INFO o.a.j.t.JMeterThread: Thread started: GET search (agents) 2-161
2026-10-08 10:46:23,526 INFO o.a.j.t.JMeterThread: Thread is done: GET search (agents) 2-161
2026-10-08 10:46:23,526 INFO o.a.j.t.JMeterThread: Thread finished: GET search (agents) 2-161
2026-10-08 10:46:29,192 INFO o.a.j.t.JMeterThread: Thread started: GET search (agents) 2-162
2026-10-08 10:46:29,310 INFO o.a.j.t.JMeterThread: Thread is done: GET search (agents) 2-162
2026-10-08 10:46:29,310 INFO o.a.j.t.JMeterThread: Thread finished: GET search (agents) 2-162
2026-10-08 10:46:31,559 INFO o.a.j.t.JMeterThread: Thread started: POST tickets (intake) 1-231
2026-10-08 10:46:35,628 INFO o.a.j.t.JMeterThread: Thread started: GET search (agents) 2-163
2026-10-08 10:46:35,710 INFO o.a.j.r.Summariser: summary +      8 in 00:00:33 =    0.2/s Avg: 89310 Min:    36 Max: 181685 Err:     0 (0.00%) Active: 45 Started: 394 Finished: 349
2026-10-08 10:46:35,711 INFO o.a.j.r.Summariser: summary =    350 in 00:31:26 =    0.2/s Avg: 29998 Min:    12 Max: 181851 Err:     1 (0.29%)
2026-10-08 10:46:35,711 INFO o.a.j.t.JMeterThread: Thread is done: GET search (agents) 2-163
2026-10-08 10:46:35,711 INFO o.a.j.t.JMeterThread: Thread finished: GET search (agents) 2-163
2026-10-08 10:46:36,974 INFO o.a.j.t.JMeterThread: Thread is done: POST tickets (intake) 1-188
2026-10-08 10:46:36,974 INFO o.a.j.t.JMeterThread: Thread finished: POST tickets (intake) 1-188
2026-10-08 10:46:40,280 INFO o.a.j.t.JMeterThread: Thread started: POST tickets (intake) 1-232
2026-10-08 10:46:47,762 INFO o.a.j.t.JMeterThread: Thread started: POST tickets (intake) 1-233
2026-10-08 10:46:48,960 INFO o.a.j.t.JMeterThread: Thread started: POST tickets (intake) 1-234
2026-10-08 10:46:49,492 INFO o.a.j.t.JMeterThread: Thread is done: POST tickets (intake) 1-189
2026-10-08 10:46:49,492 INFO o.a.j.t.JMeterThread: Thread finished: POST tickets (intake) 1-189
2026-10-08 10:46:53,007 INFO o.a.j.t.JMeterThread: Thread started: POST tickets (intake) 1-235
2026-10-08 10:46:53,884 INFO o.a.j.t.JMeterThread: Thread started: GET search (agents) 2-164
2026-10-08 10:46:53,928 INFO o.a.j.t.JMeterThread: Thread is done: GET search (agents) 2-164
2026-10-08 10:46:53,928 INFO o.a.j.t.JMeterThread: Thread finished: GET search (agents) 2-164
2026-10-08 10:46:55,132 INFO o.a.j.t.JMeterThread: Thread started: POST tickets (intake) 1-236
2026-10-08 10:46:56,559 INFO o.a.j.t.JMeterThread: Thread started: POST tickets (intake) 1-237
2026-10-08 10:46:58,283 INFO o.a.j.t.JMeterThread: Thread started: POST tickets (intake) 1-238
2026-10-08 10:46:59,088 INFO o.a.j.t.JMeterThread: Thread started: POST tickets (intake) 1-239
2026-10-08 10:47:01,611 INFO o.a.j.r.Summariser: summary +      4 in 00:00:26 =    0.2/s Avg: 145126 Min:    43 Max: 196179 Err:     0 (0.00%) Active: 50 Started: 403 Finished: 353
2026-10-08 10:47:01,611 INFO o.a.j.r.Summariser: summary =    354 in 00:31:52 =    0.2/s Avg: 31299 Min:    12 Max: 196179 Err:     1 (0.28%)
2026-10-08 10:47:01,611 INFO o.a.j.t.JMeterThread: Thread is done: POST tickets (intake) 1-190
2026-10-08 10:47:01,611 INFO o.a.j.t.JMeterThread: Thread finished: POST tickets (intake) 1-190
2026-10-08 10:47:04,490 INFO o.a.j.t.JMeterThread: Thread is done: POST tickets (intake) 1-191
2026-10-08 10:47:04,490 INFO o.a.j.t.JMeterThread: Thread finished: POST tickets (intake) 1-191
2026-10-08 10:47:05,311 INFO o.a.j.t.JMeterThread: Thread started: POST tickets (intake) 1-240
2026-10-08 10:47:13,803 INFO o.a.j.t.JMeterThread: Thread started: POST tickets (intake) 1-241
2026-10-08 10:47:14,516 INFO o.a.j.t.JMeterThread: Thread is done: POST tickets (intake) 1-192
2026-10-08 10:47:14,516 INFO o.a.j.t.JMeterThread: Thread finished: POST tickets (intake) 1-192
2026-10-08 10:47:15,692 INFO o.a.j.t.JMeterThread: Thread started: GET search (agents) 2-165
2026-10-08 10:47:15,732 INFO o.a.j.t.JMeterThread: Thread is done: GET search (agents) 2-165
2026-10-08 10:47:15,732 INFO o.a.j.t.JMeterThread: Thread finished: GET search (agents) 2-165
2026-10-08 10:47:17,224 INFO o.a.j.t.JMeterThread: Thread started: POST tickets (intake) 1-242
2026-10-08 10:47:20,463 INFO o.a.j.t.JMeterThread: Thread started: GET search (agents) 2-166
2026-10-08 10:47:20,572 INFO o.a.j.t.JMeterThread: Thread is done: GET search (agents) 2-166
2026-10-08 10:47:20,572 INFO o.a.j.t.JMeterThread: Thread finished: GET search (agents) 2-166
2026-10-08 10:47:23,368 INFO o.a.j.t.JMeterThread: Thread is done: POST tickets (intake) 1-193
2026-10-08 10:47:23,368 INFO o.a.j.t.JMeterThread: Thread finished: POST tickets (intake) 1-193
2026-10-08 10:47:25,072 INFO o.a.j.t.JMeterThread: Thread started: POST tickets (intake) 1-243
2026-10-08 10:47:26,270 INFO o.a.j.t.JMeterThread: Thread is done: POST tickets (intake) 1-194
2026-10-08 10:47:26,270 INFO o.a.j.t.JMeterThread: Thread finished: POST tickets (intake) 1-194
2026-10-08 10:47:28,762 INFO o.a.j.t.JMeterThread: Thread started: GET search (agents) 2-167
2026-10-08 10:47:28,849 INFO o.a.j.t.JMeterThread: Thread is done: GET search (agents) 2-167
2026-10-08 10:47:28,850 INFO o.a.j.t.JMeterThread: Thread finished: GET search (agents) 2-167
2026-10-08 10:47:29,446 INFO o.a.j.t.JMeterThread: Thread started: GET search (agents) 2-168
2026-10-08 10:47:29,500 INFO o.a.j.t.JMeterThread: Thread is done: GET search (agents) 2-168
2026-10-08 10:47:29,500 INFO o.a.j.t.JMeterThread: Thread finished: GET search (agents) 2-168
2026-10-08 10:47:30,968 INFO o.a.j.r.Summariser: summary +      9 in 00:00:29 =    0.3/s Avg: 115989 Min:    39 Max: 215510 Err:     0 (0.00%) Active: 49 Started: 411 Finished: 362
2026-10-08 10:47:30,968 INFO o.a.j.r.Summariser: summary =    363 in 00:32:21 =    0.2/s Avg: 33399 Min:    12 Max: 215510 Err:     1 (0.28%)
2026-10-08 10:47:30,968 INFO o.a.j.t.JMeterThread: Thread is done: POST tickets (intake) 1-195
2026-10-08 10:47:30,968 INFO o.a.j.t.JMeterThread: Thread finished: POST tickets (intake) 1-195
2026-10-08 10:47:32,951 INFO o.a.j.t.JMeterThread: Thread started: GET search (agents) 2-169
2026-10-08 10:47:32,977 INFO o.a.j.t.JMeterThread: Thread is done: GET search (agents) 2-169
2026-10-08 10:47:32,977 INFO o.a.j.t.JMeterThread: Thread finished: GET search (agents) 2-169
2026-10-08 10:47:33,174 INFO o.a.j.t.JMeterThread: Thread started: GET search (agents) 2-170
2026-10-08 10:47:33,199 INFO o.a.j.t.JMeterThread: Thread is done: GET search (agents) 2-170
2026-10-08 10:47:33,199 INFO o.a.j.t.JMeterThread: Thread finished: GET search (agents) 2-170
2026-10-08 10:47:35,083 INFO o.a.j.t.JMeterThread: Thread is done: POST tickets (intake) 1-196
2026-10-08 10:47:35,083 INFO o.a.j.t.JMeterThread: Thread finished: POST tickets (intake) 1-196
2026-10-08 10:47:39,739 INFO o.a.j.t.JMeterThread: Thread is done: POST tickets (intake) 1-197
2026-10-08 10:47:39,739 INFO o.a.j.t.JMeterThread: Thread finished: POST tickets (intake) 1-197
2026-10-08 10:47:40,477 INFO o.a.j.t.JMeterThread: Thread started: POST tickets (intake) 1-244
2026-10-08 10:47:43,244 INFO o.a.j.t.JMeterThread: Thread started: POST tickets (intake) 1-245
2026-10-08 10:47:45,139 INFO o.a.j.t.JMeterThread: Thread started: GET search (agents) 2-171
2026-10-08 10:47:45,277 INFO o.a.j.t.JMeterThread: Thread is done: GET search (agents) 2-171
2026-10-08 10:47:45,277 INFO o.a.j.t.JMeterThread: Thread finished: GET search (agents) 2-171
2026-10-08 10:47:46,729 INFO o.a.j.t.JMeterThread: Thread is done: POST tickets (intake) 1-198
2026-10-08 10:47:46,729 INFO o.a.j.t.JMeterThread: Thread finished: POST tickets (intake) 1-198
2026-10-08 10:47:47,288 INFO o.a.j.t.JMeterThread: Thread started: POST tickets (intake) 1-246
2026-10-08 10:47:49,631 INFO o.a.j.t.JMeterThread: Thread started: POST tickets (intake) 1-247
2026-10-08 10:47:52,878 INFO o.a.j.t.JMeterThread: Thread started: POST tickets (intake) 1-248
2026-10-08 10:47:54,016 INFO o.a.j.t.JMeterThread: Thread is done: POST tickets (intake) 1-199
2026-10-08 10:47:54,016 INFO o.a.j.t.JMeterThread: Thread finished: POST tickets (intake) 1-199
2026-10-08 10:47:55,292 INFO o.a.j.t.JMeterThread: Thread started: POST tickets (intake) 1-249
2026-10-08 10:47:56,757 INFO o.a.j.t.JMeterThread: Thread started: POST tickets (intake) 1-250
2026-10-08 10:47:58,356 INFO o.a.j.t.JMeterThread: Thread started: GET search (agents) 2-172
2026-10-08 10:47:58,412 INFO o.a.j.t.JMeterThread: Thread is done: GET search (agents) 2-172
2026-10-08 10:47:58,412 INFO o.a.j.t.JMeterThread: Thread finished: GET search (agents) 2-172
2026-10-08 10:47:58,856 INFO o.a.j.t.JMeterThread: Thread started: POST tickets (intake) 1-251
2026-10-08 10:48:00,265 INFO o.a.j.t.JMeterThread: Thread started: POST tickets (intake) 1-252
2026-10-08 10:48:06,482 INFO o.a.j.t.JMeterThread: Thread started: POST tickets (intake) 1-253
2026-10-08 10:48:07,864 INFO o.a.j.t.JMeterThread: Thread is done: POST tickets (intake) 1-200
2026-10-08 10:48:07,864 INFO o.a.j.t.JMeterThread: Thread finished: POST tickets (intake) 1-200
2026-10-08 10:48:11,566 INFO o.a.j.t.JMeterThread: Thread started: POST tickets (intake) 1-254
2026-10-08 10:48:12,052 INFO o.a.j.t.JMeterThread: Thread started: GET search (agents) 2-173
2026-10-08 10:48:12,111 INFO o.a.j.t.JMeterThread: Thread is done: GET search (agents) 2-173
2026-10-08 10:48:12,111 INFO o.a.j.t.JMeterThread: Thread finished: GET search (agents) 2-173
2026-10-08 10:48:12,809 INFO o.a.j.t.JMeterThread: Thread started: POST tickets (intake) 1-255
2026-10-08 10:48:13,437 INFO o.a.j.t.JMeterThread: Thread started: POST tickets (intake) 1-256
2026-10-08 10:48:14,763 INFO o.a.j.t.JMeterThread: Thread started: POST tickets (intake) 1-257
2026-10-08 10:48:18,167 INFO o.a.j.t.JMeterThread: Thread started: POST tickets (intake) 1-258
2026-10-08 10:48:19,931 INFO o.a.j.t.JMeterThread: Thread started: POST tickets (intake) 1-259
2026-10-08 10:48:21,153 INFO o.a.j.t.JMeterThread: Thread started: POST tickets (intake) 1-260
2026-10-08 10:48:22,710 INFO o.a.j.t.JMeterThread: Thread started: POST tickets (intake) 1-261
2026-10-08 10:48:22,985 INFO o.a.j.t.JMeterThread: Thread is done: POST tickets (intake) 1-201
2026-10-08 10:48:22,985 INFO o.a.j.t.JMeterThread: Thread finished: POST tickets (intake) 1-201
2026-10-08 10:48:25,115 INFO o.a.j.t.JMeterThread: Thread started: GET search (agents) 2-174
2026-10-08 10:48:25,151 INFO o.a.j.t.JMeterThread: Thread is done: GET search (agents) 2-174
2026-10-08 10:48:25,151 INFO o.a.j.t.JMeterThread: Thread finished: GET search (agents) 2-174
2026-10-08 10:48:27,021 INFO o.a.j.t.JMeterThread: Thread started: POST tickets (intake) 1-262
2026-10-08 10:48:28,193 INFO o.a.j.t.JMeterThread: Thread started: GET search (agents) 2-175
2026-10-08 10:48:28,244 INFO o.a.j.t.JMeterThread: Thread is done: GET search (agents) 2-175
2026-10-08 10:48:28,244 INFO o.a.j.t.JMeterThread: Thread finished: GET search (agents) 2-175
2026-10-08 10:48:28,764 INFO o.a.j.t.JMeterThread: Thread started: GET search (agents) 2-176
2026-10-08 10:48:28,892 INFO o.a.j.t.JMeterThread: Thread is done: GET search (agents) 2-176
2026-10-08 10:48:28,892 INFO o.a.j.t.JMeterThread: Thread finished: GET search (agents) 2-176
2026-10-08 10:48:29,700 INFO o.a.j.t.JMeterThread: Thread is done: POST tickets (intake) 1-202
2026-10-08 10:48:29,700 INFO o.a.j.t.JMeterThread: Thread finished: POST tickets (intake) 1-202
2026-10-08 10:48:34,680 INFO o.a.j.t.JMeterThread: Thread started: POST tickets (intake) 1-263
2026-10-08 10:48:34,976 INFO o.a.j.t.JMeterThread: Thread started: POST tickets (intake) 1-264
2026-10-08 10:48:37,063 INFO o.a.j.t.JMeterThread: Thread started: GET search (agents) 2-177
2026-10-08 10:48:37,092 INFO o.a.j.t.JMeterThread: Thread is done: GET search (agents) 2-177
2026-10-08 10:48:37,092 INFO o.a.j.t.JMeterThread: Thread finished: GET search (agents) 2-177
2026-10-08 10:48:37,437 INFO o.a.j.t.JMeterThread: Thread is done: POST tickets (intake) 1-203
2026-10-08 10:48:37,437 INFO o.a.j.t.JMeterThread: Thread finished: POST tickets (intake) 1-203
2026-10-08 10:48:38,815 INFO o.a.j.t.JMeterThread: Thread started: GET search (agents) 2-178
2026-10-08 10:48:38,861 INFO o.a.j.t.JMeterThread: Thread is done: GET search (agents) 2-178
2026-10-08 10:48:38,861 INFO o.a.j.t.JMeterThread: Thread finished: GET search (agents) 2-178
2026-10-08 10:48:40,364 INFO o.a.j.t.JMeterThread: Thread started: GET search (agents) 2-179
2026-10-08 10:48:40,440 INFO o.a.j.t.JMeterThread: Thread is done: GET search (agents) 2-179
2026-10-08 10:48:40,441 INFO o.a.j.t.JMeterThread: Thread finished: GET search (agents) 2-179
2026-10-08 10:48:45,405 INFO o.a.j.t.JMeterThread: Thread is done: POST tickets (intake) 1-204
2026-10-08 10:48:45,405 INFO o.a.j.t.JMeterThread: Thread finished: POST tickets (intake) 1-204
2026-10-08 10:48:52,976 INFO o.a.j.t.JMeterThread: Thread started: POST tickets (intake) 1-265
2026-10-08 10:48:55,119 INFO o.a.j.t.JMeterThread: Thread started: POST tickets (intake) 1-266
2026-10-08 10:48:55,124 INFO o.a.j.t.JMeterThread: Thread started: POST tickets (intake) 1-267
2026-10-08 10:48:55,661 INFO o.a.j.t.JMeterThread: Thread is done: POST tickets (intake) 1-205
2026-10-08 10:48:55,661 INFO o.a.j.t.JMeterThread: Thread finished: POST tickets (intake) 1-205
2026-10-08 10:48:56,308 INFO o.a.j.t.JMeterThread: Thread started: POST tickets (intake) 1-268
2026-10-08 10:48:57,296 INFO o.a.j.t.JMeterThread: Thread started: POST tickets (intake) 1-269
2026-10-08 10:48:59,118 INFO o.a.j.t.JMeterThread: Thread started: POST tickets (intake) 1-270
2026-10-08 10:49:00,518 INFO o.a.j.r.Summariser: summary +     22 in 00:01:30 =    0.2/s Avg: 118843 Min:    23 Max: 261998 Err:     0 (0.00%) Active: 65 Started: 449 Finished: 384
2026-10-08 10:49:00,518 INFO o.a.j.r.Summariser: summary =    385 in 00:33:51 =    0.2/s Avg: 38281 Min:    12 Max: 261998 Err:     1 (0.26%)
2026-10-08 10:49:00,518 INFO o.a.j.t.JMeterThread: Thread is done: POST tickets (intake) 1-206
2026-10-08 10:49:00,518 INFO o.a.j.t.JMeterThread: Thread finished: POST tickets (intake) 1-206
2026-10-08 10:49:04,051 INFO o.a.j.t.JMeterThread: Thread started: POST tickets (intake) 1-271
2026-10-08 10:49:04,916 INFO o.a.j.t.JMeterThread: Thread is done: POST tickets (intake) 1-207
2026-10-08 10:49:04,916 INFO o.a.j.t.JMeterThread: Thread finished: POST tickets (intake) 1-207
2026-10-08 10:49:05,815 INFO o.a.j.t.JMeterThread: Thread started: POST tickets (intake) 1-272
2026-10-08 10:49:06,488 INFO o.a.j.t.JMeterThread: Thread started: POST tickets (intake) 1-273
2026-10-08 10:49:07,139 INFO o.a.j.t.JMeterThread: Thread started: GET search (agents) 2-180
2026-10-08 10:49:07,196 INFO o.a.j.t.JMeterThread: Thread is done: GET search (agents) 2-180
2026-10-08 10:49:07,196 INFO o.a.j.t.JMeterThread: Thread finished: GET search (agents) 2-180
2026-10-08 10:49:08,976 INFO o.a.j.t.JMeterThread: Thread is done: POST tickets (intake) 1-208
2026-10-08 10:49:08,976 INFO o.a.j.t.JMeterThread: Thread finished: POST tickets (intake) 1-208
2026-10-08 10:49:09,920 INFO o.a.j.t.JMeterThread: Thread started: GET search (agents) 2-181
2026-10-08 10:49:09,959 INFO o.a.j.t.JMeterThread: Thread is done: GET search (agents) 2-181
2026-10-08 10:49:09,959 INFO o.a.j.t.JMeterThread: Thread finished: GET search (agents) 2-181
2026-10-08 10:49:10,246 INFO o.a.j.t.JMeterThread: Thread started: GET search (agents) 2-182
2026-10-08 10:49:10,339 INFO o.a.j.t.JMeterThread: Thread is done: GET search (agents) 2-182
2026-10-08 10:49:10,339 INFO o.a.j.t.JMeterThread: Thread finished: GET search (agents) 2-182
2026-10-08 10:49:10,425 INFO o.a.j.t.JMeterThread: Thread started: POST tickets (intake) 1-274
2026-10-08 10:49:14,480 INFO o.a.j.t.JMeterThread: Thread started: POST tickets (intake) 1-275
2026-10-08 10:49:15,166 INFO o.a.j.t.JMeterThread: Thread is done: POST tickets (intake) 1-209
2026-10-08 10:49:15,166 INFO o.a.j.t.JMeterThread: Thread finished: POST tickets (intake) 1-209
2026-10-08 10:49:15,580 INFO o.a.j.t.JMeterThread: Thread started: POST tickets (intake) 1-276
2026-10-08 10:49:16,945 INFO o.a.j.t.JMeterThread: Thread started: GET search (agents) 2-183
2026-10-08 10:49:17,115 INFO o.a.j.t.JMeterThread: Thread is done: GET search (agents) 2-183
2026-10-08 10:49:17,115 INFO o.a.j.t.JMeterThread: Thread finished: GET search (agents) 2-183
2026-10-08 10:49:17,741 INFO o.a.j.t.JMeterThread: Thread started: POST tickets (intake) 1-277
2026-10-08 10:49:19,974 INFO o.a.j.t.JMeterThread: Thread is done: POST tickets (intake) 1-210
2026-10-08 10:49:19,974 INFO o.a.j.t.JMeterThread: Thread finished: POST tickets (intake) 1-210
2026-10-08 10:49:22,118 INFO o.a.j.t.JMeterThread: Thread started: POST tickets (intake) 1-278
2026-10-08 10:49:22,763 INFO o.a.j.t.JMeterThread: Thread is done: POST tickets (intake) 1-211
2026-10-08 10:49:22,763 INFO o.a.j.t.JMeterThread: Thread finished: POST tickets (intake) 1-211
2026-10-08 10:49:24,043 INFO o.a.j.t.JMeterThread: Thread started: GET search (agents) 2-184
2026-10-08 10:49:24,102 INFO o.a.j.t.JMeterThread: Thread is done: GET search (agents) 2-184
2026-10-08 10:49:24,102 INFO o.a.j.t.JMeterThread: Thread finished: GET search (agents) 2-184
2026-10-08 10:49:28,195 INFO o.a.j.t.JMeterThread: Thread started: POST tickets (intake) 1-279
2026-10-08 10:49:29,044 INFO o.a.j.t.JMeterThread: Thread is done: POST tickets (intake) 1-212
2026-10-08 10:49:29,044 INFO o.a.j.t.JMeterThread: Thread finished: POST tickets (intake) 1-212
2026-10-08 10:49:32,196 INFO o.a.j.t.JMeterThread: Thread started: POST tickets (intake) 1-280
2026-10-08 10:49:33,544 INFO o.a.j.t.JMeterThread: Thread started: POST tickets (intake) 1-281
2026-10-08 10:49:35,615 INFO o.a.j.t.JMeterThread: Thread started: POST tickets (intake) 1-282
2026-10-08 10:49:37,706 INFO o.a.j.t.JMeterThread: Thread started: POST tickets (intake) 1-283
2026-10-08 10:49:38,592 INFO o.a.j.t.JMeterThread: Thread is done: POST tickets (intake) 1-213
2026-10-08 10:49:38,592 INFO o.a.j.t.JMeterThread: Thread finished: POST tickets (intake) 1-213
2026-10-08 10:49:42,329 INFO o.a.j.t.JMeterThread: Thread started: POST tickets (intake) 1-284
2026-10-08 10:49:47,517 INFO o.a.j.t.JMeterThread: Thread is done: POST tickets (intake) 1-214
2026-10-08 10:49:47,517 INFO o.a.j.t.JMeterThread: Thread finished: POST tickets (intake) 1-214
2026-10-08 10:49:49,758 INFO o.a.j.t.JMeterThread: Thread started: POST tickets (intake) 1-285
2026-10-08 10:49:52,406 INFO o.a.j.t.JMeterThread: Thread started: POST tickets (intake) 1-286
2026-10-08 10:49:53,492 INFO o.a.j.t.JMeterThread: Thread started: POST tickets (intake) 1-287
2026-10-08 10:49:53,740 INFO o.a.j.t.JMeterThread: Thread started: POST tickets (intake) 1-288
2026-10-08 10:49:57,334 INFO o.a.j.t.JMeterThread: Thread is done: POST tickets (intake) 1-215
2026-10-08 10:49:57,334 INFO o.a.j.t.JMeterThread: Thread finished: POST tickets (intake) 1-215
2026-10-08 10:49:59,824 INFO o.a.j.t.JMeterThread: Thread is done: POST tickets (intake) 1-216
2026-10-08 10:49:59,824 INFO o.a.j.t.JMeterThread: Thread finished: POST tickets (intake) 1-216
2026-10-08 10:50:03,011 INFO o.a.j.t.JMeterThread: Thread started: POST tickets (intake) 1-289
2026-10-08 10:50:03,774 INFO o.a.j.t.JMeterThread: Thread started: GET search (agents) 2-185
2026-10-08 10:50:03,805 INFO o.a.j.r.Summariser: summary +     16 in 00:01:03 =    0.3/s Avg: 166317 Min:    30 Max: 275460 Err:     0 (0.00%) Active: 74 Started: 474 Finished: 400
2026-10-08 10:50:03,805 INFO o.a.j.r.Summariser: summary =    401 in 00:34:54 =    0.2/s Avg: 43390 Min:    12 Max: 275460 Err:     1 (0.25%)
2026-10-08 10:50:03,805 INFO o.a.j.t.JMeterThread: Thread is done: GET search (agents) 2-185
2026-10-08 10:50:03,805 INFO o.a.j.t.JMeterThread: Thread finished: GET search (agents) 2-185
2026-10-08 10:50:04,242 INFO o.a.j.t.JMeterThread: Thread started: POST tickets (intake) 1-290
2026-10-08 10:50:04,613 INFO o.a.j.t.JMeterThread: Thread is done: POST tickets (intake) 1-217
2026-10-08 10:50:04,613 INFO o.a.j.t.JMeterThread: Thread finished: POST tickets (intake) 1-217
2026-10-08 10:50:08,567 INFO o.a.j.t.JMeterThread: Thread started: POST tickets (intake) 1-291
2026-10-08 10:50:10,881 INFO o.a.j.t.JMeterThread: Thread started: POST tickets (intake) 1-292
2026-10-08 10:50:13,036 INFO o.a.j.t.JMeterThread: Thread started: GET search (agents) 2-186
2026-10-08 10:50:13,116 INFO o.a.j.t.JMeterThread: Thread is done: GET search (agents) 2-186
2026-10-08 10:50:13,116 INFO o.a.j.t.JMeterThread: Thread finished: GET search (agents) 2-186
2026-10-08 10:50:16,596 INFO o.a.j.t.JMeterThread: Thread is done: POST tickets (intake) 1-218
2026-10-08 10:50:16,596 INFO o.a.j.t.JMeterThread: Thread finished: POST tickets (intake) 1-218
2026-10-08 10:50:17,996 INFO o.a.j.t.JMeterThread: Thread started: POST tickets (intake) 1-293
2026-10-08 10:50:24,585 INFO o.a.j.t.JMeterThread: Thread is done: POST tickets (intake) 1-219
2026-10-08 10:50:24,585 INFO o.a.j.t.JMeterThread: Thread finished: POST tickets (intake) 1-219
2026-10-08 10:50:24,930 INFO o.a.j.t.JMeterThread: Thread started: POST tickets (intake) 1-294
2026-10-08 10:50:25,356 INFO o.a.j.t.JMeterThread: Thread started: POST tickets (intake) 1-295
2026-10-08 10:50:27,931 INFO o.a.j.t.JMeterThread: Thread started: GET search (agents) 2-187
2026-10-08 10:50:27,986 INFO o.a.j.t.JMeterThread: Thread is done: GET search (agents) 2-187
2026-10-08 10:50:27,986 INFO o.a.j.t.JMeterThread: Thread finished: GET search (agents) 2-187
2026-10-08 10:50:28,591 INFO o.a.j.t.JMeterThread: Thread started: GET search (agents) 2-188
2026-10-08 10:50:28,637 INFO o.a.j.t.JMeterThread: Thread is done: GET search (agents) 2-188
2026-10-08 10:50:28,637 INFO o.a.j.t.JMeterThread: Thread finished: GET search (agents) 2-188
2026-10-08 10:50:28,648 INFO o.a.j.t.JMeterThread: Thread started: POST tickets (intake) 1-296
2026-10-08 10:50:31,882 INFO o.a.j.t.JMeterThread: Thread started: GET search (agents) 2-189
2026-10-08 10:50:31,931 INFO o.a.j.r.Summariser: summary +      7 in 00:00:28 =    0.2/s Avg: 117041 Min:    46 Max: 280089 Err:     1 (14.29%) Active: 78 Started: 485 Finished: 407
2026-10-08 10:50:31,931 INFO o.a.j.r.Summariser: summary =    408 in 00:35:22 =    0.2/s Avg: 44653 Min:    12 Max: 280089 Err:     2 (0.49%)
2026-10-08 10:50:31,931 INFO o.a.j.t.JMeterThread: Thread is done: GET search (agents) 2-189
2026-10-08 10:50:31,931 INFO o.a.j.t.JMeterThread: Thread finished: GET search (agents) 2-189
2026-10-08 10:50:31,970 INFO o.a.j.t.JMeterThread: Thread started: POST tickets (intake) 1-297
2026-10-08 10:50:36,130 INFO o.a.j.t.JMeterThread: Thread started: POST tickets (intake) 1-298
2026-10-08 10:50:37,758 INFO o.a.j.t.JMeterThread: Thread is done: POST tickets (intake) 1-220
2026-10-08 10:50:37,758 INFO o.a.j.t.JMeterThread: Thread finished: POST tickets (intake) 1-220
2026-10-08 10:50:40,150 INFO o.a.j.t.JMeterThread: Thread started: POST tickets (intake) 1-299
2026-10-08 10:50:42,258 INFO o.a.j.t.JMeterThread: Thread started: GET search (agents) 2-190
2026-10-08 10:50:42,310 INFO o.a.j.t.JMeterThread: Thread is done: GET search (agents) 2-190
2026-10-08 10:50:42,310 INFO o.a.j.t.JMeterThread: Thread finished: GET search (agents) 2-190
2026-10-08 10:50:43,115 INFO o.a.j.t.JMeterThread: Thread is done: POST tickets (intake) 1-221
2026-10-08 10:50:43,115 INFO o.a.j.t.JMeterThread: Thread finished: POST tickets (intake) 1-221
2026-10-08 10:50:47,368 INFO o.a.j.t.JMeterThread: Thread started: POST tickets (intake) 1-300
2026-10-08 10:50:47,633 INFO o.a.j.t.JMeterThread: Thread started: POST tickets (intake) 1-301
2026-10-08 10:50:48,445 INFO o.a.j.t.JMeterThread: Thread started: POST tickets (intake) 1-302
2026-10-08 10:50:48,892 INFO o.a.j.t.JMeterThread: Thread started: POST tickets (intake) 1-303
2026-10-08 10:50:49,071 INFO o.a.j.t.JMeterThread: Thread is done: POST tickets (intake) 1-222
2026-10-08 10:50:49,071 INFO o.a.j.t.JMeterThread: Thread finished: POST tickets (intake) 1-222
2026-10-08 10:50:49,214 INFO o.a.j.t.JMeterThread: Thread started: POST tickets (intake) 1-304
2026-10-08 10:50:52,664 INFO o.a.j.t.JMeterThread: Thread started: POST tickets (intake) 1-305
2026-10-08 10:50:53,375 INFO o.a.j.t.JMeterThread: Thread is done: POST tickets (intake) 1-223
2026-10-08 10:50:53,375 INFO o.a.j.t.JMeterThread: Thread finished: POST tickets (intake) 1-223
2026-10-08 10:50:54,650 INFO o.a.j.t.JMeterThread: Thread started: POST tickets (intake) 1-306
2026-10-08 10:50:55,761 INFO o.a.j.t.JMeterThread: Thread started: POST tickets (intake) 1-307
2026-10-08 10:50:59,768 INFO o.a.j.t.JMeterThread: Thread started: POST tickets (intake) 1-308
2026-10-08 10:51:01,071 INFO o.a.j.t.JMeterThread: Thread started: POST tickets (intake) 1-309
2026-10-08 10:51:02,121 INFO o.a.j.r.Summariser: summary +      6 in 00:00:30 =    0.2/s Avg: 244735 Min:    52 Max: 300065 Err:     1 (16.67%) Active: 86 Started: 499 Finished: 413
2026-10-08 10:51:02,121 INFO o.a.j.r.Summariser: summary =    414 in 00:35:52 =    0.2/s Avg: 47553 Min:    12 Max: 300065 Err:     3 (0.72%)
2026-10-08 10:51:02,121 INFO o.a.j.t.JMeterThread: Thread is done: POST tickets (intake) 1-224
2026-10-08 10:51:02,121 INFO o.a.j.t.JMeterThread: Thread finished: POST tickets (intake) 1-224
2026-10-08 10:51:02,247 INFO o.a.j.t.JMeterThread: Thread started: POST tickets (intake) 1-310
2026-10-08 10:51:04,004 INFO o.a.j.t.JMeterThread: Thread is done: POST tickets (intake) 1-225
2026-10-08 10:51:04,004 INFO o.a.j.t.JMeterThread: Thread finished: POST tickets (intake) 1-225
2026-10-08 10:51:04,729 INFO o.a.j.t.JMeterThread: Thread started: POST tickets (intake) 1-311
2026-10-08 10:51:07,955 INFO o.a.j.t.JMeterThread: Thread started: POST tickets (intake) 1-312
2026-10-08 10:51:08,065 INFO o.a.j.t.JMeterThread: Thread started: POST tickets (intake) 1-313
2026-10-08 10:51:08,537 INFO o.a.j.t.JMeterThread: Thread started: POST tickets (intake) 1-314
2026-10-08 10:51:10,800 INFO o.a.j.t.JMeterThread: Thread started: POST tickets (intake) 1-315
2026-10-08 10:51:11,336 INFO o.a.j.t.JMeterThread: Thread started: POST tickets (intake) 1-316
2026-10-08 10:51:15,139 INFO o.a.j.t.JMeterThread: Thread is done: POST tickets (intake) 1-226
2026-10-08 10:51:15,139 INFO o.a.j.t.JMeterThread: Thread finished: POST tickets (intake) 1-226
2026-10-08 10:51:15,635 INFO o.a.j.t.JMeterThread: Thread is done: POST tickets (intake) 1-227
2026-10-08 10:51:15,635 INFO o.a.j.t.JMeterThread: Thread finished: POST tickets (intake) 1-227
2026-10-08 10:51:16,225 INFO o.a.j.t.JMeterThread: Thread is done: POST tickets (intake) 1-228
2026-10-08 10:51:16,225 INFO o.a.j.t.JMeterThread: Thread finished: POST tickets (intake) 1-228
2026-10-08 10:51:16,870 INFO o.a.j.t.JMeterThread: Thread started: GET search (agents) 2-191
2026-10-08 10:51:16,971 INFO o.a.j.t.JMeterThread: Thread is done: GET search (agents) 2-191
2026-10-08 10:51:16,971 INFO o.a.j.t.JMeterThread: Thread finished: GET search (agents) 2-191
2026-10-08 10:51:17,715 INFO o.a.j.t.JMeterThread: Thread is done: POST tickets (intake) 1-229
2026-10-08 10:51:17,715 INFO o.a.j.t.JMeterThread: Thread finished: POST tickets (intake) 1-229
2026-10-08 10:51:19,883 INFO o.a.j.t.JMeterThread: Thread started: POST tickets (intake) 1-317
2026-10-08 10:51:21,841 INFO o.a.j.t.JMeterThread: Thread is done: POST tickets (intake) 1-230
2026-10-08 10:51:21,841 INFO o.a.j.t.JMeterThread: Thread finished: POST tickets (intake) 1-230
2026-10-08 10:51:29,240 INFO o.a.j.t.JMeterThread: Thread started: POST tickets (intake) 1-318
2026-10-08 10:51:31,585 INFO o.a.j.r.Summariser: summary +      8 in 00:00:29 =    0.3/s Avg: 262545 Min:   100 Max: 300064 Err:     7 (87.50%) Active: 88 Started: 509 Finished: 421
2026-10-08 10:51:31,585 INFO o.a.j.r.Summariser: summary =    422 in 00:36:22 =    0.2/s Avg: 51629 Min:    12 Max: 300065 Err:    10 (2.37%)
2026-10-08 10:51:31,585 INFO o.a.j.t.JMeterThread: Thread is done: POST tickets (intake) 1-231
2026-10-08 10:51:31,585 INFO o.a.j.t.JMeterThread: Thread finished: POST tickets (intake) 1-231
2026-10-08 10:51:34,598 INFO o.a.j.t.JMeterThread: Thread started: GET search (agents) 2-192
2026-10-08 10:51:34,655 INFO o.a.j.t.JMeterThread: Thread is done: GET search (agents) 2-192
2026-10-08 10:51:34,655 INFO o.a.j.t.JMeterThread: Thread finished: GET search (agents) 2-192
2026-10-08 10:51:35,447 INFO o.a.j.t.JMeterThread: Thread started: POST tickets (intake) 1-319
2026-10-08 10:51:38,215 INFO o.a.j.t.JMeterThread: Thread started: POST tickets (intake) 1-320
2026-10-08 10:51:38,822 INFO o.a.j.t.JMeterThread: Thread started: POST tickets (intake) 1-321
2026-10-08 10:51:39,369 INFO o.a.j.t.JMeterThread: Thread started: POST tickets (intake) 1-322
2026-10-08 10:51:40,047 INFO o.a.j.t.JMeterThread: Thread started: POST tickets (intake) 1-323
2026-10-08 10:51:40,349 INFO o.a.j.t.JMeterThread: Thread is done: POST tickets (intake) 1-232
2026-10-08 10:51:40,349 INFO o.a.j.t.JMeterThread: Thread finished: POST tickets (intake) 1-232
2026-10-08 10:51:43,086 INFO o.a.j.t.JMeterThread: Thread started: POST tickets (intake) 1-324
2026-10-08 10:51:43,762 INFO o.a.j.t.JMeterThread: Thread started: POST tickets (intake) 1-325
2026-10-08 10:51:44,305 INFO o.a.j.t.JMeterThread: Thread is done: POST tickets (intake) 1-233
2026-10-08 10:51:44,305 INFO o.a.j.t.JMeterThread: Thread finished: POST tickets (intake) 1-233
2026-10-08 10:51:45,063 INFO o.a.j.t.JMeterThread: Thread started: POST tickets (intake) 1-326
2026-10-08 10:51:45,573 INFO o.a.j.t.JMeterThread: Thread started: POST tickets (intake) 1-327
2026-10-08 10:51:49,020 INFO o.a.j.t.JMeterThread: Thread is done: POST tickets (intake) 1-234
2026-10-08 10:51:49,020 INFO o.a.j.t.JMeterThread: Thread finished: POST tickets (intake) 1-234
2026-10-08 10:51:53,019 INFO o.a.j.t.JMeterThread: Thread is done: POST tickets (intake) 1-235
2026-10-08 10:51:53,019 INFO o.a.j.t.JMeterThread: Thread finished: POST tickets (intake) 1-235
2026-10-08 10:51:54,462 INFO o.a.j.t.JMeterThread: Thread started: POST tickets (intake) 1-328
2026-10-08 10:51:55,166 INFO o.a.j.t.JMeterThread: Thread is done: POST tickets (intake) 1-236
2026-10-08 10:51:55,166 INFO o.a.j.t.JMeterThread: Thread finished: POST tickets (intake) 1-236
2026-10-08 10:51:56,579 INFO o.a.j.t.JMeterThread: Thread is done: POST tickets (intake) 1-237
2026-10-08 10:51:56,579 INFO o.a.j.t.JMeterThread: Thread finished: POST tickets (intake) 1-237
2026-10-08 10:51:56,608 INFO o.a.j.t.JMeterThread: Thread started: GET search (agents) 2-193
2026-10-08 10:51:56,706 INFO o.a.j.t.JMeterThread: Thread is done: GET search (agents) 2-193
2026-10-08 10:51:56,706 INFO o.a.j.t.JMeterThread: Thread finished: GET search (agents) 2-193
2026-10-08 10:51:58,318 INFO o.a.j.t.JMeterThread: Thread is done: POST tickets (intake) 1-238
2026-10-08 10:51:58,319 INFO o.a.j.t.JMeterThread: Thread finished: POST tickets (intake) 1-238
2026-10-08 10:51:59,105 INFO o.a.j.t.JMeterThread: Thread is done: POST tickets (intake) 1-239
2026-10-08 10:51:59,105 INFO o.a.j.t.JMeterThread: Thread finished: POST tickets (intake) 1-239
2026-10-08 10:52:04,775 INFO o.a.j.t.JMeterThread: Thread started: POST tickets (intake) 1-329
2026-10-08 10:52:05,320 INFO o.a.j.r.Summariser: summary +     11 in 00:00:34 =    0.3/s Avg: 245176 Min:    56 Max: 300067 Err:     8 (72.73%) Active: 90 Started: 522 Finished: 432
2026-10-08 10:52:05,320 INFO o.a.j.r.Summariser: summary =    433 in 00:36:56 =    0.2/s Avg: 56546 Min:    12 Max: 300067 Err:    18 (4.16%)
2026-10-08 10:52:05,321 INFO o.a.j.t.JMeterThread: Thread is done: POST tickets (intake) 1-240
2026-10-08 10:52:05,321 INFO o.a.j.t.JMeterThread: Thread finished: POST tickets (intake) 1-240
2026-10-08 10:52:06,014 INFO o.a.j.t.JMeterThread: Thread started: GET search (agents) 2-194
2026-10-08 10:52:06,060 INFO o.a.j.t.JMeterThread: Thread is done: GET search (agents) 2-194
2026-10-08 10:52:06,060 INFO o.a.j.t.JMeterThread: Thread finished: GET search (agents) 2-194
2026-10-08 10:52:07,004 INFO o.a.j.t.JMeterThread: Thread started: POST tickets (intake) 1-330
2026-10-08 10:52:07,093 INFO o.a.j.t.JMeterThread: Thread started: POST tickets (intake) 1-331
2026-10-08 10:52:10,129 INFO o.a.j.t.JMeterThread: Thread started: POST tickets (intake) 1-332
2026-10-08 10:52:13,250 INFO o.a.j.t.JMeterThread: Thread is done: POST tickets (intake) 1-241
2026-10-08 10:52:13,250 INFO o.a.j.t.JMeterThread: Thread finished: POST tickets (intake) 1-241
2026-10-08 10:52:13,906 INFO o.a.j.t.JMeterThread: Thread started: GET search (agents) 2-195
2026-10-08 10:52:13,938 INFO o.a.j.t.JMeterThread: Thread started: POST tickets (intake) 1-333
2026-10-08 10:52:13,940 INFO o.a.j.t.JMeterThread: Thread is done: GET search (agents) 2-195
2026-10-08 10:52:13,940 INFO o.a.j.t.JMeterThread: Thread finished: GET search (agents) 2-195
2026-10-08 10:52:15,618 INFO o.a.j.t.JMeterThread: Thread is done: POST tickets (intake) 1-242
2026-10-08 10:52:15,618 INFO o.a.j.t.JMeterThread: Thread finished: POST tickets (intake) 1-242
2026-10-08 10:52:15,746 INFO o.a.j.t.JMeterThread: Thread started: GET search (agents) 2-196
2026-10-08 10:52:15,813 INFO o.a.j.t.JMeterThread: Thread is done: GET search (agents) 2-196
2026-10-08 10:52:15,813 INFO o.a.j.t.JMeterThread: Thread finished: GET search (agents) 2-196
2026-10-08 10:52:17,570 INFO o.a.j.t.JMeterThread: Thread started: POST tickets (intake) 1-334
2026-10-08 10:52:21,848 INFO o.a.j.t.JMeterThread: Thread started: POST tickets (intake) 1-335
2026-10-08 10:52:21,959 INFO o.a.j.t.JMeterThread: Thread started: GET search (agents) 2-197
2026-10-08 10:52:22,015 INFO o.a.j.t.JMeterThread: Thread is done: GET search (agents) 2-197
2026-10-08 10:52:22,015 INFO o.a.j.t.JMeterThread: Thread finished: GET search (agents) 2-197
2026-10-08 10:52:23,228 INFO o.a.j.t.JMeterThread: Thread started: POST tickets (intake) 1-336
2026-10-08 10:52:25,096 INFO o.a.j.t.JMeterThread: Thread is done: POST tickets (intake) 1-243
2026-10-08 10:52:25,096 INFO o.a.j.t.JMeterThread: Thread finished: POST tickets (intake) 1-243
2026-10-08 10:52:25,100 INFO o.a.j.t.JMeterThread: Thread started: POST tickets (intake) 1-337
2026-10-08 10:52:26,359 INFO o.a.j.t.JMeterThread: Thread started: POST tickets (intake) 1-338
2026-10-08 10:52:26,409 INFO o.a.j.t.JMeterThread: Thread started: POST tickets (intake) 1-339
2026-10-08 10:52:30,450 INFO o.a.j.r.Summariser: summary +      8 in 00:00:25 =    0.3/s Avg: 148504 Min:    35 Max: 300023 Err:     1 (12.50%) Active: 96 Started: 536 Finished: 440
2026-10-08 10:52:30,450 INFO o.a.j.r.Summariser: summary =    441 in 00:37:21 =    0.2/s Avg: 58214 Min:    12 Max: 300067 Err:    19 (4.31%)
2026-10-08 10:52:30,450 INFO o.a.j.t.JMeterThread: Thread is done: POST tickets (intake) 1-244
2026-10-08 10:52:30,450 INFO o.a.j.t.JMeterThread: Thread finished: POST tickets (intake) 1-244
2026-10-08 10:52:31,032 INFO o.a.j.t.JMeterThread: Thread started: POST tickets (intake) 1-340
2026-10-08 10:52:37,517 INFO o.a.j.t.JMeterThread: Thread started: GET search (agents) 2-198
2026-10-08 10:52:37,558 INFO o.a.j.t.JMeterThread: Thread is done: GET search (agents) 2-198
2026-10-08 10:52:37,558 INFO o.a.j.t.JMeterThread: Thread finished: GET search (agents) 2-198
2026-10-08 10:52:38,154 INFO o.a.j.t.JMeterThread: Thread started: POST tickets (intake) 1-341
2026-10-08 10:52:38,891 INFO o.a.j.t.JMeterThread: Thread is done: POST tickets (intake) 1-245
2026-10-08 10:52:38,891 INFO o.a.j.t.JMeterThread: Thread finished: POST tickets (intake) 1-245
2026-10-08 10:52:40,287 INFO o.a.j.t.JMeterThread: Thread started: GET search (agents) 2-199
2026-10-08 10:52:40,331 INFO o.a.j.t.JMeterThread: Thread is done: GET search (agents) 2-199
2026-10-08 10:52:40,331 INFO o.a.j.t.JMeterThread: Thread finished: GET search (agents) 2-199
2026-10-08 10:52:41,646 INFO o.a.j.t.JMeterThread: Thread started: POST tickets (intake) 1-342
2026-10-08 10:52:47,334 INFO o.a.j.t.JMeterThread: Thread is done: POST tickets (intake) 1-246
2026-10-08 10:52:47,334 INFO o.a.j.t.JMeterThread: Thread finished: POST tickets (intake) 1-246
2026-10-08 10:52:48,162 INFO o.a.j.t.JMeterThread: Thread started: POST tickets (intake) 1-343
2026-10-08 10:52:49,645 INFO o.a.j.t.JMeterThread: Thread is done: POST tickets (intake) 1-247
2026-10-08 10:52:49,645 INFO o.a.j.t.JMeterThread: Thread finished: POST tickets (intake) 1-247
2026-10-08 10:52:51,738 INFO o.a.j.t.JMeterThread: Thread started: POST tickets (intake) 1-344
2026-10-08 10:52:52,929 INFO o.a.j.t.JMeterThread: Thread is done: POST tickets (intake) 1-248
2026-10-08 10:52:52,929 INFO o.a.j.t.JMeterThread: Thread finished: POST tickets (intake) 1-248
2026-10-08 10:52:53,892 INFO o.a.j.t.JMeterThread: Thread started: GET search (agents) 2-200
2026-10-08 10:52:53,920 INFO o.a.j.t.JMeterThread: Thread is done: GET search (agents) 2-200
2026-10-08 10:52:53,921 INFO o.a.j.t.JMeterThread: Thread finished: GET search (agents) 2-200
2026-10-08 10:52:54,742 INFO o.a.j.t.JMeterThread: Thread started: POST tickets (intake) 1-345
2026-10-08 10:52:55,310 INFO o.a.j.t.JMeterThread: Thread is done: POST tickets (intake) 1-249
2026-10-08 10:52:55,310 INFO o.a.j.t.JMeterThread: Thread finished: POST tickets (intake) 1-249
2026-10-08 10:52:55,677 INFO o.a.j.t.JMeterThread: Thread started: GET search (agents) 2-201
2026-10-08 10:52:55,821 INFO o.a.j.t.JMeterThread: Thread is done: GET search (agents) 2-201
2026-10-08 10:52:55,821 INFO o.a.j.t.JMeterThread: Thread finished: GET search (agents) 2-201
2026-10-08 10:52:56,454 INFO o.a.j.t.JMeterThread: Thread started: GET search (agents) 2-202
2026-10-08 10:52:56,611 INFO o.a.j.t.JMeterThread: Thread is done: GET search (agents) 2-202
2026-10-08 10:52:56,611 INFO o.a.j.t.JMeterThread: Thread finished: GET search (agents) 2-202
2026-10-08 10:52:56,797 INFO o.a.j.t.JMeterThread: Thread is done: POST tickets (intake) 1-250
2026-10-08 10:52:56,797 INFO o.a.j.t.JMeterThread: Thread finished: POST tickets (intake) 1-250
2026-10-08 10:52:58,586 INFO o.a.j.t.JMeterThread: Thread started: POST tickets (intake) 1-346
2026-10-08 10:52:58,874 INFO o.a.j.t.JMeterThread: Thread is done: POST tickets (intake) 1-251
2026-10-08 10:52:58,874 INFO o.a.j.t.JMeterThread: Thread finished: POST tickets (intake) 1-251
2026-10-08 10:53:00,307 INFO o.a.j.r.Summariser: summary +     13 in 00:00:30 =    0.4/s Avg: 184329 Min:    28 Max: 300049 Err:     7 (53.85%) Active: 95 Started: 548 Finished: 453
2026-10-08 10:53:00,307 INFO o.a.j.r.Summariser: summary =    454 in 00:37:51 =    0.2/s Avg: 61825 Min:    12 Max: 300067 Err:    26 (5.73%)
2026-10-08 10:53:00,307 INFO o.a.j.t.JMeterThread: Thread is done: POST tickets (intake) 1-252
2026-10-08 10:53:00,307 INFO o.a.j.t.JMeterThread: Thread finished: POST tickets (intake) 1-252
2026-10-08 10:53:00,644 INFO o.a.j.t.JMeterThread: Thread started: POST tickets (intake) 1-347
2026-10-08 10:53:01,046 INFO o.a.j.t.JMeterThread: Thread started: POST tickets (intake) 1-348
2026-10-08 10:53:02,695 INFO o.a.j.t.JMeterThread: Thread started: POST tickets (intake) 1-349
2026-10-08 10:53:05,668 INFO o.a.j.t.JMeterThread: Thread started: POST tickets (intake) 1-350
2026-10-08 10:53:06,535 INFO o.a.j.t.JMeterThread: Thread is done: POST tickets (intake) 1-253
2026-10-08 10:53:06,535 INFO o.a.j.t.JMeterThread: Thread finished: POST tickets (intake) 1-253
2026-10-08 10:53:09,425 INFO o.a.j.t.JMeterThread: Thread started: POST tickets (intake) 1-351
2026-10-08 10:53:10,489 INFO o.a.j.t.JMeterThread: Thread is done: POST tickets (intake) 1-254
2026-10-08 10:53:10,490 INFO o.a.j.t.JMeterThread: Thread finished: POST tickets (intake) 1-254
2026-10-08 10:53:11,273 INFO o.a.j.t.JMeterThread: Thread started: POST tickets (intake) 1-352
2026-10-08 10:53:12,825 INFO o.a.j.t.JMeterThread: Thread is done: POST tickets (intake) 1-255
2026-10-08 10:53:12,825 INFO o.a.j.t.JMeterThread: Thread finished: POST tickets (intake) 1-255
2026-10-08 10:53:13,520 INFO o.a.j.t.JMeterThread: Thread is done: POST tickets (intake) 1-256
2026-10-08 10:53:13,520 INFO o.a.j.t.JMeterThread: Thread finished: POST tickets (intake) 1-256
2026-10-08 10:53:14,806 INFO o.a.j.t.JMeterThread: Thread is done: POST tickets (intake) 1-257
2026-10-08 10:53:14,806 INFO o.a.j.t.JMeterThread: Thread finished: POST tickets (intake) 1-257
2026-10-08 10:53:17,250 INFO o.a.j.t.JMeterThread: Thread started: POST tickets (intake) 1-353
2026-10-08 10:53:18,208 INFO o.a.j.t.JMeterThread: Thread is done: POST tickets (intake) 1-258
2026-10-08 10:53:18,208 INFO o.a.j.t.JMeterThread: Thread finished: POST tickets (intake) 1-258
2026-10-08 10:53:20,018 INFO o.a.j.t.JMeterThread: Thread is done: POST tickets (intake) 1-259
2026-10-08 10:53:20,018 INFO o.a.j.t.JMeterThread: Thread finished: POST tickets (intake) 1-259
2026-10-08 10:53:21,196 INFO o.a.j.t.JMeterThread: Thread is done: POST tickets (intake) 1-260
2026-10-08 10:53:21,196 INFO o.a.j.t.JMeterThread: Thread finished: POST tickets (intake) 1-260
2026-10-08 10:53:21,244 INFO o.a.j.t.JMeterThread: Thread started: POST tickets (intake) 1-354
2026-10-08 10:53:21,460 INFO o.a.j.t.JMeterThread: Thread started: POST tickets (intake) 1-355
2026-10-08 10:53:21,557 INFO o.a.j.t.JMeterThread: Thread started: POST tickets (intake) 1-356
2026-10-08 10:53:22,442 INFO o.a.j.t.JMeterThread: Thread started: POST tickets (intake) 1-357
2026-10-08 10:53:22,721 INFO o.a.j.t.JMeterThread: Thread is done: POST tickets (intake) 1-261
2026-10-08 10:53:22,721 INFO o.a.j.t.JMeterThread: Thread finished: POST tickets (intake) 1-261
2026-10-08 10:53:27,053 INFO o.a.j.t.JMeterThread: Thread is done: POST tickets (intake) 1-262
2026-10-08 10:53:27,053 INFO o.a.j.t.JMeterThread: Thread finished: POST tickets (intake) 1-262
2026-10-08 10:53:28,131 INFO o.a.j.t.JMeterThread: Thread started: POST tickets (intake) 1-358
2026-10-08 10:53:34,728 INFO o.a.j.r.Summariser: summary +     11 in 00:00:34 =    0.3/s Avg: 299942 Min: 298923 Max: 300086 Err:    10 (90.91%) Active: 96 Started: 560 Finished: 464
2026-10-08 10:53:34,728 INFO o.a.j.r.Summariser: summary =    465 in 00:38:25 =    0.2/s Avg: 67458 Min:    12 Max: 300086 Err:    36 (7.74%)
2026-10-08 10:53:34,728 INFO o.a.j.t.JMeterThread: Thread is done: POST tickets (intake) 1-263
2026-10-08 10:53:34,728 INFO o.a.j.t.JMeterThread: Thread finished: POST tickets (intake) 1-263
2026-10-08 10:53:35,061 INFO o.a.j.t.JMeterThread: Thread is done: POST tickets (intake) 1-264
2026-10-08 10:53:35,061 INFO o.a.j.t.JMeterThread: Thread finished: POST tickets (intake) 1-264
2026-10-08 10:53:35,667 INFO o.a.j.t.JMeterThread: Thread started: POST tickets (intake) 1-359
2026-10-08 10:53:41,036 INFO o.a.j.t.JMeterThread: Thread started: POST tickets (intake) 1-360
2026-10-08 10:53:43,621 INFO o.a.j.t.JMeterThread: Thread is done: POST tickets (intake) 1-265
2026-10-08 10:53:43,621 INFO o.a.j.t.JMeterThread: Thread finished: POST tickets (intake) 1-265
2026-10-08 10:53:44,376 INFO o.a.j.t.JMeterThread: Thread started: POST tickets (intake) 1-361
2026-10-08 10:53:45,002 INFO o.a.j.t.JMeterThread: Thread started: GET search (agents) 2-203
2026-10-08 10:53:45,064 INFO o.a.j.t.JMeterThread: Thread is done: GET search (agents) 2-203
2026-10-08 10:53:45,064 INFO o.a.j.t.JMeterThread: Thread finished: GET search (agents) 2-203
2026-10-08 10:53:50,435 INFO o.a.j.t.JMeterThread: Thread is done: POST tickets (intake) 1-267
2026-10-08 10:53:50,435 INFO o.a.j.t.JMeterThread: Thread finished: POST tickets (intake) 1-267
2026-10-08 10:53:53,332 INFO o.a.j.t.JMeterThread: Thread started: GET search (agents) 2-204
2026-10-08 10:53:53,368 INFO o.a.j.t.JMeterThread: Thread is done: GET search (agents) 2-204
2026-10-08 10:53:53,369 INFO o.a.j.t.JMeterThread: Thread finished: GET search (agents) 2-204
2026-10-08 10:53:54,751 INFO o.a.j.t.JMeterThread: Thread is done: POST tickets (intake) 1-266
2026-10-08 10:53:54,752 INFO o.a.j.t.JMeterThread: Thread finished: POST tickets (intake) 1-266
2026-10-08 10:53:56,328 INFO o.a.j.t.JMeterThread: Thread is done: POST tickets (intake) 1-268
2026-10-08 10:53:56,328 INFO o.a.j.t.JMeterThread: Thread finished: POST tickets (intake) 1-268
2026-10-08 10:53:57,336 INFO o.a.j.t.JMeterThread: Thread is done: POST tickets (intake) 1-269
2026-10-08 10:53:57,336 INFO o.a.j.t.JMeterThread: Thread finished: POST tickets (intake) 1-269
2026-10-08 10:53:59,139 INFO o.a.j.t.JMeterThread: Thread is done: POST tickets (intake) 1-270
2026-10-08 10:53:59,139 INFO o.a.j.t.JMeterThread: Thread finished: POST tickets (intake) 1-270
2026-10-08 10:54:01,789 INFO o.a.j.t.JMeterThread: Thread started: POST tickets (intake) 1-362
2026-10-08 10:54:01,793 INFO o.a.j.t.JMeterThread: Thread started: POST tickets (intake) 1-363
2026-10-08 10:54:02,708 INFO o.a.j.t.JMeterThread: Thread started: POST tickets (intake) 1-364
2026-10-08 10:54:04,111 INFO o.a.j.r.Summariser: summary +     10 in 00:00:29 =    0.3/s Avg: 238590 Min:    36 Max: 300084 Err:     5 (50.00%) Active: 94 Started: 568 Finished: 474
2026-10-08 10:54:04,112 INFO o.a.j.r.Summariser: summary =    475 in 00:38:54 =    0.2/s Avg: 71061 Min:    12 Max: 300086 Err:    41 (8.63%)
2026-10-08 10:54:04,112 INFO o.a.j.t.JMeterThread: Thread is done: POST tickets (intake) 1-271
2026-10-08 10:54:04,112 INFO o.a.j.t.JMeterThread: Thread finished: POST tickets (intake) 1-271
2026-10-08 10:54:04,763 INFO o.a.j.t.JMeterThread: Thread started: POST tickets (intake) 1-365
2026-10-08 10:54:05,870 INFO o.a.j.t.JMeterThread: Thread is done: POST tickets (intake) 1-272
2026-10-08 10:54:05,870 INFO o.a.j.t.JMeterThread: Thread finished: POST tickets (intake) 1-272
2026-10-08 10:54:06,516 INFO o.a.j.t.JMeterThread: Thread is done: POST tickets (intake) 1-273
2026-10-08 10:54:06,516 INFO o.a.j.t.JMeterThread: Thread finished: POST tickets (intake) 1-273
2026-10-08 10:54:10,460 INFO o.a.j.t.JMeterThread: Thread is done: POST tickets (intake) 1-274
2026-10-08 10:54:10,460 INFO o.a.j.t.JMeterThread: Thread finished: POST tickets (intake) 1-274
2026-10-08 10:54:11,520 INFO o.a.j.t.JMeterThread: Thread started: POST tickets (intake) 1-366
2026-10-08 10:54:14,535 INFO o.a.j.t.JMeterThread: Thread is done: POST tickets (intake) 1-275
2026-10-08 10:54:14,536 INFO o.a.j.t.JMeterThread: Thread finished: POST tickets (intake) 1-275
2026-10-08 10:54:15,601 INFO o.a.j.t.JMeterThread: Thread is done: POST tickets (intake) 1-276
2026-10-08 10:54:15,601 INFO o.a.j.t.JMeterThread: Thread finished: POST tickets (intake) 1-276
2026-10-08 10:54:17,754 INFO o.a.j.t.JMeterThread: Thread is done: POST tickets (intake) 1-277
2026-10-08 10:54:17,754 INFO o.a.j.t.JMeterThread: Thread finished: POST tickets (intake) 1-277
2026-10-08 10:54:18,406 INFO o.a.j.t.JMeterThread: Thread started: POST tickets (intake) 1-367
2026-10-08 10:54:20,893 INFO o.a.j.t.JMeterThread: Thread started: POST tickets (intake) 1-368
2026-10-08 10:54:22,155 INFO o.a.j.t.JMeterThread: Thread is done: POST tickets (intake) 1-278
2026-10-08 10:54:22,155 INFO o.a.j.t.JMeterThread: Thread finished: POST tickets (intake) 1-278
2026-10-08 10:54:28,235 INFO o.a.j.t.JMeterThread: Thread is done: POST tickets (intake) 1-279
2026-10-08 10:54:28,235 INFO o.a.j.t.JMeterThread: Thread finished: POST tickets (intake) 1-279
2026-10-08 10:54:32,255 INFO o.a.j.r.Summariser: summary +      9 in 00:00:28 =    0.3/s Avg: 300037 Min: 300012 Max: 300059 Err:     9 (100.00%) Active: 89 Started: 572 Finished: 483
2026-10-08 10:54:32,255 INFO o.a.j.r.Summariser: summary =    484 in 00:39:23 =    0.2/s Avg: 75319 Min:    12 Max: 300086 Err:    50 (10.33%)
2026-10-08 10:54:32,255 INFO o.a.j.t.JMeterThread: Thread is done: POST tickets (intake) 1-280
2026-10-08 10:54:32,255 INFO o.a.j.t.JMeterThread: Thread finished: POST tickets (intake) 1-280
2026-10-08 10:54:33,577 INFO o.a.j.t.JMeterThread: Thread is done: POST tickets (intake) 1-281
2026-10-08 10:54:33,577 INFO o.a.j.t.JMeterThread: Thread finished: POST tickets (intake) 1-281
2026-10-08 10:54:34,935 INFO o.a.j.t.JMeterThread: Thread started: POST tickets (intake) 1-369
2026-10-08 10:54:35,641 INFO o.a.j.t.JMeterThread: Thread is done: POST tickets (intake) 1-282
2026-10-08 10:54:35,641 INFO o.a.j.t.JMeterThread: Thread finished: POST tickets (intake) 1-282
2026-10-08 10:54:36,414 INFO o.a.j.t.JMeterThread: Thread started: POST tickets (intake) 1-370
2026-10-08 10:54:36,435 INFO o.a.j.t.JMeterThread: Thread started: POST tickets (intake) 1-371
2026-10-08 10:54:37,721 INFO o.a.j.t.JMeterThread: Thread is done: POST tickets (intake) 1-283
2026-10-08 10:54:37,721 INFO o.a.j.t.JMeterThread: Thread finished: POST tickets (intake) 1-283
2026-10-08 10:54:38,567 INFO o.a.j.t.JMeterThread: Thread started: POST tickets (intake) 1-372
2026-10-08 10:54:40,941 INFO o.a.j.t.JMeterThread: Thread started: POST tickets (intake) 1-373
2026-10-08 10:54:41,426 INFO o.a.j.t.JMeterThread: Thread started: POST tickets (intake) 1-374
2026-10-08 10:54:41,734 INFO o.a.j.t.JMeterThread: Thread started: POST tickets (intake) 1-375
2026-10-08 10:54:42,390 INFO o.a.j.t.JMeterThread: Thread is done: POST tickets (intake) 1-284
2026-10-08 10:54:42,390 INFO o.a.j.t.JMeterThread: Thread finished: POST tickets (intake) 1-284
2026-10-08 10:54:42,414 INFO o.a.j.t.JMeterThread: Thread started: GET search (agents) 2-205
2026-10-08 10:54:42,455 INFO o.a.j.t.JMeterThread: Thread is done: GET search (agents) 2-205
2026-10-08 10:54:42,455 INFO o.a.j.t.JMeterThread: Thread finished: GET search (agents) 2-205
2026-10-08 10:54:43,827 INFO o.a.j.t.JMeterThread: Thread started: POST tickets (intake) 1-376
2026-10-08 10:54:45,247 INFO o.a.j.t.JMeterThread: Thread started: POST tickets (intake) 1-377
2026-10-08 10:54:46,673 INFO o.a.j.t.JMeterThread: Thread started: POST tickets (intake) 1-378
2026-10-08 10:54:46,777 INFO o.a.j.t.JMeterThread: Thread started: GET search (agents) 2-206
2026-10-08 10:54:46,913 INFO o.a.j.t.JMeterThread: Thread is done: GET search (agents) 2-206
2026-10-08 10:54:46,913 INFO o.a.j.t.JMeterThread: Thread finished: GET search (agents) 2-206
2026-10-08 10:54:48,002 INFO o.a.j.t.JMeterThread: Thread started: POST tickets (intake) 1-379
2026-10-08 10:54:48,247 INFO o.a.j.t.JMeterThread: Thread started: GET search (agents) 2-207
2026-10-08 10:54:48,289 INFO o.a.j.t.JMeterThread: Thread is done: GET search (agents) 2-207
2026-10-08 10:54:48,289 INFO o.a.j.t.JMeterThread: Thread finished: GET search (agents) 2-207
2026-10-08 10:54:49,581 INFO o.a.j.t.JMeterThread: Thread started: POST tickets (intake) 1-380
2026-10-08 10:54:49,692 INFO o.a.j.t.JMeterThread: Thread is done: POST tickets (intake) 1-285
2026-10-08 10:54:49,692 INFO o.a.j.t.JMeterThread: Thread finished: POST tickets (intake) 1-285
2026-10-08 10:54:51,716 INFO o.a.j.t.JMeterThread: Thread started: POST tickets (intake) 1-381
2026-10-08 10:54:52,434 INFO o.a.j.t.JMeterThread: Thread is done: POST tickets (intake) 1-286
2026-10-08 10:54:52,434 INFO o.a.j.t.JMeterThread: Thread finished: POST tickets (intake) 1-286
2026-10-08 10:54:53,503 INFO o.a.j.t.JMeterThread: Thread started: POST tickets (intake) 1-382
2026-10-08 10:54:53,510 INFO o.a.j.t.JMeterThread: Thread is done: POST tickets (intake) 1-287
2026-10-08 10:54:53,510 INFO o.a.j.t.JMeterThread: Thread finished: POST tickets (intake) 1-287
2026-10-08 10:54:53,613 INFO o.a.j.t.JMeterThread: Thread started: POST tickets (intake) 1-383
2026-10-08 10:54:53,641 INFO o.a.j.t.JMeterThread: Thread started: GET search (agents) 2-208
2026-10-08 10:54:53,677 INFO o.a.j.t.JMeterThread: Thread is done: GET search (agents) 2-208
2026-10-08 10:54:53,677 INFO o.a.j.t.JMeterThread: Thread finished: GET search (agents) 2-208
2026-10-08 10:54:53,764 INFO o.a.j.t.JMeterThread: Thread is done: POST tickets (intake) 1-288
2026-10-08 10:54:53,764 INFO o.a.j.t.JMeterThread: Thread finished: POST tickets (intake) 1-288
2026-10-08 10:54:56,259 INFO o.a.j.t.JMeterThread: Thread started: POST tickets (intake) 1-384
2026-10-08 10:54:57,841 INFO o.a.j.t.JMeterThread: Thread started: POST tickets (intake) 1-385
2026-10-08 10:55:02,840 INFO o.a.j.t.JMeterThread: Thread started: POST tickets (intake) 1-386
2026-10-08 10:55:03,032 INFO o.a.j.r.Summariser: summary +     13 in 00:00:31 =    0.4/s Avg: 207723 Min:    36 Max: 300061 Err:     8 (61.54%) Active: 98 Started: 594 Finished: 496
2026-10-08 10:55:03,032 INFO o.a.j.r.Summariser: summary =    497 in 00:39:53 =    0.2/s Avg: 78782 Min:    12 Max: 300086 Err:    58 (11.67%)
2026-10-08 10:55:03,032 INFO o.a.j.t.JMeterThread: Thread is done: POST tickets (intake) 1-289
2026-10-08 10:55:03,032 INFO o.a.j.t.JMeterThread: Thread finished: POST tickets (intake) 1-289
2026-10-08 10:55:04,268 INFO o.a.j.t.JMeterThread: Thread is done: POST tickets (intake) 1-290
2026-10-08 10:55:04,268 INFO o.a.j.t.JMeterThread: Thread finished: POST tickets (intake) 1-290
2026-10-08 10:55:08,600 INFO o.a.j.t.JMeterThread: Thread is done: POST tickets (intake) 1-291
2026-10-08 10:55:08,601 INFO o.a.j.t.JMeterThread: Thread finished: POST tickets (intake) 1-291
2026-10-08 10:55:08,841 INFO o.a.j.t.JMeterThread: Thread started: POST tickets (intake) 1-387
2026-10-08 10:55:10,900 INFO o.a.j.t.JMeterThread: Thread is done: POST tickets (intake) 1-292
2026-10-08 10:55:10,900 INFO o.a.j.t.JMeterThread: Thread finished: POST tickets (intake) 1-292
2026-10-08 10:55:15,601 INFO o.a.j.t.JMeterThread: Thread started: POST tickets (intake) 1-388
2026-10-08 10:55:18,031 INFO o.a.j.t.JMeterThread: Thread is done: POST tickets (intake) 1-293
2026-10-08 10:55:18,032 INFO o.a.j.t.JMeterThread: Thread finished: POST tickets (intake) 1-293
2026-10-08 10:55:18,501 INFO o.a.j.t.JMeterThread: Thread started: POST tickets (intake) 1-389
2026-10-08 10:55:22,771 INFO o.a.j.t.JMeterThread: Thread started: POST tickets (intake) 1-390
2026-10-08 10:55:24,959 INFO o.a.j.t.JMeterThread: Thread is done: POST tickets (intake) 1-294
2026-10-08 10:55:24,959 INFO o.a.j.t.JMeterThread: Thread finished: POST tickets (intake) 1-294
2026-10-08 10:55:25,396 INFO o.a.j.t.JMeterThread: Thread is done: POST tickets (intake) 1-295
2026-10-08 10:55:25,396 INFO o.a.j.t.JMeterThread: Thread finished: POST tickets (intake) 1-295
2026-10-08 10:55:27,518 INFO o.a.j.t.JMeterThread: Thread started: POST tickets (intake) 1-391
2026-10-08 10:55:28,694 INFO o.a.j.t.JMeterThread: Thread is done: POST tickets (intake) 1-296
2026-10-08 10:55:28,694 INFO o.a.j.t.JMeterThread: Thread finished: POST tickets (intake) 1-296
2026-10-08 10:55:31,921 INFO o.a.j.t.JMeterThread: Thread started: POST tickets (intake) 1-392
2026-10-08 10:55:31,995 INFO o.a.j.r.Summariser: summary +      8 in 00:00:29 =    0.3/s Avg: 300030 Min: 300017 Max: 300046 Err:     8 (100.00%) Active: 96 Started: 600 Finished: 504
2026-10-08 10:55:31,995 INFO o.a.j.r.Summariser: summary =    505 in 00:40:22 =    0.2/s Avg: 82287 Min:    12 Max: 300086 Err:    66 (13.07%)
2026-10-08 10:55:31,995 INFO o.a.j.t.JMeterThread: Thread is done: POST tickets (intake) 1-297
2026-10-08 10:55:31,995 INFO o.a.j.t.JMeterThread: Thread finished: POST tickets (intake) 1-297
2026-10-08 10:55:34,454 INFO o.a.j.t.JMeterThread: Thread started: POST tickets (intake) 1-393
2026-10-08 10:55:36,169 INFO o.a.j.t.JMeterThread: Thread is done: POST tickets (intake) 1-298
2026-10-08 10:55:36,169 INFO o.a.j.t.JMeterThread: Thread finished: POST tickets (intake) 1-298
2026-10-08 10:55:36,861 INFO o.a.j.t.JMeterThread: Thread started: GET search (agents) 2-209
2026-10-08 10:55:36,891 INFO o.a.j.t.JMeterThread: Thread is done: GET search (agents) 2-209
2026-10-08 10:55:36,891 INFO o.a.j.t.JMeterThread: Thread finished: GET search (agents) 2-209
2026-10-08 10:55:40,183 INFO o.a.j.t.JMeterThread: Thread is done: POST tickets (intake) 1-299
2026-10-08 10:55:40,183 INFO o.a.j.t.JMeterThread: Thread finished: POST tickets (intake) 1-299
2026-10-08 10:55:42,463 INFO o.a.j.t.JMeterThread: Thread started: POST tickets (intake) 1-394
2026-10-08 10:55:42,668 INFO o.a.j.t.JMeterThread: Thread started: POST tickets (intake) 1-395
2026-10-08 10:55:42,930 INFO o.a.j.t.JMeterThread: Thread started: POST tickets (intake) 1-396
2026-10-08 10:55:44,267 INFO o.a.j.t.JMeterThread: Thread started: GET search (agents) 2-210
2026-10-08 10:55:44,334 INFO o.a.j.t.JMeterThread: Thread is done: GET search (agents) 2-210
2026-10-08 10:55:44,334 INFO o.a.j.t.JMeterThread: Thread finished: GET search (agents) 2-210
2026-10-08 10:55:45,245 INFO o.a.j.t.JMeterThread: Thread started: POST tickets (intake) 1-397
2026-10-08 10:55:47,385 INFO o.a.j.t.JMeterThread: Thread is done: POST tickets (intake) 1-300
2026-10-08 10:55:47,385 INFO o.a.j.t.JMeterThread: Thread finished: POST tickets (intake) 1-300
2026-10-08 10:55:47,649 INFO o.a.j.t.JMeterThread: Thread is done: POST tickets (intake) 1-301
2026-10-08 10:55:47,649 INFO o.a.j.t.JMeterThread: Thread finished: POST tickets (intake) 1-301
2026-10-08 10:55:48,476 INFO o.a.j.t.JMeterThread: Thread is done: POST tickets (intake) 1-302
2026-10-08 10:55:48,476 INFO o.a.j.t.JMeterThread: Thread finished: POST tickets (intake) 1-302
2026-10-08 10:55:48,920 INFO o.a.j.t.JMeterThread: Thread is done: POST tickets (intake) 1-303
2026-10-08 10:55:48,920 INFO o.a.j.t.JMeterThread: Thread finished: POST tickets (intake) 1-303
2026-10-08 10:55:49,233 INFO o.a.j.t.JMeterThread: Thread is done: POST tickets (intake) 1-304
2026-10-08 10:55:49,233 INFO o.a.j.t.JMeterThread: Thread finished: POST tickets (intake) 1-304
2026-10-08 10:55:49,633 INFO o.a.j.t.JMeterThread: Thread started: POST tickets (intake) 1-398
2026-10-08 10:55:51,407 INFO o.a.j.t.JMeterThread: Thread started: GET search (agents) 2-211
2026-10-08 10:55:51,512 INFO o.a.j.t.JMeterThread: Thread is done: GET search (agents) 2-211
2026-10-08 10:55:51,512 INFO o.a.j.t.JMeterThread: Thread finished: GET search (agents) 2-211
2026-10-08 10:55:52,184 INFO o.a.j.t.JMeterThread: Thread started: POST tickets (intake) 1-399
2026-10-08 10:55:52,715 INFO o.a.j.t.JMeterThread: Thread is done: POST tickets (intake) 1-305
2026-10-08 10:55:52,715 INFO o.a.j.t.JMeterThread: Thread finished: POST tickets (intake) 1-305
2026-10-08 10:55:53,077 INFO o.a.j.t.JMeterThread: Thread started: GET search (agents) 2-212
2026-10-08 10:55:53,161 INFO o.a.j.t.JMeterThread: Thread is done: GET search (agents) 2-212
2026-10-08 10:55:53,161 INFO o.a.j.t.JMeterThread: Thread finished: GET search (agents) 2-212
2026-10-08 10:55:54,017 INFO o.a.j.t.JMeterThread: Thread started: POST tickets (intake) 1-400
2026-10-08 10:55:54,646 INFO o.a.j.t.JMeterThread: Thread started: POST tickets (intake) 1-401
2026-10-08 10:55:54,690 INFO o.a.j.t.JMeterThread: Thread is done: POST tickets (intake) 1-306
2026-10-08 10:55:54,690 INFO o.a.j.t.JMeterThread: Thread finished: POST tickets (intake) 1-306
2026-10-08 10:55:55,801 INFO o.a.j.t.JMeterThread: Thread is done: POST tickets (intake) 1-307
2026-10-08 10:55:55,801 INFO o.a.j.t.JMeterThread: Thread finished: POST tickets (intake) 1-307
2026-10-08 10:55:59,557 INFO o.a.j.t.JMeterThread: Thread started: GET search (agents) 2-213
2026-10-08 10:55:59,635 INFO o.a.j.t.JMeterThread: Thread is done: GET search (agents) 2-213
2026-10-08 10:55:59,635 INFO o.a.j.t.JMeterThread: Thread finished: GET search (agents) 2-213
2026-10-08 10:55:59,820 INFO o.a.j.t.JMeterThread: Thread is done: POST tickets (intake) 1-308
2026-10-08 10:55:59,820 INFO o.a.j.t.JMeterThread: Thread finished: POST tickets (intake) 1-308
2026-10-08 10:56:01,023 INFO o.a.j.t.JMeterThread: Thread started: POST tickets (intake) 1-402
2026-10-08 10:56:01,157 INFO o.a.j.r.Summariser: summary +     17 in 00:00:29 =    0.6/s Avg: 211811 Min:    29 Max: 300085 Err:    12 (70.59%) Active: 94 Started: 615 Finished: 521
2026-10-08 10:56:01,157 INFO o.a.j.r.Summariser: summary =    522 in 00:40:52 =    0.2/s Avg: 86505 Min:    12 Max: 300086 Err:    78 (14.94%)
2026-10-08 10:56:01,157 INFO o.a.j.t.JMeterThread: Thread is done: POST tickets (intake) 1-309
2026-10-08 10:56:01,157 INFO o.a.j.t.JMeterThread: Thread finished: POST tickets (intake) 1-309
2026-10-08 10:56:02,278 INFO o.a.j.t.JMeterThread: Thread is done: POST tickets (intake) 1-310
2026-10-08 10:56:02,278 INFO o.a.j.t.JMeterThread: Thread finished: POST tickets (intake) 1-310
2026-10-08 10:56:02,764 INFO o.a.j.t.JMeterThread: Thread started: POST tickets (intake) 1-403
2026-10-08 10:56:03,863 INFO o.a.j.t.JMeterThread: Thread started: POST tickets (intake) 1-404
2026-10-08 10:56:04,175 INFO o.a.j.t.JMeterThread: Thread started: GET search (agents) 2-214
2026-10-08 10:56:04,246 INFO o.a.j.t.JMeterThread: Thread is done: GET search (agents) 2-214
2026-10-08 10:56:04,246 INFO o.a.j.t.JMeterThread: Thread finished: GET search (agents) 2-214
2026-10-08 10:56:04,420 INFO o.a.j.t.JMeterThread: Thread started: GET search (agents) 2-215
2026-10-08 10:56:04,478 INFO o.a.j.t.JMeterThread: Thread is done: GET search (agents) 2-215
2026-10-08 10:56:04,478 INFO o.a.j.t.JMeterThread: Thread finished: GET search (agents) 2-215
2026-10-08 10:56:04,755 INFO o.a.j.t.JMeterThread: Thread is done: POST tickets (intake) 1-311
2026-10-08 10:56:04,755 INFO o.a.j.t.JMeterThread: Thread finished: POST tickets (intake) 1-311
2026-10-08 10:56:05,187 INFO o.a.j.t.JMeterThread: Thread started: POST tickets (intake) 1-405
2026-10-08 10:56:06,772 INFO o.a.j.t.JMeterThread: Thread started: POST tickets (intake) 1-406
2026-10-08 10:56:07,988 INFO o.a.j.t.JMeterThread: Thread is done: POST tickets (intake) 1-312
2026-10-08 10:56:07,988 INFO o.a.j.t.JMeterThread: Thread finished: POST tickets (intake) 1-312
2026-10-08 10:56:08,104 INFO o.a.j.t.JMeterThread: Thread is done: POST tickets (intake) 1-313
2026-10-08 10:56:08,104 INFO o.a.j.t.JMeterThread: Thread finished: POST tickets (intake) 1-313
2026-10-08 10:56:08,573 INFO o.a.j.t.JMeterThread: Thread is done: POST tickets (intake) 1-314
2026-10-08 10:56:08,573 INFO o.a.j.t.JMeterThread: Thread finished: POST tickets (intake) 1-314
2026-10-08 10:56:10,865 INFO o.a.j.t.JMeterThread: Thread is done: POST tickets (intake) 1-315
2026-10-08 10:56:10,866 INFO o.a.j.t.JMeterThread: Thread finished: POST tickets (intake) 1-315
2026-10-08 10:56:11,370 INFO o.a.j.t.JMeterThread: Thread is done: POST tickets (intake) 1-316
2026-10-08 10:56:11,370 INFO o.a.j.t.JMeterThread: Thread finished: POST tickets (intake) 1-316
2026-10-08 10:56:19,056 INFO o.a.j.t.JMeterThread: Thread is done: POST tickets (intake) 1-317
2026-10-08 10:56:19,056 INFO o.a.j.t.JMeterThread: Thread finished: POST tickets (intake) 1-317
2026-10-08 10:56:19,619 INFO o.a.j.t.JMeterThread: Thread started: POST tickets (intake) 1-407
2026-10-08 10:56:20,219 INFO o.a.j.t.JMeterThread: Thread started: GET search (agents) 2-216
2026-10-08 10:56:20,336 INFO o.a.j.t.JMeterThread: Thread is done: GET search (agents) 2-216
2026-10-08 10:56:20,337 INFO o.a.j.t.JMeterThread: Thread finished: GET search (agents) 2-216
2026-10-08 10:56:20,692 INFO o.a.j.t.JMeterThread: Thread started: POST tickets (intake) 1-408
2026-10-08 10:56:22,527 INFO o.a.j.t.JMeterThread: Thread started: POST tickets (intake) 1-409
2026-10-08 10:56:24,036 INFO o.a.j.t.JMeterThread: Thread started: POST tickets (intake) 1-410
2026-10-08 10:56:26,944 INFO o.a.j.t.JMeterThread: Thread is done: POST tickets (intake) 1-318
2026-10-08 10:56:26,944 INFO o.a.j.t.JMeterThread: Thread finished: POST tickets (intake) 1-318
2026-10-08 10:56:28,233 INFO o.a.j.t.JMeterThread: Thread started: POST tickets (intake) 1-411
2026-10-08 10:56:28,727 INFO o.a.j.t.JMeterThread: Thread started: POST tickets (intake) 1-412
2026-10-08 10:56:30,040 INFO o.a.j.t.JMeterThread: Thread started: POST tickets (intake) 1-413
2026-10-08 10:56:30,803 INFO o.a.j.t.JMeterThread: Thread started: GET search (agents) 2-217
2026-10-08 10:56:30,846 INFO o.a.j.r.Summariser: summary +     13 in 00:00:30 =    0.4/s Avg: 207493 Min:    42 Max: 300064 Err:     7 (53.85%) Active: 96 Started: 630 Finished: 534
2026-10-08 10:56:30,846 INFO o.a.j.r.Summariser: summary =    535 in 00:41:21 =    0.2/s Avg: 89445 Min:    12 Max: 300086 Err:    85 (15.89%)
2026-10-08 10:56:30,846 INFO o.a.j.t.JMeterThread: Thread is done: GET search (agents) 2-217
2026-10-08 10:56:30,846 INFO o.a.j.t.JMeterThread: Thread finished: GET search (agents) 2-217
2026-10-08 10:56:30,917 INFO o.a.j.t.JMeterThread: Thread started: GET search (agents) 2-218
2026-10-08 10:56:30,969 INFO o.a.j.t.JMeterThread: Thread is done: GET search (agents) 2-218
2026-10-08 10:56:30,969 INFO o.a.j.t.JMeterThread: Thread finished: GET search (agents) 2-218
2026-10-08 10:56:32,195 INFO o.a.j.t.JMeterThread: Thread started: POST tickets (intake) 1-414
2026-10-08 10:56:33,065 INFO o.a.j.t.JMeterThread: Thread started: POST tickets (intake) 1-415
2026-10-08 10:56:35,467 INFO o.a.j.t.JMeterThread: Thread is done: POST tickets (intake) 1-319
2026-10-08 10:56:35,467 INFO o.a.j.t.JMeterThread: Thread finished: POST tickets (intake) 1-319
2026-10-08 10:56:38,241 INFO o.a.j.t.JMeterThread: Thread is done: POST tickets (intake) 1-320
2026-10-08 10:56:38,241 INFO o.a.j.t.JMeterThread: Thread finished: POST tickets (intake) 1-320
2026-10-08 10:56:38,850 INFO o.a.j.t.JMeterThread: Thread is done: POST tickets (intake) 1-321
2026-10-08 10:56:38,850 INFO o.a.j.t.JMeterThread: Thread finished: POST tickets (intake) 1-321
2026-10-08 10:56:39,380 INFO o.a.j.t.JMeterThread: Thread is done: POST tickets (intake) 1-322
2026-10-08 10:56:39,381 INFO o.a.j.t.JMeterThread: Thread finished: POST tickets (intake) 1-322
2026-10-08 10:56:40,062 INFO o.a.j.t.JMeterThread: Thread is done: POST tickets (intake) 1-323
2026-10-08 10:56:40,062 INFO o.a.j.t.JMeterThread: Thread finished: POST tickets (intake) 1-323
2026-10-08 10:56:41,392 INFO o.a.j.t.JMeterThread: Thread started: GET search (agents) 2-219
2026-10-08 10:56:41,497 INFO o.a.j.t.JMeterThread: Thread is done: GET search (agents) 2-219
2026-10-08 10:56:41,497 INFO o.a.j.t.JMeterThread: Thread finished: GET search (agents) 2-219
2026-10-08 10:56:42,969 INFO o.a.j.t.JMeterThread: Thread started: GET search (agents) 2-220
2026-10-08 10:56:43,009 INFO o.a.j.t.JMeterThread: Thread is done: GET search (agents) 2-220
2026-10-08 10:56:43,009 INFO o.a.j.t.JMeterThread: Thread finished: GET search (agents) 2-220
2026-10-08 10:56:43,112 INFO o.a.j.t.JMeterThread: Thread is done: POST tickets (intake) 1-324
2026-10-08 10:56:43,112 INFO o.a.j.t.JMeterThread: Thread finished: POST tickets (intake) 1-324
2026-10-08 10:56:43,775 INFO o.a.j.t.JMeterThread: Thread is done: POST tickets (intake) 1-325
2026-10-08 10:56:43,775 INFO o.a.j.t.JMeterThread: Thread finished: POST tickets (intake) 1-325
2026-10-08 10:56:45,079 INFO o.a.j.t.JMeterThread: Thread is done: POST tickets (intake) 1-326
2026-10-08 10:56:45,079 INFO o.a.j.t.JMeterThread: Thread finished: POST tickets (intake) 1-326
2026-10-08 10:56:45,596 INFO o.a.j.t.JMeterThread: Thread is done: POST tickets (intake) 1-327
2026-10-08 10:56:45,596 INFO o.a.j.t.JMeterThread: Thread finished: POST tickets (intake) 1-327
2026-10-08 10:56:49,207 INFO o.a.j.t.JMeterThread: Thread started: POST tickets (intake) 1-416
2026-10-08 10:56:50,683 INFO o.a.j.t.JMeterThread: Thread started: POST tickets (intake) 1-417
2026-10-08 10:56:51,415 INFO o.a.j.t.o.EvenArrivalsRamp: Generating 0 events, beginRate = 0.0 / sec, endRate = 0.0 / sec, duration = 60.0 sec
2026-10-08 10:56:51,415 INFO o.a.j.t.JMeterThread: Thread started: GET search (agents) 2-221
2026-10-08 10:56:51,415 INFO o.a.j.t.o.OpenModelThreadGroup: There will be no more events, so will wait for 78 sec till the end of the schedule
2026-10-08 10:56:51,514 INFO o.a.j.t.JMeterThread: Thread is done: GET search (agents) 2-221
2026-10-08 10:56:51,514 INFO o.a.j.t.JMeterThread: Thread finished: GET search (agents) 2-221
2026-10-08 10:56:54,043 INFO o.a.j.t.JMeterThread: Thread started: POST tickets (intake) 1-418
2026-10-08 10:56:54,501 INFO o.a.j.t.JMeterThread: Thread is done: POST tickets (intake) 1-328
2026-10-08 10:56:54,501 INFO o.a.j.t.JMeterThread: Thread finished: POST tickets (intake) 1-328
2026-10-08 10:57:04,822 INFO o.a.j.r.Summariser: summary +     15 in 00:00:34 =    0.4/s Avg: 220036 Min:    40 Max: 300046 Err:    11 (73.33%) Active: 90 Started: 639 Finished: 549
2026-10-08 10:57:04,822 INFO o.a.j.r.Summariser: summary =    550 in 00:41:55 =    0.2/s Avg: 93007 Min:    12 Max: 300086 Err:    96 (17.45%)
2026-10-08 10:57:04,822 INFO o.a.j.t.JMeterThread: Thread is done: POST tickets (intake) 1-329
2026-10-08 10:57:04,822 INFO o.a.j.t.JMeterThread: Thread finished: POST tickets (intake) 1-329
2026-10-08 10:57:04,839 INFO o.a.j.t.JMeterThread: Thread started: POST tickets (intake) 1-419
2026-10-08 10:57:05,394 INFO o.a.j.t.JMeterThread: Thread started: POST tickets (intake) 1-420
2026-10-08 10:57:07,025 INFO o.a.j.t.JMeterThread: Thread is done: POST tickets (intake) 1-330
2026-10-08 10:57:07,025 INFO o.a.j.t.JMeterThread: Thread finished: POST tickets (intake) 1-330
2026-10-08 10:57:07,103 INFO o.a.j.t.JMeterThread: Thread is done: POST tickets (intake) 1-331
2026-10-08 10:57:07,103 INFO o.a.j.t.JMeterThread: Thread finished: POST tickets (intake) 1-331
2026-10-08 10:57:08,347 INFO o.a.j.t.JMeterThread: Thread started: POST tickets (intake) 1-421
2026-10-08 10:57:08,593 INFO o.a.j.t.o.EvenArrivalsRamp: Generating 0 events, beginRate = 0.0 / sec, endRate = 0.0 / sec, duration = 60.0 sec
2026-10-08 10:57:08,593 INFO o.a.j.t.JMeterThread: Thread started: POST tickets (intake) 1-422
2026-10-08 10:57:08,593 INFO o.a.j.t.o.OpenModelThreadGroup: There will be no more events, so will wait for 60 sec till the end of the schedule
2026-10-08 10:57:10,156 INFO o.a.j.t.JMeterThread: Thread is done: POST tickets (intake) 1-332
2026-10-08 10:57:10,156 INFO o.a.j.t.JMeterThread: Thread finished: POST tickets (intake) 1-332
2026-10-08 10:57:13,955 INFO o.a.j.t.JMeterThread: Thread is done: POST tickets (intake) 1-333
2026-10-08 10:57:13,955 INFO o.a.j.t.JMeterThread: Thread finished: POST tickets (intake) 1-333
2026-10-08 10:57:17,599 INFO o.a.j.t.JMeterThread: Thread is done: POST tickets (intake) 1-334
2026-10-08 10:57:17,599 INFO o.a.j.t.JMeterThread: Thread finished: POST tickets (intake) 1-334
2026-10-08 10:57:21,864 INFO o.a.j.t.JMeterThread: Thread is done: POST tickets (intake) 1-335
2026-10-08 10:57:21,864 INFO o.a.j.t.JMeterThread: Thread finished: POST tickets (intake) 1-335
2026-10-08 10:57:23,274 INFO o.a.j.t.JMeterThread: Thread is done: POST tickets (intake) 1-336
2026-10-08 10:57:23,275 INFO o.a.j.t.JMeterThread: Thread finished: POST tickets (intake) 1-336
2026-10-08 10:57:25,129 INFO o.a.j.t.JMeterThread: Thread is done: POST tickets (intake) 1-337
2026-10-08 10:57:25,129 INFO o.a.j.t.JMeterThread: Thread finished: POST tickets (intake) 1-337
2026-10-08 10:57:26,423 INFO o.a.j.t.JMeterThread: Thread is done: POST tickets (intake) 1-338
2026-10-08 10:57:26,423 INFO o.a.j.t.JMeterThread: Thread finished: POST tickets (intake) 1-338
2026-10-08 10:57:26,458 INFO o.a.j.t.JMeterThread: Thread is done: POST tickets (intake) 1-339
2026-10-08 10:57:26,458 INFO o.a.j.t.JMeterThread: Thread finished: POST tickets (intake) 1-339
2026-10-08 10:57:31,069 INFO o.a.j.r.Summariser: summary +     11 in 00:00:26 =    0.4/s Avg: 300030 Min: 300010 Max: 300062 Err:    11 (100.00%) Active: 83 Started: 643 Finished: 560
2026-10-08 10:57:31,069 INFO o.a.j.r.Summariser: summary =    561 in 00:42:21 =    0.2/s Avg: 97066 Min:    12 Max: 300086 Err:   107 (19.07%)
2026-10-08 10:57:31,069 INFO o.a.j.t.JMeterThread: Thread is done: POST tickets (intake) 1-340
2026-10-08 10:57:31,069 INFO o.a.j.t.JMeterThread: Thread finished: POST tickets (intake) 1-340
2026-10-08 10:57:38,193 INFO o.a.j.t.JMeterThread: Thread is done: POST tickets (intake) 1-341
2026-10-08 10:57:38,193 INFO o.a.j.t.JMeterThread: Thread finished: POST tickets (intake) 1-341
2026-10-08 10:57:41,694 INFO o.a.j.t.JMeterThread: Thread is done: POST tickets (intake) 1-342
2026-10-08 10:57:41,694 INFO o.a.j.t.JMeterThread: Thread finished: POST tickets (intake) 1-342
2026-10-08 10:57:48,189 INFO o.a.j.t.JMeterThread: Thread is done: POST tickets (intake) 1-343
2026-10-08 10:57:48,190 INFO o.a.j.t.JMeterThread: Thread finished: POST tickets (intake) 1-343
2026-10-08 10:57:51,745 INFO o.a.j.t.JMeterThread: Thread is done: POST tickets (intake) 1-344
2026-10-08 10:57:51,745 INFO o.a.j.t.JMeterThread: Thread finished: POST tickets (intake) 1-344
2026-10-08 10:57:54,772 INFO o.a.j.t.JMeterThread: Thread is done: POST tickets (intake) 1-345
2026-10-08 10:57:54,772 INFO o.a.j.t.JMeterThread: Thread finished: POST tickets (intake) 1-345
2026-10-08 10:57:58,601 INFO o.a.j.t.JMeterThread: Thread is done: POST tickets (intake) 1-346
2026-10-08 10:57:58,602 INFO o.a.j.t.JMeterThread: Thread finished: POST tickets (intake) 1-346
2026-10-08 10:58:00,663 INFO o.a.j.r.Summariser: summary +      7 in 00:00:30 =    0.2/s Avg: 300025 Min: 300007 Max: 300046 Err:     7 (100.00%) Active: 76 Started: 643 Finished: 567
2026-10-08 10:58:00,663 INFO o.a.j.r.Summariser: summary =    568 in 00:42:51 =    0.2/s Avg: 99567 Min:    12 Max: 300086 Err:   114 (20.07%)
2026-10-08 10:58:00,663 INFO o.a.j.t.JMeterThread: Thread is done: POST tickets (intake) 1-347
2026-10-08 10:58:00,663 INFO o.a.j.t.JMeterThread: Thread finished: POST tickets (intake) 1-347
2026-10-08 10:58:01,070 INFO o.a.j.t.JMeterThread: Thread is done: POST tickets (intake) 1-348
2026-10-08 10:58:01,070 INFO o.a.j.t.JMeterThread: Thread finished: POST tickets (intake) 1-348
2026-10-08 10:58:02,710 INFO o.a.j.t.JMeterThread: Thread is done: POST tickets (intake) 1-349
2026-10-08 10:58:02,710 INFO o.a.j.t.JMeterThread: Thread finished: POST tickets (intake) 1-349
2026-10-08 10:58:05,719 INFO o.a.j.t.JMeterThread: Thread is done: POST tickets (intake) 1-350
2026-10-08 10:58:05,719 INFO o.a.j.t.JMeterThread: Thread finished: POST tickets (intake) 1-350
2026-10-08 10:58:09,457 INFO o.a.j.t.JMeterThread: Thread is done: POST tickets (intake) 1-351
2026-10-08 10:58:09,458 INFO o.a.j.t.JMeterThread: Thread finished: POST tickets (intake) 1-351
2026-10-08 10:58:09,570 INFO o.a.j.t.o.OpenModelThreadGroup: There will be no more events, will shutdown the thread pool
2026-10-08 10:58:09,570 INFO o.a.j.t.o.OpenModelThreadGroup: Thread starting done
2026-10-08 10:58:09,571 INFO o.a.j.t.o.OpenModelThreadGroup: Test schedule finished, however, there are 71 thread(s) still running. Will interrupt the threads. If you want to keep some time for the threads to complete, consider adding pause(10 min) at the end of the schedule.
2026-10-08 10:58:09,571 INFO o.a.j.t.o.OpenModelThreadGroup: Terminating thread org.apache.jmeter.threads.JMeterThread@42986a98
2026-10-08 10:58:09,571 INFO o.a.j.t.JMeterThread: Stopping: POST tickets (intake) 1-411
2026-10-08 10:58:09,572 WARN o.a.j.t.JMeterThread: Interrupting: POST tickets (intake) 1-411 sampler: POST /tickets
2026-10-08 10:58:09,572 INFO o.a.j.t.o.OpenModelThreadGroup: Terminating thread org.apache.jmeter.threads.JMeterThread@4b86f185
2026-10-08 10:58:09,572 INFO o.a.j.t.JMeterThread: Stopping: POST tickets (intake) 1-414
2026-10-08 10:58:09,572 WARN o.a.j.t.JMeterThread: Interrupting: POST tickets (intake) 1-414 sampler: POST /tickets
2026-10-08 10:58:09,572 INFO o.a.j.t.o.OpenModelThreadGroup: Terminating thread org.apache.jmeter.threads.JMeterThread@29dd40d8
2026-10-08 10:58:09,572 INFO o.a.j.t.JMeterThread: Stopping: POST tickets (intake) 1-399
2026-10-08 10:58:09,572 WARN o.a.j.t.JMeterThread: Interrupting: POST tickets (intake) 1-399 sampler: POST /tickets
2026-10-08 10:58:09,572 INFO o.a.j.t.o.OpenModelThreadGroup: Terminating thread org.apache.jmeter.threads.JMeterThread@43f3baf8
2026-10-08 10:58:09,572 INFO o.a.j.t.JMeterThread: Stopping: POST tickets (intake) 1-359
2026-10-08 10:58:09,572 WARN o.a.j.t.JMeterThread: Interrupting: POST tickets (intake) 1-359 sampler: POST /tickets
2026-10-08 10:58:09,572 INFO o.a.j.t.o.OpenModelThreadGroup: Terminating thread org.apache.jmeter.threads.JMeterThread@4d458b55
2026-10-08 10:58:09,572 INFO o.a.j.t.JMeterThread: Stopping: POST tickets (intake) 1-389
2026-10-08 10:58:09,572 WARN o.a.j.t.JMeterThread: Interrupting: POST tickets (intake) 1-389 sampler: POST /tickets
2026-10-08 10:58:09,572 INFO o.a.j.t.o.OpenModelThreadGroup: Terminating thread org.apache.jmeter.threads.JMeterThread@3b1bba00
2026-10-08 10:58:09,573 INFO o.a.j.t.JMeterThread: Stopping: POST tickets (intake) 1-362
2026-10-08 10:58:09,573 WARN o.a.j.t.JMeterThread: Interrupting: POST tickets (intake) 1-362 sampler: POST /tickets
2026-10-08 10:58:09,573 INFO o.a.j.t.o.OpenModelThreadGroup: Terminating thread org.apache.jmeter.threads.JMeterThread@68739c52
2026-10-08 10:58:09,573 INFO o.a.j.t.JMeterThread: Stopping: POST tickets (intake) 1-354
2026-10-08 10:58:09,573 WARN o.a.j.t.JMeterThread: Interrupting: POST tickets (intake) 1-354 sampler: POST /tickets
2026-10-08 10:58:09,573 INFO o.a.j.t.JMeterThread: Thread is done: POST tickets (intake) 1-414
2026-10-08 10:58:09,573 INFO o.a.j.t.JMeterThread: Thread finished: POST tickets (intake) 1-414
2026-10-08 10:58:09,573 INFO o.a.j.t.JMeterThread: Thread is done: POST tickets (intake) 1-411
2026-10-08 10:58:09,573 INFO o.a.j.t.o.OpenModelThreadGroup: Terminating thread org.apache.jmeter.threads.JMeterThread@f282400
2026-10-08 10:58:09,573 INFO o.a.j.t.JMeterThread: Stopping: POST tickets (intake) 1-376
2026-10-08 10:58:09,573 INFO o.a.j.t.JMeterThread: Thread finished: POST tickets (intake) 1-411
2026-10-08 10:58:09,573 WARN o.a.j.t.JMeterThread: Interrupting: POST tickets (intake) 1-376 sampler: POST /tickets
2026-10-08 10:58:09,573 INFO o.a.j.t.JMeterThread: Thread is done: POST tickets (intake) 1-359
2026-10-08 10:58:09,573 INFO o.a.j.t.JMeterThread: Thread finished: POST tickets (intake) 1-359
2026-10-08 10:58:09,573 INFO o.a.j.t.o.OpenModelThreadGroup: Terminating thread org.apache.jmeter.threads.JMeterThread@52417a69
2026-10-08 10:58:09,573 INFO o.a.j.t.JMeterThread: Stopping: POST tickets (intake) 1-385
2026-10-08 10:58:09,573 WARN o.a.j.t.JMeterThread: Interrupting: POST tickets (intake) 1-385 sampler: POST /tickets
2026-10-08 10:58:09,573 INFO o.a.j.t.o.OpenModelThreadGroup: Terminating thread org.apache.jmeter.threads.JMeterThread@6a2cb902
2026-10-08 10:58:09,573 INFO o.a.j.t.JMeterThread: Stopping: POST tickets (intake) 1-392
2026-10-08 10:58:09,573 WARN o.a.j.t.JMeterThread: Interrupting: POST tickets (intake) 1-392 sampler: POST /tickets
2026-10-08 10:58:09,573 INFO o.a.j.t.JMeterThread: Thread is done: POST tickets (intake) 1-362
2026-10-08 10:58:09,573 INFO o.a.j.t.JMeterThread: Thread is done: POST tickets (intake) 1-399
2026-10-08 10:58:09,573 INFO o.a.j.t.JMeterThread: Thread is done: POST tickets (intake) 1-389
2026-10-08 10:58:09,573 INFO o.a.j.t.o.OpenModelThreadGroup: Terminating thread org.apache.jmeter.threads.JMeterThread@58c3f4fa
2026-10-08 10:58:09,573 INFO o.a.j.t.JMeterThread: Thread is done: POST tickets (intake) 1-354
2026-10-08 10:58:09,573 INFO o.a.j.t.JMeterThread: Thread finished: POST tickets (intake) 1-354
2026-10-08 10:58:09,573 INFO o.a.j.t.JMeterThread: Thread finished: POST tickets (intake) 1-399
2026-10-08 10:58:09,573 INFO o.a.j.t.JMeterThread: Thread finished: POST tickets (intake) 1-389
2026-10-08 10:58:09,573 INFO o.a.j.t.JMeterThread: Thread finished: POST tickets (intake) 1-362
2026-10-08 10:58:09,574 INFO o.a.j.t.JMeterThread: Stopping: POST tickets (intake) 1-398
2026-10-08 10:58:09,574 WARN o.a.j.t.JMeterThread: Interrupting: POST tickets (intake) 1-398 sampler: POST /tickets
2026-10-08 10:58:09,574 INFO o.a.j.t.JMeterThread: Thread is done: POST tickets (intake) 1-376
2026-10-08 10:58:09,574 INFO o.a.j.t.JMeterThread: Thread finished: POST tickets (intake) 1-376
2026-10-08 10:58:09,574 INFO o.a.j.t.JMeterThread: Thread is done: POST tickets (intake) 1-385
2026-10-08 10:58:09,574 INFO o.a.j.t.JMeterThread: Thread finished: POST tickets (intake) 1-385
2026-10-08 10:58:09,574 INFO o.a.j.t.o.OpenModelThreadGroup: Terminating thread org.apache.jmeter.threads.JMeterThread@15e3ecdd
2026-10-08 10:58:09,574 INFO o.a.j.t.JMeterThread: Thread is done: POST tickets (intake) 1-392
2026-10-08 10:58:09,574 INFO o.a.j.t.JMeterThread: Stopping: POST tickets (intake) 1-408
2026-10-08 10:58:09,574 INFO o.a.j.t.JMeterThread: Thread finished: POST tickets (intake) 1-392
2026-10-08 10:58:09,574 WARN o.a.j.t.JMeterThread: Interrupting: POST tickets (intake) 1-408 sampler: POST /tickets
2026-10-08 10:58:09,574 INFO o.a.j.t.o.OpenModelThreadGroup: Terminating thread org.apache.jmeter.threads.JMeterThread@2f063c39
2026-10-08 10:58:09,574 INFO o.a.j.t.JMeterThread: Stopping: POST tickets (intake) 1-418
2026-10-08 10:58:09,574 WARN o.a.j.t.JMeterThread: Interrupting: POST tickets (intake) 1-418 sampler: POST /tickets
2026-10-08 10:58:09,574 INFO o.a.j.t.o.OpenModelThreadGroup: Terminating thread org.apache.jmeter.threads.JMeterThread@40b188f5
2026-10-08 10:58:09,574 INFO o.a.j.t.JMeterThread: Stopping: POST tickets (intake) 1-404
2026-10-08 10:58:09,574 WARN o.a.j.t.JMeterThread: Interrupting: POST tickets (intake) 1-404 sampler: POST /tickets
2026-10-08 10:58:09,574 INFO o.a.j.t.JMeterThread: Thread is done: POST tickets (intake) 1-398
2026-10-08 10:58:09,574 INFO o.a.j.t.JMeterThread: Thread finished: POST tickets (intake) 1-398
2026-10-08 10:58:09,574 INFO o.a.j.t.o.OpenModelThreadGroup: Terminating thread org.apache.jmeter.threads.JMeterThread@2a7b0d32
2026-10-08 10:58:09,574 INFO o.a.j.t.JMeterThread: Stopping: POST tickets (intake) 1-405
2026-10-08 10:58:09,574 WARN o.a.j.t.JMeterThread: Interrupting: POST tickets (intake) 1-405 sampler: POST /tickets
2026-10-08 10:58:09,574 INFO o.a.j.t.o.OpenModelThreadGroup: Terminating thread org.apache.jmeter.threads.JMeterThread@49a0adec
2026-10-08 10:58:09,574 INFO o.a.j.t.JMeterThread: Stopping: POST tickets (intake) 1-365
2026-10-08 10:58:09,575 WARN o.a.j.t.JMeterThread: Interrupting: POST tickets (intake) 1-365 sampler: POST /tickets
2026-10-08 10:58:09,575 INFO o.a.j.t.JMeterThread: Thread is done: POST tickets (intake) 1-408
2026-10-08 10:58:09,575 INFO o.a.j.t.JMeterThread: Thread finished: POST tickets (intake) 1-408
2026-10-08 10:58:09,575 INFO o.a.j.t.o.OpenModelThreadGroup: Terminating thread org.apache.jmeter.threads.JMeterThread@5109d745
2026-10-08 10:58:09,575 INFO o.a.j.t.JMeterThread: Stopping: POST tickets (intake) 1-417
2026-10-08 10:58:09,575 WARN o.a.j.t.JMeterThread: Interrupting: POST tickets (intake) 1-417 sampler: POST /tickets
2026-10-08 10:58:09,575 INFO o.a.j.t.JMeterThread: Thread is done: POST tickets (intake) 1-418
2026-10-08 10:58:09,575 INFO o.a.j.t.JMeterThread: Thread finished: POST tickets (intake) 1-418
2026-10-08 10:58:09,575 INFO o.a.j.t.o.OpenModelThreadGroup: Terminating thread org.apache.jmeter.threads.JMeterThread@635b8d0b
2026-10-08 10:58:09,575 INFO o.a.j.t.JMeterThread: Stopping: POST tickets (intake) 1-401
2026-10-08 10:58:09,575 WARN o.a.j.t.JMeterThread: Interrupting: POST tickets (intake) 1-401 sampler: POST /tickets
2026-10-08 10:58:09,575 INFO o.a.j.t.JMeterThread: Thread is done: POST tickets (intake) 1-404
2026-10-08 10:58:09,575 INFO o.a.j.t.JMeterThread: Thread finished: POST tickets (intake) 1-404
2026-10-08 10:58:09,575 INFO o.a.j.t.o.OpenModelThreadGroup: Terminating thread org.apache.jmeter.threads.JMeterThread@37205b75
2026-10-08 10:58:09,575 INFO o.a.j.t.JMeterThread: Stopping: POST tickets (intake) 1-400
2026-10-08 10:58:09,575 WARN o.a.j.t.JMeterThread: Interrupting: POST tickets (intake) 1-400 sampler: POST /tickets
2026-10-08 10:58:09,575 INFO o.a.j.t.o.OpenModelThreadGroup: Terminating thread org.apache.jmeter.threads.JMeterThread@216d8d31
2026-10-08 10:58:09,575 INFO o.a.j.t.JMeterThread: Thread is done: POST tickets (intake) 1-405
2026-10-08 10:58:09,575 INFO o.a.j.t.JMeterThread: Thread finished: POST tickets (intake) 1-405
2026-10-08 10:58:09,575 INFO o.a.j.t.JMeterThread: Stopping: POST tickets (intake) 1-360
2026-10-08 10:58:09,575 WARN o.a.j.t.JMeterThread: Interrupting: POST tickets (intake) 1-360 sampler: POST /tickets
2026-10-08 10:58:09,575 INFO o.a.j.t.o.OpenModelThreadGroup: Terminating thread org.apache.jmeter.threads.JMeterThread@27cb04af
2026-10-08 10:58:09,575 INFO o.a.j.t.JMeterThread: Stopping: POST tickets (intake) 1-357
2026-10-08 10:58:09,575 WARN o.a.j.t.JMeterThread: Interrupting: POST tickets (intake) 1-357 sampler: POST /tickets
2026-10-08 10:58:09,575 INFO o.a.j.t.JMeterThread: Thread is done: POST tickets (intake) 1-365
2026-10-08 10:58:09,575 INFO o.a.j.t.JMeterThread: Thread finished: POST tickets (intake) 1-365
2026-10-08 10:58:09,575 INFO o.a.j.t.o.OpenModelThreadGroup: Terminating thread org.apache.jmeter.threads.JMeterThread@1189fae0
2026-10-08 10:58:09,575 INFO o.a.j.t.JMeterThread: Stopping: POST tickets (intake) 1-407
2026-10-08 10:58:09,575 WARN o.a.j.t.JMeterThread: Interrupting: POST tickets (intake) 1-407 sampler: POST /tickets
2026-10-08 10:58:09,575 INFO o.a.j.t.JMeterThread: Thread is done: POST tickets (intake) 1-417
2026-10-08 10:58:09,575 INFO o.a.j.t.JMeterThread: Thread finished: POST tickets (intake) 1-417
2026-10-08 10:58:09,575 INFO o.a.j.t.o.OpenModelThreadGroup: Terminating thread org.apache.jmeter.threads.JMeterThread@2f192b75
2026-10-08 10:58:09,575 INFO o.a.j.t.JMeterThread: Stopping: POST tickets (intake) 1-422
2026-10-08 10:58:09,575 WARN o.a.j.t.JMeterThread: Interrupting: POST tickets (intake) 1-422 sampler: POST /tickets
2026-10-08 10:58:09,575 INFO o.a.j.t.JMeterThread: Thread is done: POST tickets (intake) 1-401
2026-10-08 10:58:09,575 INFO o.a.j.t.JMeterThread: Thread finished: POST tickets (intake) 1-401
2026-10-08 10:58:09,576 INFO o.a.j.t.JMeterThread: Thread is done: POST tickets (intake) 1-400
2026-10-08 10:58:09,576 INFO o.a.j.t.JMeterThread: Thread finished: POST tickets (intake) 1-400
2026-10-08 10:58:09,576 INFO o.a.j.t.o.OpenModelThreadGroup: Terminating thread org.apache.jmeter.threads.JMeterThread@65a933c4
2026-10-08 10:58:09,576 INFO o.a.j.t.JMeterThread: Stopping: POST tickets (intake) 1-419
2026-10-08 10:58:09,576 INFO o.a.j.t.JMeterThread: Thread is done: POST tickets (intake) 1-360
2026-10-08 10:58:09,576 WARN o.a.j.t.JMeterThread: Interrupting: POST tickets (intake) 1-419 sampler: POST /tickets
2026-10-08 10:58:09,576 INFO o.a.j.t.JMeterThread: Thread finished: POST tickets (intake) 1-360
2026-10-08 10:58:09,576 INFO o.a.j.t.JMeterThread: Thread is done: POST tickets (intake) 1-357
2026-10-08 10:58:09,576 INFO o.a.j.t.o.OpenModelThreadGroup: Terminating thread org.apache.jmeter.threads.JMeterThread@6070d601
2026-10-08 10:58:09,576 INFO o.a.j.t.JMeterThread: Thread finished: POST tickets (intake) 1-357
2026-10-08 10:58:09,576 INFO o.a.j.t.JMeterThread: Stopping: POST tickets (intake) 1-377
2026-10-08 10:58:09,576 WARN o.a.j.t.JMeterThread: Interrupting: POST tickets (intake) 1-377 sampler: POST /tickets
2026-10-08 10:58:09,576 INFO o.a.j.t.JMeterThread: Thread is done: POST tickets (intake) 1-407
2026-10-08 10:58:09,576 INFO o.a.j.t.JMeterThread: Thread finished: POST tickets (intake) 1-407
2026-10-08 10:58:09,576 INFO o.a.j.t.o.OpenModelThreadGroup: Terminating thread org.apache.jmeter.threads.JMeterThread@69b25bc7
2026-10-08 10:58:09,576 INFO o.a.j.t.JMeterThread: Thread is done: POST tickets (intake) 1-422
2026-10-08 10:58:09,576 INFO o.a.j.t.JMeterThread: Thread finished: POST tickets (intake) 1-422
2026-10-08 10:58:09,576 INFO o.a.j.t.JMeterThread: Stopping: POST tickets (intake) 1-383
2026-10-08 10:58:09,576 WARN o.a.j.t.JMeterThread: Interrupting: POST tickets (intake) 1-383 sampler: POST /tickets
2026-10-08 10:58:09,576 INFO o.a.j.t.o.OpenModelThreadGroup: Terminating thread org.apache.jmeter.threads.JMeterThread@7df90081
2026-10-08 10:58:09,576 INFO o.a.j.t.JMeterThread: Stopping: POST tickets (intake) 1-353
2026-10-08 10:58:09,576 INFO o.a.j.t.JMeterThread: Thread is done: POST tickets (intake) 1-419
2026-10-08 10:58:09,576 INFO o.a.j.t.JMeterThread: Thread finished: POST tickets (intake) 1-419
2026-10-08 10:58:09,576 WARN o.a.j.t.JMeterThread: Interrupting: POST tickets (intake) 1-353 sampler: POST /tickets
2026-10-08 10:58:09,577 INFO o.a.j.t.o.OpenModelThreadGroup: Terminating thread org.apache.jmeter.threads.JMeterThread@4d6d1b14
2026-10-08 10:58:09,577 INFO o.a.j.t.JMeterThread: Stopping: POST tickets (intake) 1-373
2026-10-08 10:58:09,577 WARN o.a.j.t.JMeterThread: Interrupting: POST tickets (intake) 1-373 sampler: POST /tickets
2026-10-08 10:58:09,577 INFO o.a.j.t.JMeterThread: Thread is done: POST tickets (intake) 1-383
2026-10-08 10:58:09,577 INFO o.a.j.t.JMeterThread: Thread is done: POST tickets (intake) 1-377
2026-10-08 10:58:09,577 INFO o.a.j.t.o.OpenModelThreadGroup: Terminating thread org.apache.jmeter.threads.JMeterThread@728b6af5
2026-10-08 10:58:09,577 INFO o.a.j.t.JMeterThread: Thread finished: POST tickets (intake) 1-383
2026-10-08 10:58:09,577 INFO o.a.j.t.JMeterThread: Thread finished: POST tickets (intake) 1-377
2026-10-08 10:58:09,577 INFO o.a.j.t.JMeterThread: Thread is done: POST tickets (intake) 1-353
2026-10-08 10:58:09,577 INFO o.a.j.t.JMeterThread: Stopping: POST tickets (intake) 1-393
2026-10-08 10:58:09,577 WARN o.a.j.t.JMeterThread: Interrupting: POST tickets (intake) 1-393 sampler: POST /tickets
2026-10-08 10:58:09,577 INFO o.a.j.t.JMeterThread: Thread finished: POST tickets (intake) 1-353
2026-10-08 10:58:09,577 INFO o.a.j.t.o.OpenModelThreadGroup: Terminating thread org.apache.jmeter.threads.JMeterThread@2e5bd124
2026-10-08 10:58:09,577 INFO o.a.j.t.JMeterThread: Thread is done: POST tickets (intake) 1-373
2026-10-08 10:58:09,577 INFO o.a.j.t.JMeterThread: Stopping: POST tickets (intake) 1-402
2026-10-08 10:58:09,577 INFO o.a.j.t.JMeterThread: Thread finished: POST tickets (intake) 1-373
2026-10-08 10:58:09,577 WARN o.a.j.t.JMeterThread: Interrupting: POST tickets (intake) 1-402 sampler: POST /tickets
2026-10-08 10:58:09,577 INFO o.a.j.t.o.OpenModelThreadGroup: Terminating thread org.apache.jmeter.threads.JMeterThread@4d65aee3
2026-10-08 10:58:09,577 INFO o.a.j.t.JMeterThread: Stopping: POST tickets (intake) 1-356
2026-10-08 10:58:09,577 WARN o.a.j.t.JMeterThread: Interrupting: POST tickets (intake) 1-356 sampler: POST /tickets
2026-10-08 10:58:09,577 INFO o.a.j.t.o.OpenModelThreadGroup: Terminating thread org.apache.jmeter.threads.JMeterThread@206248e
2026-10-08 10:58:09,577 INFO o.a.j.t.JMeterThread: Stopping: POST tickets (intake) 1-386
2026-10-08 10:58:09,578 WARN o.a.j.t.JMeterThread: Interrupting: POST tickets (intake) 1-386 sampler: POST /tickets
2026-10-08 10:58:09,578 INFO o.a.j.t.JMeterThread: Thread is done: POST tickets (intake) 1-393
2026-10-08 10:58:09,578 INFO o.a.j.t.JMeterThread: Thread finished: POST tickets (intake) 1-393
2026-10-08 10:58:09,578 INFO o.a.j.t.o.OpenModelThreadGroup: Terminating thread org.apache.jmeter.threads.JMeterThread@278c6303
2026-10-08 10:58:09,578 INFO o.a.j.t.JMeterThread: Stopping: POST tickets (intake) 1-366
2026-10-08 10:58:09,578 INFO o.a.j.t.JMeterThread: Thread is done: POST tickets (intake) 1-402
2026-10-08 10:58:09,578 WARN o.a.j.t.JMeterThread: Interrupting: POST tickets (intake) 1-366 sampler: POST /tickets
2026-10-08 10:58:09,578 INFO o.a.j.t.JMeterThread: Thread finished: POST tickets (intake) 1-402
2026-10-08 10:58:09,578 INFO o.a.j.t.o.OpenModelThreadGroup: Terminating thread org.apache.jmeter.threads.JMeterThread@7017b698
2026-10-08 10:58:09,578 INFO o.a.j.t.JMeterThread: Stopping: POST tickets (intake) 1-409
2026-10-08 10:58:09,578 WARN o.a.j.t.JMeterThread: Interrupting: POST tickets (intake) 1-409 sampler: POST /tickets
2026-10-08 10:58:09,578 INFO o.a.j.t.JMeterThread: Thread is done: POST tickets (intake) 1-356
2026-10-08 10:58:09,578 INFO o.a.j.t.JMeterThread: Thread finished: POST tickets (intake) 1-356
2026-10-08 10:58:09,578 INFO o.a.j.t.JMeterThread: Thread is done: POST tickets (intake) 1-386
2026-10-08 10:58:09,578 INFO o.a.j.t.o.OpenModelThreadGroup: Terminating thread org.apache.jmeter.threads.JMeterThread@2501d095
2026-10-08 10:58:09,578 INFO o.a.j.t.JMeterThread: Thread finished: POST tickets (intake) 1-386
2026-10-08 10:58:09,578 INFO o.a.j.t.JMeterThread: Stopping: POST tickets (intake) 1-374
2026-10-08 10:58:09,578 WARN o.a.j.t.JMeterThread: Interrupting: POST tickets (intake) 1-374 sampler: POST /tickets
2026-10-08 10:58:09,578 INFO o.a.j.t.JMeterThread: Thread is done: POST tickets (intake) 1-366
2026-10-08 10:58:09,578 INFO o.a.j.t.JMeterThread: Thread finished: POST tickets (intake) 1-366
2026-10-08 10:58:09,578 INFO o.a.j.t.o.OpenModelThreadGroup: Terminating thread org.apache.jmeter.threads.JMeterThread@70954103
2026-10-08 10:58:09,578 INFO o.a.j.t.JMeterThread: Stopping: POST tickets (intake) 1-363
2026-10-08 10:58:09,578 WARN o.a.j.t.JMeterThread: Interrupting: POST tickets (intake) 1-363 sampler: POST /tickets
2026-10-08 10:58:09,578 INFO o.a.j.t.JMeterThread: Thread is done: POST tickets (intake) 1-409
2026-10-08 10:58:09,578 INFO o.a.j.t.o.OpenModelThreadGroup: Terminating thread org.apache.jmeter.threads.JMeterThread@5631f7a8
2026-10-08 10:58:09,578 INFO o.a.j.t.JMeterThread: Stopping: POST tickets (intake) 1-396
2026-10-08 10:58:09,578 INFO o.a.j.t.JMeterThread: Thread finished: POST tickets (intake) 1-409
2026-10-08 10:58:09,578 WARN o.a.j.t.JMeterThread: Interrupting: POST tickets (intake) 1-396 sampler: POST /tickets
2026-10-08 10:58:09,579 INFO o.a.j.t.JMeterThread: Thread is done: POST tickets (intake) 1-374
2026-10-08 10:58:09,579 INFO o.a.j.t.JMeterThread: Thread finished: POST tickets (intake) 1-374
2026-10-08 10:58:09,579 INFO o.a.j.t.o.OpenModelThreadGroup: Terminating thread org.apache.jmeter.threads.JMeterThread@3edc8546
2026-10-08 10:58:09,579 INFO o.a.j.t.JMeterThread: Stopping: POST tickets (intake) 1-415
2026-10-08 10:58:09,579 WARN o.a.j.t.JMeterThread: Interrupting: POST tickets (intake) 1-415 sampler: POST /tickets
2026-10-08 10:58:09,579 INFO o.a.j.t.o.OpenModelThreadGroup: Terminating thread org.apache.jmeter.threads.JMeterThread@20779feb
2026-10-08 10:58:09,579 INFO o.a.j.t.JMeterThread: Thread is done: POST tickets (intake) 1-363
2026-10-08 10:58:09,579 INFO o.a.j.t.JMeterThread: Stopping: POST tickets (intake) 1-395
2026-10-08 10:58:09,579 INFO o.a.j.t.JMeterThread: Thread finished: POST tickets (intake) 1-363
2026-10-08 10:58:09,579 WARN o.a.j.t.JMeterThread: Interrupting: POST tickets (intake) 1-395 sampler: POST /tickets
2026-10-08 10:58:09,579 INFO o.a.j.t.JMeterThread: Thread is done: POST tickets (intake) 1-396
2026-10-08 10:58:09,579 INFO o.a.j.t.o.OpenModelThreadGroup: Terminating thread org.apache.jmeter.threads.JMeterThread@5f11428d
2026-10-08 10:58:09,579 INFO o.a.j.t.JMeterThread: Thread finished: POST tickets (intake) 1-396
2026-10-08 10:58:09,579 INFO o.a.j.t.JMeterThread: Stopping: POST tickets (intake) 1-397
2026-10-08 10:58:09,579 WARN o.a.j.t.JMeterThread: Interrupting: POST tickets (intake) 1-397 sampler: POST /tickets
2026-10-08 10:58:09,579 INFO o.a.j.t.o.OpenModelThreadGroup: Terminating thread org.apache.jmeter.threads.JMeterThread@4f9d2d03
2026-10-08 10:58:09,579 INFO o.a.j.t.JMeterThread: Stopping: POST tickets (intake) 1-367
2026-10-08 10:58:09,579 WARN o.a.j.t.JMeterThread: Interrupting: POST tickets (intake) 1-367 sampler: POST /tickets
2026-10-08 10:58:09,579 INFO o.a.j.t.o.OpenModelThreadGroup: Terminating thread org.apache.jmeter.threads.JMeterThread@5457cdb
2026-10-08 10:58:09,579 INFO o.a.j.t.JMeterThread: Stopping: POST tickets (intake) 1-382
2026-10-08 10:58:09,579 WARN o.a.j.t.JMeterThread: Interrupting: POST tickets (intake) 1-382 sampler: POST /tickets
2026-10-08 10:58:09,579 INFO o.a.j.t.JMeterThread: Thread is done: POST tickets (intake) 1-415
2026-10-08 10:58:09,579 INFO o.a.j.t.JMeterThread: Thread finished: POST tickets (intake) 1-415
2026-10-08 10:58:09,579 INFO o.a.j.t.JMeterThread: Thread is done: POST tickets (intake) 1-395
2026-10-08 10:58:09,579 INFO o.a.j.t.JMeterThread: Thread finished: POST tickets (intake) 1-395
2026-10-08 10:58:09,579 INFO o.a.j.t.o.OpenModelThreadGroup: Terminating thread org.apache.jmeter.threads.JMeterThread@b66f6c2
2026-10-08 10:58:09,579 INFO o.a.j.t.JMeterThread: Stopping: POST tickets (intake) 1-390
2026-10-08 10:58:09,579 WARN o.a.j.t.JMeterThread: Interrupting: POST tickets (intake) 1-390 sampler: POST /tickets
2026-10-08 10:58:09,579 INFO o.a.j.t.o.OpenModelThreadGroup: Terminating thread org.apache.jmeter.threads.JMeterThread@1e9ea538
2026-10-08 10:58:09,579 INFO o.a.j.t.JMeterThread: Stopping: POST tickets (intake) 1-369
2026-10-08 10:58:09,579 WARN o.a.j.t.JMeterThread: Interrupting: POST tickets (intake) 1-369 sampler: POST /tickets
2026-10-08 10:58:09,579 INFO o.a.j.t.JMeterThread: Thread is done: POST tickets (intake) 1-397
2026-10-08 10:58:09,579 INFO o.a.j.t.JMeterThread: Thread finished: POST tickets (intake) 1-397
2026-10-08 10:58:09,580 INFO o.a.j.t.o.OpenModelThreadGroup: Terminating thread org.apache.jmeter.threads.JMeterThread@2980ef27
2026-10-08 10:58:09,580 INFO o.a.j.t.JMeterThread: Stopping: POST tickets (intake) 1-355
2026-10-08 10:58:09,580 WARN o.a.j.t.JMeterThread: Interrupting: POST tickets (intake) 1-355 sampler: POST /tickets
2026-10-08 10:58:09,580 INFO o.a.j.t.JMeterThread: Thread is done: POST tickets (intake) 1-367
2026-10-08 10:58:09,580 INFO o.a.j.t.JMeterThread: Thread finished: POST tickets (intake) 1-367
2026-10-08 10:58:09,580 INFO o.a.j.t.JMeterThread: Thread is done: POST tickets (intake) 1-382
2026-10-08 10:58:09,580 INFO o.a.j.t.JMeterThread: Thread finished: POST tickets (intake) 1-382
2026-10-08 10:58:09,580 INFO o.a.j.t.o.OpenModelThreadGroup: Terminating thread org.apache.jmeter.threads.JMeterThread@30cd6c67
2026-10-08 10:58:09,580 INFO o.a.j.t.JMeterThread: Stopping: POST tickets (intake) 1-379
2026-10-08 10:58:09,580 INFO o.a.j.t.JMeterThread: Thread is done: POST tickets (intake) 1-390
2026-10-08 10:58:09,580 WARN o.a.j.t.JMeterThread: Interrupting: POST tickets (intake) 1-379 sampler: POST /tickets
2026-10-08 10:58:09,580 INFO o.a.j.t.JMeterThread: Thread finished: POST tickets (intake) 1-390
2026-10-08 10:58:09,580 INFO o.a.j.t.JMeterThread: Thread is done: POST tickets (intake) 1-369
2026-10-08 10:58:09,580 INFO o.a.j.t.JMeterThread: Thread finished: POST tickets (intake) 1-369
2026-10-08 10:58:09,580 INFO o.a.j.t.o.OpenModelThreadGroup: Terminating thread org.apache.jmeter.threads.JMeterThread@4d3f4194
2026-10-08 10:58:09,580 INFO o.a.j.t.JMeterThread: Stopping: POST tickets (intake) 1-387
2026-10-08 10:58:09,580 WARN o.a.j.t.JMeterThread: Interrupting: POST tickets (intake) 1-387 sampler: POST /tickets
2026-10-08 10:58:09,580 INFO o.a.j.t.JMeterThread: Thread is done: POST tickets (intake) 1-355
2026-10-08 10:58:09,580 INFO o.a.j.t.o.OpenModelThreadGroup: Terminating thread org.apache.jmeter.threads.JMeterThread@7726df88
2026-10-08 10:58:09,580 INFO o.a.j.t.JMeterThread: Stopping: POST tickets (intake) 1-416
2026-10-08 10:58:09,580 INFO o.a.j.t.JMeterThread: Thread finished: POST tickets (intake) 1-355
2026-10-08 10:58:09,580 WARN o.a.j.t.JMeterThread: Interrupting: POST tickets (intake) 1-416 sampler: POST /tickets
2026-10-08 10:58:09,580 INFO o.a.j.t.o.OpenModelThreadGroup: Terminating thread org.apache.jmeter.threads.JMeterThread@248c2c3d
2026-10-08 10:58:09,580 INFO o.a.j.t.JMeterThread: Thread is done: POST tickets (intake) 1-379
2026-10-08 10:58:09,580 INFO o.a.j.t.JMeterThread: Stopping: POST tickets (intake) 1-378
2026-10-08 10:58:09,580 INFO o.a.j.t.JMeterThread: Thread finished: POST tickets (intake) 1-379
2026-10-08 10:58:09,580 WARN o.a.j.t.JMeterThread: Interrupting: POST tickets (intake) 1-378 sampler: POST /tickets
2026-10-08 10:58:09,580 INFO o.a.j.t.JMeterThread: Thread is done: POST tickets (intake) 1-387
2026-10-08 10:58:09,580 INFO o.a.j.t.JMeterThread: Thread finished: POST tickets (intake) 1-387
2026-10-08 10:58:09,581 INFO o.a.j.t.o.OpenModelThreadGroup: Terminating thread org.apache.jmeter.threads.JMeterThread@3d18dbab
2026-10-08 10:58:09,581 INFO o.a.j.t.JMeterThread: Stopping: POST tickets (intake) 1-420
2026-10-08 10:58:09,581 INFO o.a.j.t.JMeterThread: Thread is done: POST tickets (intake) 1-416
2026-10-08 10:58:09,581 WARN o.a.j.t.JMeterThread: Interrupting: POST tickets (intake) 1-420 sampler: POST /tickets
2026-10-08 10:58:09,581 INFO o.a.j.t.JMeterThread: Thread finished: POST tickets (intake) 1-416
2026-10-08 10:58:09,581 INFO o.a.j.t.o.OpenModelThreadGroup: Terminating thread org.apache.jmeter.threads.JMeterThread@707e74cb
2026-10-08 10:58:09,581 INFO o.a.j.t.JMeterThread: Stopping: POST tickets (intake) 1-384
2026-10-08 10:58:09,581 WARN o.a.j.t.JMeterThread: Interrupting: POST tickets (intake) 1-384 sampler: POST /tickets
2026-10-08 10:58:09,581 INFO o.a.j.t.JMeterThread: Thread is done: POST tickets (intake) 1-378
2026-10-08 10:58:09,581 INFO o.a.j.t.o.OpenModelThreadGroup: Terminating thread org.apache.jmeter.threads.JMeterThread@4bc6747e
2026-10-08 10:58:09,581 INFO o.a.j.t.JMeterThread: Thread finished: POST tickets (intake) 1-378
2026-10-08 10:58:09,581 INFO o.a.j.t.JMeterThread: Stopping: POST tickets (intake) 1-358
2026-10-08 10:58:09,581 WARN o.a.j.t.JMeterThread: Interrupting: POST tickets (intake) 1-358 sampler: POST /tickets
2026-10-08 10:58:09,581 INFO o.a.j.t.o.OpenModelThreadGroup: Terminating thread org.apache.jmeter.threads.JMeterThread@756e41d6
2026-10-08 10:58:09,581 INFO o.a.j.t.JMeterThread: Stopping: POST tickets (intake) 1-412
2026-10-08 10:58:09,581 WARN o.a.j.t.JMeterThread: Interrupting: POST tickets (intake) 1-412 sampler: POST /tickets
2026-10-08 10:58:09,581 INFO o.a.j.t.o.OpenModelThreadGroup: Terminating thread org.apache.jmeter.threads.JMeterThread@3eb5a90b
2026-10-08 10:58:09,581 INFO o.a.j.t.JMeterThread: Stopping: POST tickets (intake) 1-391
2026-10-08 10:58:09,581 WARN o.a.j.t.JMeterThread: Interrupting: POST tickets (intake) 1-391 sampler: POST /tickets
2026-10-08 10:58:09,582 INFO o.a.j.t.o.OpenModelThreadGroup: Terminating thread org.apache.jmeter.threads.JMeterThread@3a1237d3
2026-10-08 10:58:09,582 INFO o.a.j.t.JMeterThread: Stopping: POST tickets (intake) 1-371
2026-10-08 10:58:09,582 WARN o.a.j.t.JMeterThread: Interrupting: POST tickets (intake) 1-371 sampler: POST /tickets
2026-10-08 10:58:09,582 INFO o.a.j.t.JMeterThread: Thread is done: POST tickets (intake) 1-384
2026-10-08 10:58:09,582 INFO o.a.j.t.JMeterThread: Thread finished: POST tickets (intake) 1-384
2026-10-08 10:58:09,582 INFO o.a.j.t.JMeterThread: Thread is done: POST tickets (intake) 1-420
2026-10-08 10:58:09,582 INFO o.a.j.t.JMeterThread: Thread is done: POST tickets (intake) 1-358
2026-10-08 10:58:09,582 INFO o.a.j.t.JMeterThread: Thread finished: POST tickets (intake) 1-420
2026-10-08 10:58:09,582 INFO o.a.j.t.JMeterThread: Thread finished: POST tickets (intake) 1-358
2026-10-08 10:58:09,582 INFO o.a.j.t.o.OpenModelThreadGroup: Terminating thread org.apache.jmeter.threads.JMeterThread@5e9f7c5d
2026-10-08 10:58:09,582 INFO o.a.j.t.JMeterThread: Stopping: POST tickets (intake) 1-352
2026-10-08 10:58:09,582 WARN o.a.j.t.JMeterThread: Interrupting: POST tickets (intake) 1-352 sampler: POST /tickets
2026-10-08 10:58:09,582 INFO o.a.j.t.JMeterThread: Thread is done: POST tickets (intake) 1-412
2026-10-08 10:58:09,582 INFO o.a.j.t.JMeterThread: Thread finished: POST tickets (intake) 1-412
2026-10-08 10:58:09,582 INFO o.a.j.t.JMeterThread: Thread is done: POST tickets (intake) 1-391
2026-10-08 10:58:09,582 INFO o.a.j.t.o.OpenModelThreadGroup: Terminating thread org.apache.jmeter.threads.JMeterThread@ac9870e
2026-10-08 10:58:09,582 INFO o.a.j.t.JMeterThread: Thread finished: POST tickets (intake) 1-391
2026-10-08 10:58:09,582 INFO o.a.j.t.JMeterThread: Stopping: POST tickets (intake) 1-368
2026-10-08 10:58:09,582 WARN o.a.j.t.JMeterThread: Interrupting: POST tickets (intake) 1-368 sampler: POST /tickets
2026-10-08 10:58:09,582 INFO o.a.j.t.JMeterThread: Thread is done: POST tickets (intake) 1-371
2026-10-08 10:58:09,582 INFO o.a.j.t.JMeterThread: Thread finished: POST tickets (intake) 1-371
2026-10-08 10:58:09,582 INFO o.a.j.t.o.OpenModelThreadGroup: Terminating thread org.apache.jmeter.threads.JMeterThread@614e5984
2026-10-08 10:58:09,582 INFO o.a.j.t.JMeterThread: Stopping: POST tickets (intake) 1-375
2026-10-08 10:58:09,582 WARN o.a.j.t.JMeterThread: Interrupting: POST tickets (intake) 1-375 sampler: POST /tickets
2026-10-08 10:58:09,582 INFO o.a.j.t.o.OpenModelThreadGroup: Terminating thread org.apache.jmeter.threads.JMeterThread@5faf9964
2026-10-08 10:58:09,582 INFO o.a.j.t.JMeterThread: Stopping: POST tickets (intake) 1-403
2026-10-08 10:58:09,582 WARN o.a.j.t.JMeterThread: Interrupting: POST tickets (intake) 1-403 sampler: POST /tickets
2026-10-08 10:58:09,582 INFO o.a.j.t.JMeterThread: Thread is done: POST tickets (intake) 1-352
2026-10-08 10:58:09,582 INFO o.a.j.t.JMeterThread: Thread finished: POST tickets (intake) 1-352
2026-10-08 10:58:09,582 INFO o.a.j.t.JMeterThread: Thread is done: POST tickets (intake) 1-368
2026-10-08 10:58:09,582 INFO o.a.j.t.JMeterThread: Thread finished: POST tickets (intake) 1-368
2026-10-08 10:58:09,582 INFO o.a.j.t.o.OpenModelThreadGroup: Terminating thread org.apache.jmeter.threads.JMeterThread@36ae377e
2026-10-08 10:58:09,582 INFO o.a.j.t.JMeterThread: Stopping: POST tickets (intake) 1-361
2026-10-08 10:58:09,582 WARN o.a.j.t.JMeterThread: Interrupting: POST tickets (intake) 1-361 sampler: POST /tickets
2026-10-08 10:58:09,583 INFO o.a.j.t.o.OpenModelThreadGroup: Terminating thread org.apache.jmeter.threads.JMeterThread@bd24c04
2026-10-08 10:58:09,583 INFO o.a.j.t.JMeterThread: Stopping: POST tickets (intake) 1-421
2026-10-08 10:58:09,583 WARN o.a.j.t.JMeterThread: Interrupting: POST tickets (intake) 1-421 sampler: POST /tickets
2026-10-08 10:58:09,583 INFO o.a.j.t.JMeterThread: Thread is done: POST tickets (intake) 1-375
2026-10-08 10:58:09,583 INFO o.a.j.t.JMeterThread: Thread finished: POST tickets (intake) 1-375
2026-10-08 10:58:09,583 INFO o.a.j.t.o.OpenModelThreadGroup: Terminating thread org.apache.jmeter.threads.JMeterThread@21b3966f
2026-10-08 10:58:09,583 INFO o.a.j.t.JMeterThread: Stopping: POST tickets (intake) 1-372
2026-10-08 10:58:09,583 WARN o.a.j.t.JMeterThread: Interrupting: POST tickets (intake) 1-372 sampler: POST /tickets
2026-10-08 10:58:09,583 INFO o.a.j.t.JMeterThread: Thread is done: POST tickets (intake) 1-403
2026-10-08 10:58:09,583 INFO o.a.j.t.JMeterThread: Thread finished: POST tickets (intake) 1-403
2026-10-08 10:58:09,583 INFO o.a.j.t.o.OpenModelThreadGroup: Terminating thread org.apache.jmeter.threads.JMeterThread@1294724a
2026-10-08 10:58:09,583 INFO o.a.j.t.JMeterThread: Stopping: POST tickets (intake) 1-381
2026-10-08 10:58:09,583 WARN o.a.j.t.JMeterThread: Interrupting: POST tickets (intake) 1-381 sampler: POST /tickets
2026-10-08 10:58:09,583 INFO o.a.j.t.JMeterThread: Thread is done: POST tickets (intake) 1-361
2026-10-08 10:58:09,583 INFO o.a.j.t.JMeterThread: Thread finished: POST tickets (intake) 1-361
2026-10-08 10:58:09,583 INFO o.a.j.t.JMeterThread: Thread is done: POST tickets (intake) 1-421
2026-10-08 10:58:09,583 INFO o.a.j.t.o.OpenModelThreadGroup: Terminating thread org.apache.jmeter.threads.JMeterThread@7f71ba97
2026-10-08 10:58:09,583 INFO o.a.j.t.JMeterThread: Thread finished: POST tickets (intake) 1-421
2026-10-08 10:58:09,583 INFO o.a.j.t.JMeterThread: Stopping: POST tickets (intake) 1-380
2026-10-08 10:58:09,583 WARN o.a.j.t.JMeterThread: Interrupting: POST tickets (intake) 1-380 sampler: POST /tickets
2026-10-08 10:58:09,583 INFO o.a.j.t.JMeterThread: Thread is done: POST tickets (intake) 1-372
2026-10-08 10:58:09,583 INFO o.a.j.t.o.OpenModelThreadGroup: Terminating thread org.apache.jmeter.threads.JMeterThread@153817df
2026-10-08 10:58:09,583 INFO o.a.j.t.JMeterThread: Thread finished: POST tickets (intake) 1-372
2026-10-08 10:58:09,583 INFO o.a.j.t.JMeterThread: Stopping: POST tickets (intake) 1-388
2026-10-08 10:58:09,583 WARN o.a.j.t.JMeterThread: Interrupting: POST tickets (intake) 1-388 sampler: POST /tickets
2026-10-08 10:58:09,583 INFO o.a.j.t.JMeterThread: Thread is done: POST tickets (intake) 1-381
2026-10-08 10:58:09,583 INFO o.a.j.t.JMeterThread: Thread finished: POST tickets (intake) 1-381
2026-10-08 10:58:09,583 INFO o.a.j.t.o.OpenModelThreadGroup: Terminating thread org.apache.jmeter.threads.JMeterThread@1ca7ea4d
2026-10-08 10:58:09,583 INFO o.a.j.t.JMeterThread: Stopping: POST tickets (intake) 1-364
2026-10-08 10:58:09,583 WARN o.a.j.t.JMeterThread: Interrupting: POST tickets (intake) 1-364 sampler: POST /tickets
2026-10-08 10:58:09,583 INFO o.a.j.t.JMeterThread: Thread is done: POST tickets (intake) 1-380
2026-10-08 10:58:09,584 INFO o.a.j.t.o.OpenModelThreadGroup: Terminating thread org.apache.jmeter.threads.JMeterThread@3d5552a5
2026-10-08 10:58:09,584 INFO o.a.j.t.JMeterThread: Stopping: POST tickets (intake) 1-413
2026-10-08 10:58:09,584 INFO o.a.j.t.JMeterThread: Thread finished: POST tickets (intake) 1-380
2026-10-08 10:58:09,584 WARN o.a.j.t.JMeterThread: Interrupting: POST tickets (intake) 1-413 sampler: POST /tickets
2026-10-08 10:58:09,584 INFO o.a.j.t.JMeterThread: Thread is done: POST tickets (intake) 1-388
2026-10-08 10:58:09,584 INFO o.a.j.t.JMeterThread: Thread finished: POST tickets (intake) 1-388
2026-10-08 10:58:09,584 INFO o.a.j.t.o.OpenModelThreadGroup: Terminating thread org.apache.jmeter.threads.JMeterThread@bc0d133
2026-10-08 10:58:09,584 INFO o.a.j.t.JMeterThread: Stopping: POST tickets (intake) 1-410
2026-10-08 10:58:09,584 WARN o.a.j.t.JMeterThread: Interrupting: POST tickets (intake) 1-410 sampler: POST /tickets
2026-10-08 10:58:09,584 INFO o.a.j.t.o.OpenModelThreadGroup: Terminating thread org.apache.jmeter.threads.JMeterThread@4f375bc1
2026-10-08 10:58:09,584 INFO o.a.j.t.JMeterThread: Stopping: POST tickets (intake) 1-370
2026-10-08 10:58:09,584 WARN o.a.j.t.JMeterThread: Interrupting: POST tickets (intake) 1-370 sampler: POST /tickets
2026-10-08 10:58:09,584 INFO o.a.j.t.JMeterThread: Thread is done: POST tickets (intake) 1-364
2026-10-08 10:58:09,584 INFO o.a.j.t.JMeterThread: Thread finished: POST tickets (intake) 1-364
2026-10-08 10:58:09,584 INFO o.a.j.t.o.OpenModelThreadGroup: Terminating thread org.apache.jmeter.threads.JMeterThread@1a4af2bc
2026-10-08 10:58:09,584 INFO o.a.j.t.JMeterThread: Stopping: POST tickets (intake) 1-394
2026-10-08 10:58:09,584 WARN o.a.j.t.JMeterThread: Interrupting: POST tickets (intake) 1-394 sampler: POST /tickets
2026-10-08 10:58:09,584 INFO o.a.j.t.o.OpenModelThreadGroup: Terminating thread org.apache.jmeter.threads.JMeterThread@58c63f38
2026-10-08 10:58:09,584 INFO o.a.j.t.JMeterThread: Stopping: POST tickets (intake) 1-406
2026-10-08 10:58:09,584 WARN o.a.j.t.JMeterThread: Interrupting: POST tickets (intake) 1-406 sampler: POST /tickets
2026-10-08 10:58:09,584 INFO o.a.j.t.JMeterThread: Thread is done: POST tickets (intake) 1-413
2026-10-08 10:58:09,584 INFO o.a.j.t.JMeterThread: Thread finished: POST tickets (intake) 1-413
2026-10-08 10:58:09,584 INFO o.a.j.t.JMeterThread: Thread is done: POST tickets (intake) 1-410
2026-10-08 10:58:09,584 INFO o.a.j.t.JMeterThread: Thread finished: POST tickets (intake) 1-410
2026-10-08 10:58:09,584 INFO o.a.j.t.JMeterThread: Thread is done: POST tickets (intake) 1-370
2026-10-08 10:58:09,584 INFO o.a.j.t.JMeterThread: Thread finished: POST tickets (intake) 1-370
2026-10-08 10:58:09,585 INFO o.a.j.t.o.OpenModelThreadGroup: Thread starting done
2026-10-08 10:58:09,585 INFO o.a.j.t.JMeterThread: Thread is done: POST tickets (intake) 1-394
2026-10-08 10:58:09,586 INFO o.a.j.t.JMeterThread: Thread finished: POST tickets (intake) 1-394
2026-10-08 10:58:09,586 INFO o.a.j.t.JMeterThread: Thread is done: POST tickets (intake) 1-406
2026-10-08 10:58:09,586 INFO o.a.j.t.JMeterThread: Thread finished: POST tickets (intake) 1-406
2026-10-08 10:58:09,589 INFO o.a.j.e.StandardJMeterEngine: Notifying test listeners of end of test
2026-10-08 10:58:09,589 INFO o.a.j.s.FileServer: Close: C:/Users/Administrator/Documents/GitHub/ICT3113_Assignment_1/step5/data/search_terms.csv
2026-10-08 10:58:09,589 INFO o.a.j.s.FileServer: Close: C:/Users/Administrator/Documents/GitHub/ICT3113_Assignment_1/step5/data/tickets_load.tsv
2026-10-08 10:58:09,590 INFO o.a.j.r.Summariser: summary +     75 in 00:00:09 =    8.4/s Avg: 182813 Min: 60983 Max: 300050 Err:    75 (100.00%) Active: 0 Started: 643 Finished: 643
2026-10-08 10:58:09,590 INFO o.a.j.r.Summariser: summary =    643 in 00:43:00 =    0.2/s Avg: 109277 Min:    12 Max: 300086 Err:   189 (29.39%)
